user_id,product_id,interaction_type,timestamp,session_id,device_type,duration_seconds,rating
user_00006,prod_00221,view,2026-03-30 11:41:18,sess_3ae4ffe5,mobile,133,
user_00142,prod_00180,like,2026-01-18 11:41:18,sess_d46ef399,mobile,49,
user_00731,prod_00139,like,2026-03-20 11:41:18,sess_77bda9fe,desktop,117,
user_00033,prod_00243,view,2026-01-03 11:41:18,sess_aa337abe,tablet,202,
user_00433,prod_00205,like,2026-03-08 11:41:18,sess_b2717b7b,tablet,228,
user_00696,prod_00449,cart,2026-03-05 11:41:18,sess_c50d2e38,desktop,74,
user_00427,prod_00284,view,2026-03-20 11:41:18,sess_4a47f795,desktop,295,
user_00950,prod_00322,view,2026-02-10 11:41:18,sess_f80e4821,desktop,54,
user_00142,prod_00270,view,2026-01-25 11:41:18,sess_4eac7bea,tablet,188,
user_00480,prod_00182,view,2026-02-06 11:41:18,sess_227419a0,desktop,19,
user_00935,prod_00287,like,2026-01-11 11:41:18,sess_c91862bb,desktop,129,
user_00595,prod_00263,view,2026-01-20 11:41:18,sess_b5c2fcc8,tablet,155,
user_00055,prod_00387,view,2026-01-04 11:41:18,sess_30c8ab25,mobile,241,
user_00827,prod_00391,cart,2026-02-24 11:41:18,sess_c790ee96,tablet,59,
user_00342,prod_00305,like,2026-03-23 11:41:18,sess_f35023bb,mobile,266,
user_00758,prod_00368,like,2026-01-26 11:41:18,sess_8143a3f7,mobile,119,
user_00917,prod_00346,view,2026-02-19 11:41:18,sess_63c0cb11,tablet,8,
user_00825,prod_00249,view,2026-03-30 11:41:18,sess_92bc0cf6,mobile,66,
user_00533,prod_00050,view,2026-01-29 11:41:18,sess_f356f7ca,mobile,263,
user_00455,prod_00201,like,2026-03-07 11:41:18,sess_96935d5c,mobile,284,
user_00267,prod_00421,like,2026-01-08 11:41:18,sess_5d4c2c9d,mobile,99,
user_00146,prod_00420,view,2025-12-31 11:41:18,sess_856fdf8d,tablet,107,
user_00488,prod_00246,view,2026-03-18 11:41:18,sess_dbde036a,tablet,257,
user_00377,prod_00342,view,2025-12-31 11:41:18,sess_997384a6,mobile,242,
user_00427,prod_00417,view,2026-02-22 11:41:18,sess_04e29abb,desktop,66,
user_00578,prod_00200,view,2026-03-26 11:41:18,sess_29d5f586,tablet,232,
user_00044,prod_00465,like,2026-02-23 11:41:18,sess_33ebae17,mobile,86,
user_00367,prod_00257,view,2025-12-30 11:41:18,sess_68104395,tablet,204,
user_00526,prod_00033,view,2026-02-13 11:41:18,sess_6c5c6ed6,tablet,293,
user_00348,prod_00236,view,2026-01-05 11:41:18,sess_6a585f86,desktop,206,
user_00070,prod_00470,view,2026-01-29 11:41:18,sess_187e53c1,tablet,97,
user_00590,prod_00363,view,2026-02-17 11:41:18,sess_58dc9a70,tablet,183,
user_00599,prod_00317,view,2026-03-27 11:41:18,sess_bb1c272a,tablet,86,
user_00238,prod_00050,view,2026-01-03 11:41:18,sess_bc73aa97,desktop,170,
user_00779,prod_00119,view,2026-03-08 11:41:18,sess_e4b74a3e,tablet,201,
user_00774,prod_00499,cart,2026-02-26 11:41:18,sess_40efc126,mobile,24,
user_00868,prod_00384,view,2026-02-11 11:41:18,sess_fd3869a6,tablet,20,
user_00946,prod_00090,view,2026-02-01 11:41:18,sess_f6298531,desktop,73,
user_00653,prod_00294,view,2026-01-27 11:41:18,sess_955bf549,desktop,151,
user_00231,prod_00104,view,2026-01-22 11:41:18,sess_c6a0ab5b,mobile,49,
user_00597,prod_00013,view,2026-03-13 11:41:18,sess_1952ffa3,mobile,189,
user_00793,prod_00209,view,2026-01-02 11:41:18,sess_80499cc9,tablet,275,
user_00509,prod_00098,view,2026-01-29 11:41:18,sess_d02c2d5c,tablet,185,
user_00366,prod_00317,like,2026-03-21 11:41:18,sess_05c6f05c,tablet,45,
user_00131,prod_00401,view,2026-01-26 11:41:18,sess_832902ad,mobile,31,
user_00616,prod_00277,view,2026-02-21 11:41:18,sess_e39d2f77,desktop,204,
user_00721,prod_00184,like,2026-01-21 11:41:18,sess_1876e530,tablet,128,
user_00874,prod_00266,view,2026-03-23 11:41:18,sess_e39db085,tablet,61,
user_00597,prod_00242,view,2026-03-26 11:41:18,sess_b112294f,desktop,220,
user_00268,prod_00103,cart,2026-03-04 11:41:18,sess_5a3435b2,tablet,173,
user_00947,prod_00388,view,2026-03-21 11:41:18,sess_e0528345,tablet,23,
user_00355,prod_00037,view,2026-01-11 11:41:18,sess_31c422eb,mobile,287,
user_00491,prod_00485,view,2026-03-25 11:41:18,sess_23d1c3b0,mobile,23,
user_00509,prod_00260,view,2026-02-03 11:41:18,sess_14660b14,desktop,160,
user_00801,prod_00436,view,2026-03-23 11:41:18,sess_79350ad8,mobile,105,
user_00548,prod_00312,view,2026-03-28 11:41:18,sess_14aab783,tablet,251,
user_00054,prod_00199,view,2026-02-03 11:41:18,sess_893e6cbb,tablet,223,
user_00563,prod_00071,view,2026-01-11 11:41:18,sess_33f5bd72,desktop,185,
user_00199,prod_00176,purchase,2026-03-29 11:41:18,sess_0eb5bcb5,mobile,216,4.0
user_00910,prod_00414,cart,2026-02-27 11:41:18,sess_bb4446d6,mobile,44,
user_00059,prod_00065,view,2026-03-25 11:41:18,sess_3ed356e8,desktop,184,
user_00617,prod_00336,cart,2026-02-08 11:41:18,sess_5a85d52f,desktop,67,
user_00673,prod_00040,view,2026-01-20 11:41:18,sess_6f219cf6,mobile,258,
user_00723,prod_00377,like,2026-02-20 11:41:18,sess_bd548120,desktop,287,
user_00300,prod_00445,view,2026-02-24 11:41:18,sess_3fd51481,desktop,282,
user_00516,prod_00054,view,2026-02-06 11:41:18,sess_25a860be,tablet,253,
user_00287,prod_00041,like,2026-02-19 11:41:18,sess_673d4f4c,tablet,288,
user_00216,prod_00063,purchase,2026-02-28 11:41:18,sess_7869e521,tablet,230,3.6
user_00465,prod_00488,view,2026-03-26 11:41:18,sess_a42f4c22,desktop,147,
user_00603,prod_00197,cart,2026-02-23 11:41:18,sess_bc5ac379,tablet,201,
user_00508,prod_00010,view,2026-03-25 11:41:18,sess_2fb4209b,mobile,110,
user_00389,prod_00095,view,2026-01-05 11:41:18,sess_3c28f21c,desktop,21,
user_00555,prod_00391,like,2026-02-15 11:41:18,sess_5b87a05c,desktop,115,
user_00776,prod_00015,like,2026-03-23 11:41:18,sess_b61701ba,mobile,288,
user_00398,prod_00488,like,2026-01-16 11:41:18,sess_d79a892e,tablet,295,
user_00788,prod_00266,view,2026-02-10 11:41:18,sess_0aa2c55d,desktop,126,
user_00136,prod_00465,view,2026-01-02 11:41:18,sess_3f618571,desktop,48,
user_00256,prod_00395,view,2026-02-08 11:41:18,sess_e6d11cb5,mobile,145,
user_00371,prod_00138,like,2026-03-15 11:41:18,sess_cb1afff8,desktop,296,
user_00677,prod_00165,purchase,2026-03-29 11:41:18,sess_ac580f4e,desktop,23,4.9
user_00492,prod_00327,view,2026-01-15 11:41:18,sess_868096f9,mobile,146,
user_00919,prod_00313,like,2026-02-23 11:41:18,sess_9749238a,desktop,258,
user_00131,prod_00117,view,2026-01-10 11:41:18,sess_4aa5410f,tablet,30,
user_00239,prod_00059,view,2026-01-25 11:41:18,sess_c9911ba3,desktop,167,
user_00043,prod_00284,view,2026-02-25 11:41:18,sess_07efd1a2,desktop,13,
user_00695,prod_00433,view,2026-03-25 11:41:18,sess_1135a46f,tablet,125,
user_00359,prod_00056,view,2026-03-16 11:41:18,sess_10f57e8e,tablet,44,
user_00243,prod_00105,view,2026-01-02 11:41:18,sess_f7c0949b,desktop,41,
user_00658,prod_00219,view,2026-02-17 11:41:18,sess_7852bb56,tablet,189,
user_00344,prod_00500,like,2026-02-21 11:41:18,sess_3d561620,tablet,20,
user_00165,prod_00189,view,2026-03-11 11:41:18,sess_2c508964,tablet,18,
user_00109,prod_00312,like,2026-01-24 11:41:18,sess_c87d21ee,tablet,181,
user_00963,prod_00111,cart,2026-03-11 11:41:18,sess_4decb3db,desktop,45,
user_00979,prod_00040,view,2026-01-16 11:41:18,sess_a23cd865,tablet,285,
user_00752,prod_00215,purchase,2026-01-29 11:41:18,sess_fe3f2a2e,tablet,273,3.1
user_00325,prod_00138,like,2026-02-27 11:41:18,sess_afd78872,desktop,123,
user_00467,prod_00162,view,2026-02-02 11:41:18,sess_93751629,tablet,214,
user_00371,prod_00041,view,2026-03-21 11:41:18,sess_4359f362,desktop,252,
user_00620,prod_00118,like,2026-03-14 11:41:18,sess_eca29b29,tablet,130,
user_00796,prod_00466,view,2026-01-04 11:41:18,sess_3c5f9552,mobile,138,
user_00815,prod_00147,view,2026-03-20 11:41:18,sess_134513bb,desktop,220,
user_00518,prod_00076,view,2026-03-05 11:41:18,sess_262f79b8,mobile,237,
user_00016,prod_00086,view,2026-01-19 11:41:18,sess_8381653c,tablet,245,
user_00761,prod_00052,purchase,2026-03-09 11:41:18,sess_cde62e65,mobile,72,3.1
user_00543,prod_00471,like,2026-01-18 11:41:18,sess_c1d5c733,mobile,155,
user_00122,prod_00173,view,2026-01-11 11:41:18,sess_a152638d,mobile,28,
user_00076,prod_00379,like,2026-02-03 11:41:18,sess_030b22cf,desktop,249,
user_00717,prod_00069,like,2026-01-24 11:41:18,sess_5aedc431,mobile,82,
user_00918,prod_00004,view,2026-01-31 11:41:18,sess_a200192d,desktop,169,
user_00450,prod_00091,cart,2026-02-20 11:41:18,sess_2e0126c6,desktop,179,
user_00050,prod_00289,view,2026-02-09 11:41:18,sess_5178860f,desktop,96,
user_00977,prod_00074,like,2026-03-04 11:41:18,sess_ba4980c7,desktop,270,
user_00285,prod_00295,view,2026-02-22 11:41:18,sess_a0656f06,mobile,65,
user_00295,prod_00141,view,2026-03-09 11:41:18,sess_f6b3989f,desktop,137,
user_00621,prod_00386,like,2026-03-04 11:41:18,sess_582c6578,tablet,265,
user_00773,prod_00087,view,2026-03-25 11:41:18,sess_96d39820,tablet,280,
user_00819,prod_00100,view,2026-03-27 11:41:18,sess_3dcc83c3,desktop,109,
user_00289,prod_00483,like,2026-02-21 11:41:18,sess_837189e8,mobile,66,
user_00456,prod_00456,view,2026-03-19 11:41:18,sess_4abcb605,mobile,147,
user_00750,prod_00343,like,2026-03-02 11:41:18,sess_efd5f553,tablet,43,
user_00335,prod_00081,view,2026-01-09 11:41:18,sess_08609826,tablet,267,
user_00689,prod_00398,like,2026-02-03 11:41:18,sess_c52fbe1c,mobile,271,
user_00326,prod_00098,like,2026-01-14 11:41:18,sess_c3664e3c,desktop,117,
user_00690,prod_00101,view,2026-01-27 11:41:18,sess_bbd51949,mobile,259,
user_00290,prod_00068,view,2026-03-19 11:41:18,sess_002ce139,tablet,114,
user_00004,prod_00223,view,2026-01-11 11:41:18,sess_9749aa7d,mobile,96,
user_00040,prod_00215,view,2026-01-09 11:41:18,sess_acb0f17e,tablet,125,
user_00654,prod_00179,view,2026-03-07 11:41:18,sess_98361de8,desktop,123,
user_00897,prod_00150,view,2026-01-09 11:41:18,sess_ed2338c3,desktop,187,
user_00557,prod_00247,view,2026-03-16 11:41:18,sess_9e622938,desktop,219,
user_00993,prod_00229,view,2026-02-04 11:41:18,sess_2fd0493d,mobile,95,
user_00476,prod_00490,view,2026-02-14 11:41:18,sess_adf30ced,tablet,208,
user_00722,prod_00066,like,2026-01-02 11:41:18,sess_a8940bb2,mobile,19,
user_00298,prod_00138,purchase,2026-02-17 11:41:18,sess_6dcc22be,desktop,167,2.6
user_00829,prod_00227,view,2026-03-24 11:41:18,sess_7b6245a8,desktop,253,
user_00746,prod_00113,view,2026-03-25 11:41:18,sess_cbdfa65b,desktop,234,
user_00420,prod_00114,view,2026-01-09 11:41:18,sess_21ad26d5,mobile,173,
user_00133,prod_00310,cart,2026-02-10 11:41:18,sess_ec5c20c2,mobile,175,
user_00935,prod_00181,view,2026-01-23 11:41:18,sess_f90a13f0,mobile,190,
user_00549,prod_00102,like,2026-02-21 11:41:18,sess_bfcc3a4c,mobile,196,
user_00340,prod_00212,view,2026-02-27 11:41:18,sess_fc2e930e,mobile,23,
user_00866,prod_00011,view,2026-01-27 11:41:18,sess_745ae46c,mobile,85,
user_00290,prod_00155,view,2026-01-01 11:41:18,sess_de4af88d,mobile,22,
user_00279,prod_00384,like,2026-02-24 11:41:18,sess_8d87dc0a,mobile,44,
user_00076,prod_00259,view,2026-01-20 11:41:18,sess_49a026d6,tablet,82,
user_00098,prod_00377,view,2026-01-12 11:41:18,sess_09fc93ec,desktop,170,
user_00436,prod_00263,view,2026-01-31 11:41:18,sess_4841566e,mobile,56,
user_00271,prod_00497,view,2026-02-04 11:41:18,sess_4cdd5eec,mobile,118,
user_00991,prod_00209,view,2025-12-31 11:41:18,sess_82cbbf0b,tablet,264,
user_00251,prod_00196,like,2026-01-20 11:41:18,sess_0e4db3fc,tablet,60,
user_00464,prod_00115,view,2026-03-01 11:41:18,sess_f0260d95,desktop,194,
user_00489,prod_00289,view,2026-02-16 11:41:18,sess_e4d9c66f,mobile,47,
user_00098,prod_00288,view,2026-01-27 11:41:18,sess_36391d4c,tablet,132,
user_00086,prod_00073,view,2026-01-29 11:41:18,sess_5920da62,tablet,295,
user_00779,prod_00120,like,2026-02-15 11:41:18,sess_cd7b715a,mobile,23,
user_00330,prod_00353,like,2026-01-18 11:41:18,sess_1bc68e24,desktop,284,
user_00512,prod_00161,view,2025-12-30 11:41:18,sess_45ddf1af,desktop,268,
user_00569,prod_00440,purchase,2026-03-14 11:41:18,sess_61532c4c,mobile,87,3.1
user_00125,prod_00086,view,2026-03-16 11:41:18,sess_15da16b6,mobile,222,
user_00508,prod_00088,view,2026-01-19 11:41:18,sess_1ac24533,desktop,209,
user_00010,prod_00152,view,2026-02-21 11:41:18,sess_c3fb39e5,tablet,143,
user_00536,prod_00166,view,2026-03-09 11:41:18,sess_75104daf,mobile,153,
user_00536,prod_00351,like,2026-01-12 11:41:18,sess_f97eacb5,desktop,246,
user_00474,prod_00108,like,2026-03-13 11:41:18,sess_0531e9b3,mobile,273,
user_00733,prod_00425,view,2026-02-05 11:41:18,sess_59b3b1bf,mobile,81,
user_00482,prod_00035,view,2026-03-06 11:41:18,sess_4d6d250d,mobile,53,
user_00551,prod_00235,view,2026-01-10 11:41:18,sess_0ff4ebce,desktop,85,
user_00069,prod_00180,view,2026-03-29 11:41:18,sess_cee3cabc,mobile,145,
user_00292,prod_00421,view,2026-02-19 11:41:18,sess_fc49720f,desktop,211,
user_00957,prod_00131,view,2026-03-11 11:41:18,sess_3ee2b3e3,mobile,115,
user_00287,prod_00092,view,2026-03-14 11:41:18,sess_06f2abef,tablet,201,
user_00339,prod_00295,like,2026-01-29 11:41:18,sess_f15f727c,mobile,91,
user_00003,prod_00402,cart,2026-01-11 11:41:18,sess_44195b34,mobile,78,
user_00169,prod_00244,view,2026-03-24 11:41:18,sess_dddfc993,mobile,266,
user_00827,prod_00226,view,2026-02-17 11:41:18,sess_7589b400,desktop,261,
user_00779,prod_00061,view,2026-02-10 11:41:18,sess_e2696f39,desktop,247,
user_00364,prod_00160,view,2026-01-12 11:41:18,sess_d1e28092,mobile,90,
user_00969,prod_00325,like,2026-01-27 11:41:18,sess_d1445570,tablet,133,
user_00702,prod_00062,view,2026-03-08 11:41:18,sess_8ea0dcbb,mobile,192,
user_00876,prod_00239,like,2026-03-06 11:41:18,sess_eb33e479,desktop,196,
user_00184,prod_00478,view,2026-02-12 11:41:18,sess_b5e8a558,tablet,104,
user_00006,prod_00301,view,2026-02-11 11:41:18,sess_01169d68,desktop,262,
user_00944,prod_00007,view,2026-02-23 11:41:18,sess_86467279,tablet,250,
user_00408,prod_00023,view,2026-03-23 11:41:18,sess_aa85dbab,tablet,20,
user_00884,prod_00368,like,2026-01-29 11:41:18,sess_7aa79891,tablet,284,
user_00827,prod_00054,view,2026-01-11 11:41:18,sess_fd5e2b56,tablet,83,
user_00723,prod_00377,cart,2026-02-05 11:41:18,sess_d4e8a25f,mobile,33,
user_00455,prod_00327,view,2026-01-20 11:41:18,sess_f777078b,desktop,104,
user_00671,prod_00315,view,2026-01-03 11:41:18,sess_e51b985e,desktop,91,
user_00928,prod_00301,view,2026-01-04 11:41:18,sess_3e70f483,desktop,218,
user_00858,prod_00342,view,2026-01-25 11:41:18,sess_1dd67ce7,mobile,141,
user_00086,prod_00089,view,2026-01-12 11:41:18,sess_972ec584,mobile,263,
user_00420,prod_00089,view,2026-01-18 11:41:18,sess_4deef435,desktop,65,
user_00350,prod_00239,view,2026-01-30 11:41:18,sess_87698b91,mobile,64,
user_00941,prod_00047,like,2026-03-28 11:41:18,sess_43e81f11,mobile,10,
user_00223,prod_00327,view,2026-02-27 11:41:18,sess_f3ad32fb,desktop,102,
user_00766,prod_00387,view,2026-02-10 11:41:18,sess_829d758b,tablet,151,
user_00183,prod_00143,view,2026-02-06 11:41:18,sess_3ea614f5,mobile,101,
user_00280,prod_00453,view,2026-02-21 11:41:18,sess_a0fd7546,desktop,230,
user_00271,prod_00048,view,2026-02-12 11:41:18,sess_fc0d105a,desktop,272,
user_00461,prod_00425,view,2026-01-15 11:41:18,sess_cd0433cf,desktop,84,
user_00551,prod_00292,like,2026-01-02 11:41:18,sess_0d0ca253,desktop,111,
user_00351,prod_00359,view,2026-03-04 11:41:18,sess_e82ec002,desktop,116,
user_00479,prod_00134,like,2026-01-29 11:41:18,sess_3f743579,mobile,244,
user_00601,prod_00166,view,2026-01-05 11:41:18,sess_3afb6ba7,tablet,22,
user_00331,prod_00360,view,2026-03-29 11:41:18,sess_d563fb1e,mobile,220,
user_00487,prod_00172,view,2026-03-18 11:41:18,sess_46947724,mobile,188,
user_00314,prod_00084,view,2026-03-28 11:41:18,sess_76179ecc,desktop,238,
user_00608,prod_00295,like,2026-02-11 11:41:18,sess_51802596,tablet,177,
user_00495,prod_00348,view,2026-03-01 11:41:18,sess_98cd8db7,tablet,60,
user_00432,prod_00219,purchase,2026-01-24 11:41:18,sess_3a422d1d,mobile,158,4.5
user_00989,prod_00358,like,2026-01-05 11:41:18,sess_d489d57f,desktop,32,
user_00994,prod_00047,cart,2026-02-14 11:41:18,sess_8381cb11,desktop,207,
user_00170,prod_00236,view,2026-03-05 11:41:18,sess_4c5175ef,mobile,159,
user_00315,prod_00042,view,2026-03-04 11:41:18,sess_bb0c4cfc,desktop,51,
user_00742,prod_00126,view,2026-02-11 11:41:18,sess_8a6b6e22,mobile,249,
user_00164,prod_00177,view,2026-01-02 11:41:18,sess_c99d0194,desktop,113,
user_00935,prod_00242,like,2026-03-18 11:41:18,sess_5baf9c99,desktop,70,
user_00326,prod_00391,view,2026-02-17 11:41:18,sess_a00c02cd,desktop,222,
user_00612,prod_00202,view,2026-01-04 11:41:18,sess_a4dd3086,tablet,18,
user_00228,prod_00454,like,2026-03-30 11:41:18,sess_c1e091bb,tablet,208,
user_00937,prod_00040,view,2026-03-06 11:41:18,sess_df96cdda,mobile,113,
user_00310,prod_00223,view,2026-01-06 11:41:18,sess_22d2ed16,mobile,222,
user_00155,prod_00146,view,2026-01-28 11:41:18,sess_41a777f1,mobile,138,
user_00982,prod_00489,view,2026-02-08 11:41:18,sess_ef758b6b,tablet,269,
user_00855,prod_00055,like,2026-01-06 11:41:18,sess_a0db809d,desktop,11,
user_00165,prod_00164,view,2026-02-09 11:41:18,sess_68ffa9e6,tablet,237,
user_00012,prod_00249,view,2026-03-24 11:41:18,sess_338d2aa0,desktop,222,
user_00265,prod_00380,view,2026-02-01 11:41:18,sess_730da96c,tablet,195,
user_00800,prod_00243,like,2026-03-08 11:41:18,sess_334511ae,desktop,277,
user_00778,prod_00197,view,2026-02-15 11:41:18,sess_7209a075,tablet,137,
user_00203,prod_00264,view,2026-01-30 11:41:18,sess_52701ace,desktop,25,
user_00125,prod_00445,view,2026-03-24 11:41:18,sess_8b7a9339,tablet,194,
user_00259,prod_00218,view,2026-03-27 11:41:18,sess_6527f0b3,tablet,141,
user_00184,prod_00151,view,2026-02-01 11:41:18,sess_e0e5a20e,desktop,157,
user_00652,prod_00019,view,2026-03-26 11:41:18,sess_6abe21d0,tablet,207,
user_00255,prod_00090,view,2026-03-14 11:41:18,sess_bd5cab19,tablet,79,
user_00649,prod_00253,like,2026-01-10 11:41:18,sess_57b4017e,mobile,273,
user_00583,prod_00235,view,2026-02-11 11:41:18,sess_8c06ed99,mobile,80,
user_00624,prod_00371,view,2026-03-20 11:41:18,sess_82ca9156,desktop,159,
user_00433,prod_00206,view,2026-02-26 11:41:18,sess_ce9c629d,tablet,45,
user_00857,prod_00468,like,2026-02-20 11:41:18,sess_3f31155f,tablet,268,
user_00553,prod_00438,view,2026-03-24 11:41:18,sess_fc1062cb,desktop,298,
user_00485,prod_00111,view,2026-01-01 11:41:18,sess_f03a5260,mobile,146,
user_00514,prod_00344,view,2026-03-07 11:41:18,sess_b445001d,tablet,150,
user_00280,prod_00003,view,2026-02-05 11:41:18,sess_32ade584,tablet,71,
user_00282,prod_00137,view,2026-01-08 11:41:18,sess_2d43cfb7,desktop,54,
user_00227,prod_00116,like,2026-01-12 11:41:18,sess_b7abfc3a,desktop,220,
user_00651,prod_00305,view,2026-01-29 11:41:18,sess_0eb54947,tablet,11,
user_00352,prod_00175,view,2026-02-02 11:41:18,sess_04eff801,mobile,241,
user_00875,prod_00381,view,2025-12-31 11:41:18,sess_7dfae60e,mobile,204,
user_00262,prod_00207,view,2026-01-16 11:41:18,sess_f67e4232,mobile,254,
user_00575,prod_00177,view,2026-01-22 11:41:18,sess_c56f6a6c,desktop,160,
user_00299,prod_00385,view,2026-01-30 11:41:18,sess_346d8f63,mobile,84,
user_00640,prod_00300,view,2026-01-17 11:41:18,sess_a820532e,desktop,217,
user_00784,prod_00012,view,2026-01-27 11:41:18,sess_12a38c3d,mobile,197,
user_00944,prod_00276,view,2026-03-15 11:41:18,sess_06a5550c,mobile,207,
user_00224,prod_00109,view,2026-03-08 11:41:18,sess_82eb9800,mobile,210,
user_00564,prod_00210,like,2026-02-18 11:41:18,sess_cdec61de,desktop,59,
user_00681,prod_00453,view,2026-01-21 11:41:18,sess_55907e42,desktop,120,
user_00880,prod_00207,like,2026-03-10 11:41:18,sess_3f6e0bc6,mobile,209,
user_00296,prod_00002,like,2026-03-18 11:41:18,sess_1ae07879,desktop,219,
user_00998,prod_00215,view,2026-03-27 11:41:18,sess_6aca9c07,tablet,119,
user_00142,prod_00313,view,2026-02-06 11:41:18,sess_1c457ddd,mobile,171,
user_00625,prod_00128,view,2026-01-29 11:41:18,sess_f0c73047,tablet,51,
user_00975,prod_00190,like,2026-01-19 11:41:18,sess_80ae236f,tablet,103,
user_00871,prod_00468,view,2026-02-28 11:41:18,sess_a6656ecd,mobile,246,
user_00960,prod_00365,view,2026-02-21 11:41:18,sess_c7f5106e,mobile,20,
user_00212,prod_00296,view,2026-01-02 11:41:18,sess_ce351438,tablet,232,
user_00248,prod_00408,like,2026-01-12 11:41:18,sess_f6eb8cc0,desktop,86,
user_00251,prod_00237,view,2026-03-26 11:41:18,sess_22995841,tablet,213,
user_00888,prod_00267,cart,2026-02-05 11:41:18,sess_e22af58b,desktop,280,
user_00124,prod_00367,view,2026-03-23 11:41:18,sess_b8bfb99f,desktop,208,
user_00849,prod_00422,view,2026-01-24 11:41:18,sess_4ef900cc,tablet,230,
user_00439,prod_00404,view,2026-02-25 11:41:18,sess_42d0a458,tablet,62,
user_00740,prod_00087,view,2026-02-15 11:41:18,sess_154a6f7b,mobile,129,
user_00815,prod_00248,view,2026-02-16 11:41:18,sess_0c5f3503,tablet,42,
user_00470,prod_00461,like,2026-01-01 11:41:18,sess_61104d59,desktop,174,
user_00807,prod_00231,view,2026-01-13 11:41:18,sess_e79e4bdc,mobile,76,
user_00152,prod_00268,view,2026-02-11 11:41:18,sess_eaaaf96f,tablet,190,
user_00731,prod_00150,like,2026-01-29 11:41:18,sess_be0a8876,tablet,230,
user_00690,prod_00151,like,2026-02-21 11:41:18,sess_3396c248,desktop,136,
user_00653,prod_00117,like,2026-03-29 11:41:18,sess_7d8f464e,desktop,191,
user_00739,prod_00261,view,2026-03-09 11:41:18,sess_0971849d,desktop,84,
user_00602,prod_00437,view,2026-02-10 11:41:18,sess_f0a009b0,desktop,91,
user_00892,prod_00269,view,2026-02-10 11:41:18,sess_90bfbc93,mobile,38,
user_00351,prod_00116,view,2026-03-11 11:41:18,sess_a8798fdb,desktop,66,
user_00666,prod_00101,view,2026-01-17 11:41:18,sess_70488883,tablet,11,
user_00861,prod_00383,purchase,2026-01-09 11:41:18,sess_4bed11dc,mobile,173,3.0
user_00278,prod_00284,cart,2026-01-17 11:41:18,sess_885660b0,tablet,131,
user_00251,prod_00132,view,2026-01-06 11:41:18,sess_bc67e82e,mobile,121,
user_00707,prod_00368,view,2026-01-12 11:41:18,sess_e95441b8,desktop,287,
user_00285,prod_00047,like,2026-03-14 11:41:18,sess_075617d8,tablet,160,
user_00063,prod_00107,view,2026-01-15 11:41:18,sess_66e3df76,desktop,242,
user_00101,prod_00275,view,2026-01-08 11:41:18,sess_317d169a,mobile,105,
user_00490,prod_00060,view,2026-03-05 11:41:18,sess_b6b5b91f,mobile,282,
user_00604,prod_00111,view,2026-03-29 11:41:18,sess_5ce6a776,tablet,225,
user_00882,prod_00464,like,2026-01-14 11:41:18,sess_d80faef8,tablet,238,
user_00001,prod_00129,view,2026-01-26 11:41:18,sess_d5641e4d,tablet,95,
user_00337,prod_00260,view,2026-01-07 11:41:18,sess_10c9b227,desktop,140,
user_00889,prod_00273,view,2026-01-03 11:41:18,sess_c0348900,tablet,262,
user_00317,prod_00321,view,2026-03-07 11:41:18,sess_5b8bfe79,desktop,8,
user_00327,prod_00458,view,2026-03-08 11:41:18,sess_878f66bf,mobile,226,
user_00690,prod_00156,like,2026-01-21 11:41:18,sess_44beeb4f,mobile,104,
user_00798,prod_00056,view,2026-01-25 11:41:18,sess_508a1787,desktop,168,
user_00785,prod_00272,view,2026-02-20 11:41:18,sess_940a2f10,tablet,112,
user_00585,prod_00345,view,2026-03-06 11:41:18,sess_83d05d9e,desktop,92,
user_00873,prod_00081,view,2026-01-23 11:41:18,sess_3b5263e9,desktop,218,
user_00799,prod_00372,view,2026-02-25 11:41:18,sess_c813a943,desktop,160,
user_00380,prod_00075,view,2026-02-13 11:41:18,sess_3ce615b6,tablet,166,
user_00461,prod_00158,view,2026-02-05 11:41:18,sess_e95d6010,mobile,211,
user_00057,prod_00496,view,2026-03-13 11:41:18,sess_bf3b3475,desktop,145,
user_00020,prod_00420,view,2026-02-26 11:41:18,sess_11633aa0,desktop,196,
user_00025,prod_00165,like,2026-03-05 11:41:18,sess_8d465cdc,mobile,262,
user_00451,prod_00439,view,2026-02-27 11:41:18,sess_0432e9d0,mobile,171,
user_00741,prod_00246,like,2026-02-09 11:41:18,sess_2ca66a62,tablet,254,
user_00256,prod_00144,view,2026-03-23 11:41:18,sess_937cea0a,tablet,180,
user_00283,prod_00276,view,2026-02-22 11:41:18,sess_9e188583,mobile,246,
user_00138,prod_00451,view,2026-02-06 11:41:18,sess_2b010acf,mobile,82,
user_00604,prod_00154,view,2026-02-02 11:41:18,sess_d963890f,mobile,172,
user_00587,prod_00280,view,2026-02-21 11:41:18,sess_357efdab,tablet,16,
user_00144,prod_00396,like,2026-02-12 11:41:18,sess_45772d2f,desktop,114,
user_00189,prod_00165,view,2026-02-12 11:41:18,sess_9fb96368,desktop,106,
user_00694,prod_00498,view,2026-03-28 11:41:18,sess_2ec62ef9,mobile,66,
user_00658,prod_00211,view,2026-01-27 11:41:18,sess_96156a85,mobile,275,
user_00062,prod_00468,view,2026-02-03 11:41:18,sess_f2446084,mobile,263,
user_00895,prod_00409,like,2026-01-08 11:41:18,sess_b5416415,mobile,43,
user_00579,prod_00048,view,2026-01-24 11:41:18,sess_4e014f64,mobile,298,
user_00945,prod_00240,like,2026-02-23 11:41:18,sess_d383603f,desktop,236,
user_00911,prod_00451,view,2026-03-21 11:41:18,sess_73a74275,mobile,299,
user_00348,prod_00233,like,2026-01-10 11:41:18,sess_f88d8d1c,desktop,14,
user_00009,prod_00116,view,2026-02-25 11:41:18,sess_0e02ccae,mobile,172,
user_00546,prod_00235,like,2026-01-16 11:41:18,sess_f9a5e4e4,mobile,101,
user_00792,prod_00076,view,2026-03-18 11:41:18,sess_5c720042,mobile,278,
user_00617,prod_00484,like,2026-02-17 11:41:18,sess_da507955,desktop,122,
user_00674,prod_00107,view,2026-02-04 11:41:18,sess_9ef1ed70,desktop,124,
user_00959,prod_00471,cart,2026-02-02 11:41:18,sess_d9d5b040,mobile,197,
user_00027,prod_00228,view,2026-02-01 11:41:18,sess_2a5e81ce,desktop,209,
user_00204,prod_00106,view,2026-03-15 11:41:18,sess_3bf5475f,mobile,94,
user_00519,prod_00468,view,2026-03-04 11:41:18,sess_eb2b27ba,mobile,255,
user_00759,prod_00310,like,2026-03-19 11:41:18,sess_d25ce775,tablet,189,
user_00490,prod_00131,cart,2026-02-10 11:41:18,sess_429469ce,desktop,209,
user_00985,prod_00440,view,2026-02-19 11:41:18,sess_9899aab7,mobile,227,
user_00969,prod_00435,view,2025-12-31 11:41:18,sess_87acca36,mobile,204,
user_00897,prod_00242,like,2026-02-17 11:41:18,sess_7ceaeb6b,mobile,77,
user_00868,prod_00128,view,2026-03-14 11:41:18,sess_6f9ed15a,tablet,84,
user_00144,prod_00356,cart,2026-03-04 11:41:18,sess_7cf87097,tablet,155,
user_00381,prod_00317,like,2026-01-23 11:41:18,sess_34b96008,mobile,97,
user_00374,prod_00451,cart,2026-03-04 11:41:18,sess_f8736aab,desktop,211,
user_00641,prod_00192,view,2026-03-27 11:41:18,sess_4e9eefbc,mobile,174,
user_00030,prod_00456,view,2026-03-12 11:41:18,sess_165daa4f,desktop,28,
user_00553,prod_00194,view,2026-03-29 11:41:18,sess_4dc71900,desktop,119,
user_00095,prod_00215,view,2026-01-29 11:41:18,sess_72f0400d,desktop,217,
user_00877,prod_00460,view,2026-01-12 11:41:18,sess_093025a9,tablet,5,
user_00319,prod_00244,like,2026-01-20 11:41:18,sess_81e631c1,desktop,54,
user_00490,prod_00253,view,2026-01-24 11:41:18,sess_2c40933a,mobile,78,
user_00231,prod_00338,like,2026-01-11 11:41:18,sess_71f54114,mobile,132,
user_00232,prod_00129,like,2026-01-30 11:41:18,sess_b0d2d007,tablet,271,
user_00530,prod_00296,cart,2026-02-04 11:41:18,sess_7ddcc3cc,desktop,79,
user_00594,prod_00378,like,2026-03-05 11:41:18,sess_930fc55d,mobile,12,
user_00147,prod_00325,like,2026-03-29 11:41:18,sess_feeab276,tablet,251,
user_00496,prod_00440,view,2026-01-16 11:41:18,sess_ce4a2056,desktop,236,
user_00220,prod_00233,view,2026-03-15 11:41:18,sess_dd492cf1,tablet,148,
user_00672,prod_00394,view,2026-03-07 11:41:18,sess_06f0a2d4,desktop,179,
user_00827,prod_00447,purchase,2026-02-15 11:41:18,sess_250aead8,tablet,139,1.3
user_00375,prod_00219,cart,2026-03-01 11:41:18,sess_c4025fa2,desktop,61,
user_00124,prod_00282,view,2026-02-14 11:41:18,sess_6774f4b6,desktop,236,
user_00447,prod_00284,like,2026-01-24 11:41:18,sess_fef47891,mobile,77,
user_00861,prod_00349,like,2026-01-22 11:41:18,sess_7784a3a3,tablet,82,
user_00577,prod_00441,like,2026-01-22 11:41:18,sess_b3c3ec59,mobile,196,
user_00163,prod_00052,view,2026-01-10 11:41:18,sess_e56bc9cb,mobile,82,
user_00554,prod_00483,like,2026-02-07 11:41:18,sess_38fd8626,desktop,204,
user_00923,prod_00268,like,2026-02-20 11:41:18,sess_d8f90ca3,mobile,43,
user_00258,prod_00363,view,2026-01-11 11:41:18,sess_93b86549,tablet,39,
user_00061,prod_00387,view,2026-01-28 11:41:18,sess_e9aebf07,mobile,129,
user_00401,prod_00403,view,2026-02-08 11:41:18,sess_954b714c,tablet,104,
user_00255,prod_00428,view,2026-02-23 11:41:18,sess_b9bac557,mobile,210,
user_00127,prod_00372,view,2026-03-12 11:41:18,sess_94721fa9,tablet,146,
user_00779,prod_00168,view,2026-01-23 11:41:18,sess_3d6ab49c,desktop,273,
user_00106,prod_00396,view,2026-02-02 11:41:18,sess_9e260071,desktop,68,
user_00555,prod_00381,view,2026-02-15 11:41:18,sess_575e23f2,desktop,25,
user_00391,prod_00430,view,2026-01-30 11:41:18,sess_2e2ea579,desktop,91,
user_00898,prod_00364,like,2026-01-12 11:41:18,sess_d6f887d4,tablet,190,
user_00248,prod_00446,like,2026-01-08 11:41:18,sess_04a70e75,mobile,148,
user_00863,prod_00371,like,2026-01-04 11:41:18,sess_f0445594,desktop,187,
user_00086,prod_00007,like,2026-03-02 11:41:18,sess_50cca751,tablet,227,
user_00682,prod_00137,like,2026-01-12 11:41:18,sess_ddd09568,tablet,197,
user_00622,prod_00266,view,2026-03-17 11:41:18,sess_5aa6790d,tablet,55,
user_00590,prod_00049,like,2025-12-30 11:41:18,sess_b686f920,tablet,220,
user_00835,prod_00202,view,2026-02-02 11:41:18,sess_609da967,desktop,298,
user_00885,prod_00268,like,2026-02-03 11:41:18,sess_f8c605c3,tablet,18,
user_00222,prod_00291,view,2026-02-16 11:41:18,sess_696cd705,mobile,154,
user_00943,prod_00212,like,2026-01-02 11:41:18,sess_1a408427,desktop,185,
user_00997,prod_00495,view,2026-03-24 11:41:18,sess_d645800a,desktop,239,
user_00716,prod_00326,like,2026-01-19 11:41:18,sess_55a7428f,tablet,169,
user_00759,prod_00206,like,2026-03-19 11:41:18,sess_026e7383,desktop,185,
user_00632,prod_00276,view,2026-02-19 11:41:18,sess_d23b6d3d,mobile,51,
user_00655,prod_00208,view,2026-01-08 11:41:18,sess_5fa5c54a,mobile,200,
user_00208,prod_00136,view,2026-02-02 11:41:18,sess_04ba7559,desktop,86,
user_00983,prod_00087,view,2026-03-06 11:41:18,sess_25e80b6a,tablet,163,
user_00931,prod_00260,like,2025-12-31 11:41:18,sess_0f46543b,mobile,106,
user_00096,prod_00047,cart,2026-02-15 11:41:18,sess_bf45435a,tablet,186,
user_00407,prod_00069,view,2026-02-21 11:41:18,sess_d683853e,tablet,296,
user_00995,prod_00043,purchase,2026-01-19 11:41:18,sess_ef1d938c,mobile,145,1.1
user_00230,prod_00427,view,2026-03-02 11:41:18,sess_19010cee,desktop,115,
user_00149,prod_00007,view,2026-03-28 11:41:18,sess_0b0bb757,tablet,252,
user_00859,prod_00225,view,2026-01-17 11:41:18,sess_946ffb7a,mobile,216,
user_00191,prod_00435,view,2026-02-09 11:41:18,sess_58a24ddd,tablet,138,
user_00724,prod_00408,like,2026-02-28 11:41:18,sess_abadbc8d,desktop,281,
user_00366,prod_00040,view,2025-12-31 11:41:18,sess_7e26efe7,mobile,280,
user_00593,prod_00066,like,2026-01-29 11:41:18,sess_9943971c,tablet,165,
user_00108,prod_00414,like,2026-01-19 11:41:18,sess_b88a527f,mobile,243,
user_00276,prod_00295,view,2026-02-02 11:41:18,sess_3ed2c2e6,desktop,228,
user_00067,prod_00489,view,2026-02-01 11:41:18,sess_e22c022a,tablet,34,
user_00918,prod_00178,cart,2026-01-02 11:41:18,sess_a7039b2d,desktop,38,
user_00978,prod_00369,view,2026-03-27 11:41:18,sess_08020f45,tablet,256,
user_00442,prod_00361,like,2026-01-21 11:41:18,sess_d4325c20,tablet,160,
user_00339,prod_00120,view,2026-01-20 11:41:18,sess_ddbe698d,tablet,166,
user_00884,prod_00004,like,2026-03-21 11:41:18,sess_557e8a8a,tablet,37,
user_00543,prod_00212,like,2026-03-08 11:41:18,sess_c546c4a1,mobile,20,
user_00665,prod_00476,purchase,2026-02-07 11:41:18,sess_2fbbae50,tablet,203,4.2
user_00391,prod_00357,view,2026-02-15 11:41:18,sess_a5b9529d,mobile,54,
user_00319,prod_00182,like,2026-03-07 11:41:18,sess_8d9a16ba,desktop,210,
user_00206,prod_00117,like,2026-03-18 11:41:18,sess_7198888c,tablet,136,
user_00021,prod_00451,cart,2026-02-11 11:41:18,sess_55c6decf,mobile,91,
user_00002,prod_00494,view,2026-02-09 11:41:18,sess_e0a199fd,desktop,19,
user_00820,prod_00464,like,2026-01-10 11:41:18,sess_75d4a4d9,desktop,98,
user_00549,prod_00112,view,2026-01-02 11:41:18,sess_18a32fea,mobile,196,
user_00588,prod_00091,like,2026-03-11 11:41:18,sess_abdd61ac,desktop,20,
user_00638,prod_00020,like,2026-02-14 11:41:18,sess_0366a4db,tablet,97,
user_00605,prod_00266,like,2026-01-11 11:41:18,sess_8cd03806,desktop,237,
user_00951,prod_00338,like,2026-03-22 11:41:18,sess_5dd2d9d2,desktop,131,
user_00375,prod_00073,like,2026-03-25 11:41:18,sess_557a9fbc,desktop,35,
user_00939,prod_00472,like,2026-01-14 11:41:18,sess_e2d7e5be,mobile,271,
user_00094,prod_00340,like,2026-01-23 11:41:18,sess_8312acc8,desktop,284,
user_00659,prod_00103,view,2026-02-01 11:41:18,sess_13fd7947,mobile,154,
user_00967,prod_00321,view,2026-02-10 11:41:18,sess_9262acd2,mobile,256,
user_00025,prod_00252,view,2026-01-28 11:41:18,sess_f4793d20,tablet,204,
user_00314,prod_00255,like,2026-03-25 11:41:18,sess_1da4dcff,mobile,50,
user_00315,prod_00457,view,2026-03-24 11:41:18,sess_4fde1e8c,tablet,19,
user_00049,prod_00495,view,2026-02-13 11:41:18,sess_c4609314,tablet,31,
user_00844,prod_00423,like,2026-02-11 11:41:18,sess_868d1b34,tablet,27,
user_00933,prod_00110,view,2026-03-07 11:41:18,sess_ad1eba76,mobile,168,
user_00075,prod_00366,view,2026-01-16 11:41:18,sess_9a8f75df,tablet,12,
user_00047,prod_00473,view,2026-01-01 11:41:18,sess_1273036e,mobile,153,
user_00005,prod_00464,view,2026-02-16 11:41:18,sess_48c001d8,mobile,204,
user_00847,prod_00117,like,2026-01-13 11:41:18,sess_e054c26a,mobile,137,
user_00904,prod_00473,view,2025-12-30 11:41:18,sess_b9a9dbab,tablet,163,
user_00210,prod_00482,view,2026-03-29 11:41:18,sess_d6d61436,desktop,216,
user_00387,prod_00143,like,2026-01-09 11:41:18,sess_1260a33c,tablet,207,
user_00043,prod_00357,view,2026-01-01 11:41:18,sess_03932994,mobile,41,
user_00653,prod_00059,view,2026-01-27 11:41:18,sess_43ef033d,mobile,98,
user_00550,prod_00168,like,2026-01-01 11:41:18,sess_225d9821,desktop,150,
user_00550,prod_00147,like,2026-02-08 11:41:18,sess_b3f2936d,mobile,49,
user_00569,prod_00434,view,2026-01-23 11:41:18,sess_0232d673,mobile,245,
user_00491,prod_00056,view,2026-02-09 11:41:18,sess_d9e33493,mobile,47,
user_00781,prod_00356,view,2026-01-11 11:41:18,sess_31b7de69,desktop,229,
user_00757,prod_00074,view,2026-03-25 11:41:18,sess_02be0c84,tablet,262,
user_00786,prod_00499,purchase,2026-03-29 11:41:18,sess_9dd6a9ee,mobile,179,4.4
user_00257,prod_00472,view,2026-03-05 11:41:18,sess_4efe3a22,tablet,33,
user_00401,prod_00195,like,2026-01-09 11:41:18,sess_b3de55f6,mobile,176,
user_00674,prod_00370,view,2026-02-02 11:41:18,sess_9aba60d9,mobile,130,
user_00617,prod_00271,view,2026-03-12 11:41:18,sess_37b44b35,tablet,167,
user_00059,prod_00058,view,2026-01-21 11:41:18,sess_5769f489,mobile,91,
user_00742,prod_00478,view,2026-03-12 11:41:18,sess_333a3b72,mobile,124,
user_00007,prod_00196,view,2026-02-09 11:41:18,sess_8273c630,tablet,66,
user_00878,prod_00115,view,2026-03-21 11:41:18,sess_1ee046e6,mobile,248,
user_00960,prod_00293,view,2026-01-11 11:41:18,sess_a944ff35,desktop,235,
user_00933,prod_00384,view,2026-01-11 11:41:18,sess_8320b749,desktop,181,
user_00652,prod_00233,like,2026-02-12 11:41:18,sess_8068e89c,mobile,78,
user_00294,prod_00327,like,2026-03-10 11:41:18,sess_ae11338a,desktop,15,
user_00443,prod_00413,view,2026-01-31 11:41:18,sess_e33b0df6,desktop,282,
user_00873,prod_00117,view,2026-01-09 11:41:18,sess_ea8594ef,desktop,111,
user_00965,prod_00208,like,2026-02-09 11:41:18,sess_d3e8b5b1,desktop,191,
user_00346,prod_00167,view,2026-01-22 11:41:18,sess_0d67f291,mobile,130,
user_00223,prod_00365,view,2026-01-05 11:41:18,sess_d81a1584,tablet,191,
user_00922,prod_00238,view,2026-02-19 11:41:18,sess_a4ae36ab,mobile,206,
user_00145,prod_00241,view,2026-02-01 11:41:18,sess_40884926,desktop,216,
user_00053,prod_00103,view,2026-03-10 11:41:18,sess_bc6dc6c6,tablet,201,
user_00960,prod_00265,view,2026-02-02 11:41:18,sess_15a0b71f,mobile,110,
user_00396,prod_00291,view,2026-01-02 11:41:18,sess_3ba8ff65,tablet,84,
user_00657,prod_00206,view,2026-02-18 11:41:18,sess_0c2ad919,desktop,130,
user_00889,prod_00379,like,2026-01-11 11:41:18,sess_5937caf8,tablet,23,
user_00693,prod_00050,view,2026-03-29 11:41:18,sess_ddffadf9,mobile,174,
user_00874,prod_00047,like,2026-03-03 11:41:18,sess_3cc6fbc8,desktop,38,
user_00372,prod_00320,view,2026-02-01 11:41:18,sess_ca244aac,desktop,178,
user_00721,prod_00090,view,2026-01-18 11:41:18,sess_448cce57,mobile,82,
user_00168,prod_00213,view,2026-01-10 11:41:18,sess_3e92bf52,desktop,86,
user_00576,prod_00283,view,2026-02-23 11:41:18,sess_5c623524,tablet,132,
user_01000,prod_00059,cart,2026-03-25 11:41:18,sess_9eded442,mobile,200,
user_00485,prod_00195,view,2026-03-28 11:41:18,sess_acf38081,tablet,190,
user_00954,prod_00226,view,2026-03-28 11:41:18,sess_a22bc026,desktop,295,
user_00353,prod_00454,purchase,2026-03-13 11:41:18,sess_aaa52ba0,tablet,158,3.7
user_00939,prod_00077,like,2026-01-08 11:41:18,sess_5bcfbcae,desktop,154,
user_00729,prod_00406,view,2026-01-26 11:41:18,sess_4da32afd,mobile,218,
user_00174,prod_00187,view,2026-02-23 11:41:18,sess_17b7c875,tablet,17,
user_00502,prod_00164,view,2026-02-28 11:41:18,sess_1f6dd958,tablet,161,
user_00270,prod_00230,view,2026-02-24 11:41:18,sess_f86e4b49,tablet,239,
user_00676,prod_00042,view,2026-03-14 11:41:18,sess_520bfa79,tablet,10,
user_00753,prod_00294,view,2026-03-05 11:41:18,sess_a57c3db5,desktop,199,
user_00398,prod_00019,view,2026-02-16 11:41:18,sess_b18a83bb,desktop,267,
user_00875,prod_00402,view,2026-02-15 11:41:18,sess_2781b3cf,mobile,182,
user_00737,prod_00134,view,2026-02-24 11:41:18,sess_2badb7fe,mobile,235,
user_00941,prod_00344,like,2026-03-16 11:41:18,sess_d93fa976,mobile,70,
user_00826,prod_00391,view,2026-03-08 11:41:18,sess_3eaf61bf,desktop,38,
user_00158,prod_00293,purchase,2026-03-29 11:41:18,sess_36809f93,tablet,179,4.5
user_00633,prod_00037,view,2026-01-31 11:41:18,sess_ac58ddce,tablet,174,
user_00805,prod_00341,view,2026-03-23 11:41:18,sess_5ab37348,tablet,76,
user_00205,prod_00471,view,2026-03-19 11:41:18,sess_cc9ca4e8,mobile,226,
user_00811,prod_00352,view,2026-03-20 11:41:18,sess_de12c56a,desktop,169,
user_00641,prod_00272,view,2026-03-05 11:41:18,sess_22235a98,tablet,258,
user_00620,prod_00362,view,2026-01-03 11:41:18,sess_04818aa1,tablet,36,
user_00454,prod_00095,view,2026-03-05 11:41:18,sess_fabec4db,desktop,78,
user_00900,prod_00278,view,2025-12-31 11:41:18,sess_07805551,mobile,101,
user_00192,prod_00435,like,2026-01-14 11:41:18,sess_b1f41bba,desktop,216,
user_00519,prod_00328,view,2026-02-26 11:41:18,sess_311ab56d,desktop,128,
user_00544,prod_00004,view,2026-03-10 11:41:18,sess_e60e01bb,mobile,36,
user_00065,prod_00253,cart,2026-02-03 11:41:18,sess_9ff306ca,mobile,233,
user_00013,prod_00382,view,2026-02-12 11:41:18,sess_66d29626,tablet,38,
user_00583,prod_00135,view,2026-01-28 11:41:18,sess_d1a6953e,desktop,260,
user_00308,prod_00391,view,2026-03-06 11:41:18,sess_cff368a5,mobile,92,
user_00044,prod_00354,view,2026-01-30 11:41:18,sess_9ac12dfd,desktop,211,
user_00475,prod_00445,view,2026-03-12 11:41:18,sess_36375644,tablet,202,
user_00430,prod_00487,like,2026-01-09 11:41:18,sess_c077a26c,mobile,209,
user_00375,prod_00008,like,2026-01-14 11:41:18,sess_a024df17,mobile,116,
user_00098,prod_00009,view,2026-02-24 11:41:18,sess_d7677de6,desktop,106,
user_00023,prod_00255,view,2026-01-19 11:41:18,sess_67fe0925,desktop,121,
user_00195,prod_00250,view,2026-03-10 11:41:18,sess_9bfe7544,desktop,35,
user_00362,prod_00493,view,2026-02-17 11:41:18,sess_6728b9a9,tablet,249,
user_00623,prod_00149,view,2026-01-26 11:41:18,sess_0ec64fa6,mobile,218,
user_00503,prod_00007,view,2026-02-15 11:41:18,sess_a9a9b729,tablet,164,
user_00701,prod_00317,view,2026-01-13 11:41:18,sess_3847a20e,mobile,276,
user_00289,prod_00175,like,2026-01-29 11:41:18,sess_a4cfa7a3,mobile,14,
user_00458,prod_00190,view,2026-02-17 11:41:18,sess_8b512d3e,tablet,124,
user_00932,prod_00447,view,2026-01-29 11:41:18,sess_046cc964,desktop,289,
user_00349,prod_00296,view,2026-03-14 11:41:18,sess_07224f9a,desktop,298,
user_00995,prod_00467,like,2026-02-27 11:41:18,sess_6c7b0d9d,desktop,293,
user_00482,prod_00456,view,2026-03-18 11:41:18,sess_51e60c47,desktop,80,
user_00639,prod_00165,view,2026-01-30 11:41:18,sess_005f3b20,tablet,141,
user_00069,prod_00231,like,2026-03-12 11:41:18,sess_457ee926,desktop,35,
user_00486,prod_00127,view,2026-02-17 11:41:18,sess_72bff2bc,desktop,252,
user_00576,prod_00075,like,2026-01-21 11:41:18,sess_16e7d28e,mobile,101,
user_00981,prod_00473,view,2026-03-23 11:41:18,sess_044c5808,tablet,104,
user_00537,prod_00410,view,2026-02-10 11:41:18,sess_4e108124,desktop,10,
user_00306,prod_00134,view,2026-03-27 11:41:18,sess_697103aa,mobile,220,
user_00081,prod_00189,like,2026-02-10 11:41:18,sess_70783504,tablet,85,
user_00609,prod_00228,view,2026-02-23 11:41:18,sess_ff7d4af7,desktop,146,
user_00203,prod_00362,view,2026-01-14 11:41:18,sess_7f79ef1c,mobile,170,
user_00980,prod_00009,view,2026-02-17 11:41:18,sess_a9164055,tablet,249,
user_00378,prod_00073,purchase,2026-02-03 11:41:18,sess_bc8e2aec,tablet,170,2.6
user_00335,prod_00314,view,2026-02-17 11:41:18,sess_6a928733,tablet,296,
user_00041,prod_00453,like,2026-03-22 11:41:18,sess_2f6bdf20,mobile,82,
user_00105,prod_00268,like,2026-02-13 11:41:18,sess_c16e3189,desktop,46,
user_00423,prod_00176,view,2026-01-20 11:41:18,sess_73f47bdc,mobile,273,
user_00427,prod_00329,view,2026-01-19 11:41:18,sess_e4b77739,mobile,111,
user_00460,prod_00082,like,2026-03-23 11:41:18,sess_da6e8d6f,tablet,290,
user_00025,prod_00027,view,2026-03-25 11:41:18,sess_04e1ee8f,mobile,124,
user_00973,prod_00079,view,2026-02-17 11:41:18,sess_f2e9a274,desktop,207,
user_00020,prod_00262,view,2026-01-04 11:41:18,sess_1d53b366,tablet,217,
user_00564,prod_00035,view,2026-03-26 11:41:18,sess_083d2c90,mobile,122,
user_00597,prod_00252,view,2026-03-20 11:41:18,sess_28fd4a37,tablet,193,
user_00522,prod_00461,view,2026-03-11 11:41:18,sess_18015aa5,tablet,8,
user_00938,prod_00322,view,2026-02-11 11:41:18,sess_2a9ce690,tablet,203,
user_00164,prod_00428,like,2026-02-25 11:41:18,sess_5b2e35cb,desktop,66,
user_00667,prod_00147,view,2026-01-12 11:41:18,sess_878ad82d,tablet,267,
user_00789,prod_00208,view,2026-03-25 11:41:18,sess_24f45b7c,desktop,59,
user_00761,prod_00478,view,2026-01-17 11:41:18,sess_84f5504d,tablet,157,
user_00853,prod_00354,like,2026-03-24 11:41:18,sess_f7361448,tablet,122,
user_00581,prod_00456,view,2026-03-27 11:41:18,sess_39bc906d,desktop,11,
user_00222,prod_00425,like,2026-02-09 11:41:18,sess_a6857be3,tablet,172,
user_00469,prod_00201,like,2026-01-04 11:41:18,sess_5b931b9b,mobile,44,
user_00632,prod_00055,like,2026-02-23 11:41:18,sess_913dffa6,mobile,160,
user_00456,prod_00196,view,2026-02-11 11:41:18,sess_4e55bdf6,mobile,102,
user_00995,prod_00217,view,2026-02-05 11:41:18,sess_29e31384,tablet,16,
user_00305,prod_00395,like,2026-03-04 11:41:18,sess_c12b7498,mobile,20,
user_00902,prod_00477,view,2026-03-16 11:41:18,sess_802d6c8e,mobile,125,
user_00467,prod_00446,view,2025-12-31 11:41:18,sess_ad56b769,tablet,250,
user_00065,prod_00375,view,2026-02-08 11:41:18,sess_c96788ab,tablet,198,
user_00031,prod_00020,view,2026-01-30 11:41:18,sess_22b54663,desktop,94,
user_00997,prod_00007,view,2026-02-23 11:41:18,sess_f910958b,tablet,149,
user_00737,prod_00246,cart,2026-02-24 11:41:18,sess_37d42b65,mobile,125,
user_00707,prod_00230,cart,2026-01-17 11:41:18,sess_7a08a6cb,desktop,291,
user_00975,prod_00360,like,2026-02-22 11:41:18,sess_8c4e2201,desktop,50,
user_00613,prod_00189,like,2026-02-11 11:41:18,sess_3d29be26,tablet,287,
user_00554,prod_00075,like,2026-02-07 11:41:18,sess_634ae5b8,desktop,244,
user_00356,prod_00393,view,2026-01-03 11:41:18,sess_66d14f3f,desktop,282,
user_00418,prod_00185,view,2026-02-26 11:41:18,sess_83443690,mobile,175,
user_00947,prod_00184,view,2026-01-20 11:41:18,sess_7db1b6b4,tablet,89,
user_00912,prod_00022,view,2026-01-09 11:41:18,sess_430b0304,mobile,179,
user_00554,prod_00324,like,2026-03-04 11:41:18,sess_493a68f1,tablet,207,
user_00084,prod_00422,like,2026-01-23 11:41:18,sess_5ceca39c,mobile,299,
user_00005,prod_00131,like,2026-01-27 11:41:18,sess_87d94a9a,mobile,171,
user_00750,prod_00429,view,2026-02-08 11:41:18,sess_f2f73525,tablet,206,
user_00225,prod_00296,like,2026-03-02 11:41:18,sess_6e32ce4a,tablet,237,
user_00160,prod_00428,like,2026-03-17 11:41:18,sess_43e39f7f,desktop,78,
user_00938,prod_00037,view,2026-02-07 11:41:18,sess_cc7b7dc2,desktop,112,
user_00555,prod_00327,purchase,2026-02-21 11:41:18,sess_240663d8,mobile,111,1.7
user_00795,prod_00349,view,2026-02-01 11:41:18,sess_4d664db9,mobile,221,
user_00968,prod_00184,view,2026-01-13 11:41:18,sess_9c83148b,desktop,180,
user_00398,prod_00192,view,2026-01-10 11:41:18,sess_37feab32,tablet,249,
user_00651,prod_00315,view,2026-03-26 11:41:18,sess_1e9fe2eb,desktop,168,
user_00360,prod_00016,like,2026-01-21 11:41:18,sess_24a034cf,mobile,221,
user_00706,prod_00301,like,2026-02-10 11:41:18,sess_556b8a9b,mobile,254,
user_00778,prod_00464,view,2026-01-20 11:41:18,sess_9eb27db1,mobile,47,
user_00252,prod_00371,view,2026-02-15 11:41:18,sess_f3165361,mobile,245,
user_00036,prod_00166,view,2025-12-30 11:41:18,sess_3f7a2188,desktop,115,
user_00629,prod_00211,view,2026-03-14 11:41:18,sess_b247116c,tablet,19,
user_00958,prod_00260,view,2026-03-07 11:41:18,sess_dc0c367a,desktop,145,
user_00714,prod_00290,like,2026-02-26 11:41:18,sess_380af037,tablet,65,
user_00715,prod_00265,view,2026-02-01 11:41:18,sess_7bbf0ce4,desktop,88,
user_00041,prod_00149,view,2026-01-02 11:41:18,sess_a8792c16,mobile,44,
user_00204,prod_00247,view,2026-02-09 11:41:18,sess_a4426483,tablet,95,
user_00792,prod_00193,view,2026-03-02 11:41:18,sess_87b11af8,desktop,257,
user_00235,prod_00366,like,2026-03-09 11:41:18,sess_fea9a39a,mobile,72,
user_00759,prod_00485,view,2026-02-12 11:41:18,sess_4e0c6aa0,tablet,225,
user_00022,prod_00363,view,2026-03-17 11:41:18,sess_bed6e15c,desktop,247,
user_00035,prod_00143,view,2026-02-04 11:41:18,sess_479e3f7f,mobile,38,
user_00090,prod_00135,view,2026-01-25 11:41:18,sess_9361f353,mobile,75,
user_00124,prod_00013,view,2026-03-07 11:41:18,sess_ae33111d,tablet,105,
user_00457,prod_00338,view,2026-01-28 11:41:18,sess_836a6ccb,mobile,99,
user_00597,prod_00212,view,2026-03-01 11:41:18,sess_eaf5f0fb,mobile,80,
user_00308,prod_00069,view,2026-03-23 11:41:18,sess_68bf28b9,tablet,11,
user_00116,prod_00269,view,2026-03-29 11:41:18,sess_504b5a82,desktop,75,
user_00328,prod_00472,like,2026-01-29 11:41:18,sess_27fce97c,desktop,250,
user_00220,prod_00051,view,2026-01-08 11:41:18,sess_1dd498c1,tablet,282,
user_00880,prod_00412,view,2026-03-14 11:41:18,sess_7cfabb13,tablet,79,
user_00882,prod_00390,view,2026-03-21 11:41:18,sess_a35b6a6f,tablet,89,
user_00253,prod_00321,like,2026-02-25 11:41:18,sess_7d65f80d,desktop,35,
user_00771,prod_00222,purchase,2026-01-04 11:41:18,sess_ef100d69,tablet,196,2.6
user_00621,prod_00429,cart,2026-01-11 11:41:18,sess_8ea1943d,tablet,213,
user_00662,prod_00447,view,2026-01-23 11:41:18,sess_cde580f7,desktop,259,
user_00792,prod_00039,view,2026-02-05 11:41:18,sess_c9e47899,mobile,292,
user_00087,prod_00361,cart,2026-02-23 11:41:18,sess_67c3a67d,desktop,148,
user_00476,prod_00333,view,2026-01-21 11:41:18,sess_5fc8a756,tablet,172,
user_00942,prod_00158,view,2026-02-09 11:41:18,sess_54ca6496,tablet,291,
user_00946,prod_00350,view,2026-03-19 11:41:18,sess_21f437c3,tablet,255,
user_00999,prod_00176,view,2026-02-24 11:41:18,sess_0d71ab11,desktop,152,
user_00609,prod_00263,view,2026-02-17 11:41:18,sess_0badb4af,mobile,294,
user_00196,prod_00179,view,2026-02-16 11:41:18,sess_40e9b1dc,tablet,215,
user_00286,prod_00136,view,2026-03-06 11:41:18,sess_f8f487be,tablet,76,
user_00822,prod_00395,view,2026-01-02 11:41:18,sess_b49e3743,desktop,282,
user_00567,prod_00165,like,2026-02-21 11:41:18,sess_a905a4d4,tablet,131,
user_00211,prod_00307,view,2026-01-07 11:41:18,sess_17ad131a,desktop,196,
user_00252,prod_00201,like,2026-02-15 11:41:18,sess_da942777,mobile,135,
user_00621,prod_00037,view,2026-02-10 11:41:18,sess_afdb3df0,tablet,206,
user_00004,prod_00035,like,2026-01-19 11:41:18,sess_2ffe19a9,tablet,146,
user_00524,prod_00291,view,2026-03-24 11:41:18,sess_0f980eaf,desktop,255,
user_00610,prod_00056,view,2026-02-18 11:41:18,sess_62ff4d8a,mobile,76,
user_00186,prod_00063,purchase,2026-03-22 11:41:18,sess_6a7d46fc,desktop,60,3.2
user_00275,prod_00066,like,2026-01-05 11:41:18,sess_42a2a507,tablet,35,
user_00011,prod_00058,like,2026-02-28 11:41:18,sess_fdcff77f,mobile,117,
user_00634,prod_00310,like,2026-03-28 11:41:18,sess_266bd1bf,tablet,167,
user_00781,prod_00113,like,2026-01-11 11:41:18,sess_cdd72cf6,mobile,87,
user_00094,prod_00293,cart,2026-02-27 11:41:18,sess_73ead2b6,desktop,118,
user_00248,prod_00236,like,2026-03-30 11:41:18,sess_0e69da2d,mobile,162,
user_00446,prod_00297,view,2026-03-01 11:41:18,sess_d6d2d8e8,mobile,46,
user_00419,prod_00365,view,2026-02-09 11:41:18,sess_e63aa841,tablet,199,
user_00024,prod_00278,view,2026-01-03 11:41:18,sess_53fb2337,desktop,228,
user_00809,prod_00449,view,2026-01-26 11:41:18,sess_18e5bceb,tablet,203,
user_00859,prod_00227,view,2025-12-30 11:41:18,sess_b922c62f,mobile,198,
user_00173,prod_00404,view,2026-02-18 11:41:18,sess_5633a81c,desktop,212,
user_00281,prod_00128,like,2026-03-27 11:41:18,sess_861fde02,tablet,293,
user_00250,prod_00331,view,2026-03-28 11:41:18,sess_a13e36f5,desktop,297,
user_00354,prod_00185,view,2026-02-03 11:41:18,sess_bf22c224,tablet,233,
user_00932,prod_00218,view,2026-02-14 11:41:18,sess_c0f6b37a,mobile,142,
user_00376,prod_00467,view,2026-03-09 11:41:18,sess_27fcd1b5,mobile,269,
user_00614,prod_00272,like,2026-03-01 11:41:18,sess_b864c0de,mobile,86,
user_00095,prod_00316,view,2026-01-22 11:41:18,sess_e3d88980,desktop,236,
user_00153,prod_00151,like,2026-03-01 11:41:18,sess_67bf6031,desktop,164,
user_00171,prod_00267,view,2026-03-19 11:41:18,sess_5887f5a9,tablet,31,
user_00587,prod_00336,view,2026-01-29 11:41:18,sess_c8793230,desktop,90,
user_00242,prod_00009,view,2026-03-21 11:41:18,sess_c3da7659,mobile,56,
user_00276,prod_00419,view,2026-01-30 11:41:18,sess_ba79cf81,tablet,193,
user_00741,prod_00092,view,2026-03-07 11:41:18,sess_675c8358,mobile,9,
user_00334,prod_00438,purchase,2026-01-25 11:41:18,sess_29004ddd,mobile,206,1.5
user_00050,prod_00241,like,2026-02-11 11:41:18,sess_d3690a0b,tablet,147,
user_00474,prod_00126,view,2026-03-16 11:41:18,sess_d39fad2d,tablet,132,
user_00166,prod_00328,view,2026-02-10 11:41:18,sess_dd09d8aa,mobile,5,
user_00295,prod_00236,view,2026-02-08 11:41:18,sess_32ca0c62,tablet,282,
user_00744,prod_00207,like,2026-01-12 11:41:18,sess_726758c2,tablet,212,
user_00770,prod_00129,view,2026-01-26 11:41:18,sess_59346bbc,mobile,23,
user_00212,prod_00038,cart,2026-02-06 11:41:18,sess_91a3ec60,desktop,197,
user_00307,prod_00192,view,2026-03-05 11:41:18,sess_01a30496,mobile,115,
user_00446,prod_00397,view,2026-01-14 11:41:18,sess_abe099b4,tablet,76,
user_00665,prod_00407,view,2026-03-12 11:41:18,sess_9c72365a,mobile,121,
user_00926,prod_00225,view,2026-01-30 11:41:18,sess_58b47642,tablet,243,
user_00381,prod_00452,view,2026-02-05 11:41:18,sess_9cb82252,mobile,130,
user_00971,prod_00075,view,2026-03-24 11:41:18,sess_a10cdcce,desktop,243,
user_00932,prod_00198,view,2026-02-21 11:41:18,sess_2f61df45,desktop,267,
user_00565,prod_00245,like,2026-02-13 11:41:18,sess_2b6720e9,desktop,104,
user_00318,prod_00473,view,2026-03-18 11:41:18,sess_e3372f9f,mobile,292,
user_00277,prod_00031,view,2026-01-09 11:41:18,sess_a309e68b,tablet,195,
user_00025,prod_00230,view,2026-01-11 11:41:18,sess_266ca8e3,desktop,182,
user_00637,prod_00168,view,2026-01-23 11:41:18,sess_9bdc0ef8,tablet,68,
user_00905,prod_00225,view,2026-01-24 11:41:18,sess_4169ff0f,mobile,285,
user_00747,prod_00384,like,2026-02-16 11:41:18,sess_9f756f6e,tablet,230,
user_00750,prod_00370,view,2026-03-05 11:41:18,sess_ed2305a0,mobile,201,
user_00283,prod_00202,view,2026-02-20 11:41:18,sess_e7dd5f0b,mobile,73,
user_00200,prod_00215,view,2026-03-11 11:41:18,sess_944aff82,desktop,285,
user_00582,prod_00131,view,2026-03-22 11:41:18,sess_60ee5fae,mobile,24,
user_00272,prod_00373,like,2026-03-09 11:41:18,sess_ae5cba0e,tablet,257,
user_00117,prod_00041,like,2026-02-11 11:41:18,sess_d10e642a,desktop,137,
user_00591,prod_00286,view,2026-02-17 11:41:18,sess_004fbddd,tablet,84,
user_00684,prod_00350,like,2026-03-28 11:41:18,sess_67e56100,desktop,252,
user_00279,prod_00169,view,2026-02-07 11:41:18,sess_fde26351,mobile,158,
user_00821,prod_00442,view,2026-03-12 11:41:18,sess_fc4b280f,tablet,119,
user_00865,prod_00402,like,2026-03-18 11:41:18,sess_78532b33,tablet,282,
user_00518,prod_00186,like,2026-03-20 11:41:18,sess_41df9881,mobile,88,
user_00639,prod_00247,purchase,2026-02-07 11:41:18,sess_750f70e9,desktop,83,2.7
user_00032,prod_00171,view,2026-02-28 11:41:18,sess_00b0ec0c,desktop,256,
user_00951,prod_00491,view,2026-02-07 11:41:18,sess_ce31fa3b,desktop,125,
user_00294,prod_00125,view,2026-01-13 11:41:18,sess_e00e0253,desktop,197,
user_00874,prod_00043,view,2026-03-29 11:41:18,sess_d9809aa6,mobile,281,
user_00439,prod_00253,like,2026-03-11 11:41:18,sess_81468406,mobile,6,
user_00483,prod_00091,view,2026-02-12 11:41:18,sess_7f723eb9,tablet,187,
user_00683,prod_00293,view,2026-02-19 11:41:18,sess_53569036,desktop,56,
user_00040,prod_00299,like,2026-03-06 11:41:18,sess_08cdd53b,mobile,205,
user_00844,prod_00252,view,2026-02-21 11:41:18,sess_1805a6fc,tablet,274,
user_00074,prod_00426,view,2026-01-30 11:41:18,sess_f7554764,tablet,138,
user_00162,prod_00330,view,2026-03-02 11:41:18,sess_9ba9f01b,tablet,150,
user_00033,prod_00202,view,2026-01-01 11:41:18,sess_c16f2a2c,desktop,236,
user_00368,prod_00488,view,2025-12-30 11:41:18,sess_b75f86dd,desktop,219,
user_00827,prod_00477,like,2026-03-04 11:41:18,sess_a7a8f32f,mobile,241,
user_00153,prod_00361,view,2026-03-23 11:41:18,sess_1fa69a20,tablet,65,
user_00152,prod_00056,view,2026-03-21 11:41:18,sess_b8b15181,desktop,175,
user_00705,prod_00164,like,2026-01-07 11:41:18,sess_10d3fd63,tablet,287,
user_00747,prod_00301,like,2026-03-26 11:41:18,sess_6ac76850,desktop,85,
user_00401,prod_00099,view,2026-03-26 11:41:18,sess_c3f373a9,desktop,204,
user_00192,prod_00417,view,2026-02-08 11:41:18,sess_b69d1024,tablet,170,
user_00461,prod_00069,like,2026-01-17 11:41:18,sess_d23f43f3,tablet,99,
user_00008,prod_00446,like,2026-02-16 11:41:18,sess_5562ae61,mobile,26,
user_00906,prod_00072,view,2026-01-26 11:41:18,sess_f6488ee1,desktop,108,
user_00739,prod_00093,view,2026-03-29 11:41:18,sess_ed0842f7,tablet,189,
user_00729,prod_00176,view,2026-03-17 11:41:18,sess_aedaf101,desktop,261,
user_00207,prod_00109,view,2026-01-05 11:41:18,sess_ec9ede18,tablet,263,
user_00281,prod_00272,like,2026-01-11 11:41:18,sess_1633b389,mobile,227,
user_00789,prod_00487,view,2026-01-14 11:41:18,sess_7b73bf45,tablet,153,
user_00552,prod_00387,view,2026-02-16 11:41:18,sess_47c5a0f8,mobile,213,
user_00604,prod_00322,view,2026-02-05 11:41:18,sess_8563126b,desktop,297,
user_00237,prod_00473,like,2026-01-06 11:41:18,sess_8a46f7e9,mobile,122,
user_00685,prod_00464,view,2026-03-30 11:41:18,sess_c4795030,tablet,122,
user_00042,prod_00114,view,2026-03-30 11:41:18,sess_fa927e7e,desktop,29,
user_00982,prod_00039,view,2026-01-20 11:41:18,sess_56eddd64,desktop,13,
user_00514,prod_00445,like,2026-01-15 11:41:18,sess_69cd022f,mobile,278,
user_00678,prod_00283,like,2026-02-09 11:41:18,sess_f4e94bb9,tablet,173,
user_00182,prod_00280,view,2026-02-04 11:41:18,sess_43b780c7,mobile,173,
user_00663,prod_00126,view,2026-03-14 11:41:18,sess_eecef65f,tablet,137,
user_00174,prod_00337,view,2026-02-05 11:41:18,sess_1ce56560,mobile,223,
user_00209,prod_00374,view,2026-02-22 11:41:18,sess_87d6efc9,desktop,282,
user_00709,prod_00281,view,2026-03-11 11:41:18,sess_4a5ae578,mobile,6,
user_00977,prod_00123,like,2026-03-08 11:41:18,sess_c7121f52,mobile,236,
user_00346,prod_00063,view,2026-01-28 11:41:18,sess_27f1dbb7,tablet,147,
user_00805,prod_00043,like,2026-03-06 11:41:18,sess_ef925d61,tablet,133,
user_00743,prod_00010,like,2026-01-23 11:41:18,sess_53d9c28f,tablet,278,
user_00199,prod_00246,view,2026-02-09 11:41:18,sess_38fc04b5,desktop,58,
user_00827,prod_00263,view,2026-03-06 11:41:18,sess_35ffb64b,tablet,252,
user_00793,prod_00301,like,2026-01-26 11:41:18,sess_e961b639,tablet,239,
user_00397,prod_00165,view,2026-03-25 11:41:18,sess_ea1542f3,mobile,236,
user_00193,prod_00002,view,2026-01-04 11:41:18,sess_2a45c9df,desktop,178,
user_00426,prod_00384,purchase,2026-03-18 11:41:18,sess_c245f284,tablet,271,3.2
user_00120,prod_00304,view,2026-01-19 11:41:18,sess_bcf72edb,tablet,179,
user_00123,prod_00320,like,2026-01-21 11:41:18,sess_b5c6ed89,desktop,155,
user_00040,prod_00440,view,2026-02-20 11:41:18,sess_9dc26d74,tablet,75,
user_00713,prod_00133,like,2026-03-21 11:41:18,sess_bd8d16b3,tablet,191,
user_00077,prod_00256,purchase,2026-02-22 11:41:18,sess_09cc7dd6,desktop,99,3.8
user_00891,prod_00071,view,2026-03-18 11:41:18,sess_a01a6e2c,desktop,175,
user_00326,prod_00455,view,2026-03-03 11:41:18,sess_ef466701,tablet,45,
user_00238,prod_00026,view,2026-01-19 11:41:18,sess_7f2d82c8,tablet,45,
user_00832,prod_00365,like,2026-02-07 11:41:18,sess_e828b727,mobile,164,
user_00941,prod_00450,view,2026-02-16 11:41:18,sess_89e820a2,desktop,31,
user_00141,prod_00036,like,2026-01-28 11:41:18,sess_6996873b,mobile,245,
user_00829,prod_00185,view,2026-02-25 11:41:18,sess_c054f9ec,mobile,292,
user_00917,prod_00407,view,2026-03-09 11:41:18,sess_50c9931b,mobile,296,
user_00718,prod_00444,view,2026-03-28 11:41:18,sess_0d83d221,desktop,116,
user_00747,prod_00363,view,2026-01-02 11:41:18,sess_1cff57a9,tablet,127,
user_00418,prod_00003,view,2026-03-06 11:41:18,sess_d2e7440e,desktop,285,
user_00244,prod_00031,view,2026-01-04 11:41:18,sess_f058b7ad,desktop,103,
user_00845,prod_00271,view,2026-02-07 11:41:18,sess_784185dc,tablet,215,
user_00933,prod_00297,view,2026-01-11 11:41:18,sess_523819fe,mobile,220,
user_00262,prod_00332,view,2026-03-16 11:41:18,sess_790b2c7c,desktop,102,
user_00765,prod_00130,view,2026-01-07 11:41:18,sess_241b7b82,tablet,66,
user_00991,prod_00344,view,2026-03-25 11:41:18,sess_7001b5d2,mobile,132,
user_00763,prod_00024,view,2026-03-13 11:41:18,sess_679a4498,mobile,146,
user_00983,prod_00058,view,2026-03-16 11:41:18,sess_f4a02937,tablet,12,
user_00424,prod_00055,view,2026-03-12 11:41:18,sess_2eb8aa73,mobile,68,
user_00890,prod_00189,like,2026-02-23 11:41:18,sess_37a392db,desktop,108,
user_00879,prod_00326,view,2026-02-13 11:41:18,sess_4ba686cf,mobile,129,
user_00502,prod_00251,view,2026-02-26 11:41:18,sess_e0cb9393,mobile,226,
user_00475,prod_00082,like,2026-01-22 11:41:18,sess_f892e7c2,desktop,109,
user_00424,prod_00057,view,2026-02-23 11:41:18,sess_be97a94e,mobile,223,
user_00788,prod_00008,like,2026-02-14 11:41:18,sess_1a4aef4d,desktop,119,
user_00461,prod_00103,like,2026-01-28 11:41:18,sess_496c5896,mobile,229,
user_00927,prod_00069,like,2026-01-19 11:41:18,sess_f8be24ac,tablet,79,
user_00113,prod_00138,view,2026-01-01 11:41:18,sess_6b5f3d8d,mobile,144,
user_00883,prod_00338,cart,2026-01-17 11:41:18,sess_fc5d1a76,mobile,128,
user_00921,prod_00145,like,2026-01-18 11:41:18,sess_4addb26e,tablet,299,
user_00819,prod_00474,view,2026-01-22 11:41:18,sess_468c42be,mobile,81,
user_00982,prod_00011,like,2026-02-15 11:41:18,sess_25a2e459,mobile,251,
user_00199,prod_00096,like,2025-12-31 11:41:18,sess_6b1e28c1,desktop,107,
user_00644,prod_00206,view,2026-01-29 11:41:18,sess_5eca5e9a,tablet,105,
user_00912,prod_00126,view,2026-02-15 11:41:18,sess_cedde29e,desktop,246,
user_00778,prod_00124,view,2026-02-03 11:41:18,sess_46123006,tablet,13,
user_00707,prod_00040,view,2026-03-13 11:41:18,sess_42e0eab7,mobile,215,
user_00888,prod_00023,view,2026-01-21 11:41:18,sess_8f34a679,tablet,42,
user_00106,prod_00349,like,2026-02-11 11:41:18,sess_a92c2fa8,mobile,23,
user_00263,prod_00006,view,2026-02-23 11:41:18,sess_0538bfee,tablet,235,
user_00915,prod_00108,view,2026-02-28 11:41:18,sess_d7be852c,tablet,65,
user_00096,prod_00413,like,2026-02-28 11:41:18,sess_4e65f854,mobile,248,
user_00706,prod_00142,view,2025-12-31 11:41:18,sess_ddbe38a1,tablet,8,
user_00949,prod_00432,like,2026-02-16 11:41:18,sess_b59c9cd5,mobile,50,
user_00516,prod_00299,like,2026-02-14 11:41:18,sess_d581d43c,desktop,236,
user_00570,prod_00357,view,2026-03-18 11:41:18,sess_5acb8688,tablet,297,
user_00022,prod_00342,view,2026-03-10 11:41:18,sess_d67f3958,mobile,28,
user_00751,prod_00092,like,2026-03-23 11:41:18,sess_b0895f28,tablet,235,
user_00232,prod_00317,view,2026-03-04 11:41:18,sess_4cce3ec2,desktop,158,
user_00855,prod_00352,view,2026-03-22 11:41:18,sess_099e2cee,mobile,247,
user_00388,prod_00004,view,2026-01-21 11:41:18,sess_3006b8e5,mobile,220,
user_00112,prod_00044,view,2026-03-11 11:41:18,sess_5696456e,desktop,60,
user_00446,prod_00118,view,2026-01-23 11:41:18,sess_99b07c45,tablet,289,
user_00906,prod_00347,like,2026-01-21 11:41:18,sess_8f11f81a,tablet,295,
user_00221,prod_00489,view,2026-01-11 11:41:18,sess_07db3e20,desktop,147,
user_00324,prod_00134,like,2026-03-05 11:41:18,sess_ec265bc0,desktop,156,
user_00385,prod_00396,like,2026-01-01 11:41:18,sess_c4c1f72f,mobile,32,
user_00236,prod_00378,view,2026-02-08 11:41:18,sess_05b0a986,tablet,74,
user_00055,prod_00266,view,2026-03-01 11:41:18,sess_fd4b45df,mobile,128,
user_00930,prod_00026,view,2026-01-19 11:41:18,sess_40e472eb,mobile,178,
user_00538,prod_00276,view,2026-02-16 11:41:18,sess_83f702af,tablet,74,
user_00848,prod_00092,view,2026-03-04 11:41:18,sess_29d22128,mobile,117,
user_00716,prod_00326,view,2026-01-10 11:41:18,sess_29f3f2f9,desktop,41,
user_00433,prod_00370,like,2026-02-23 11:41:18,sess_2ab63a61,desktop,20,
user_00034,prod_00392,like,2026-03-27 11:41:18,sess_4a028688,mobile,170,
user_00169,prod_00388,view,2026-03-06 11:41:18,sess_72f61f4e,desktop,55,
user_00450,prod_00402,view,2026-01-09 11:41:18,sess_b63809ec,tablet,18,
user_00737,prod_00077,view,2026-01-03 11:41:18,sess_9df36dc5,mobile,263,
user_00662,prod_00149,view,2026-03-20 11:41:18,sess_c09219f5,tablet,80,
user_00615,prod_00343,view,2026-01-23 11:41:18,sess_cc89a89a,mobile,82,
user_00180,prod_00423,view,2026-03-25 11:41:18,sess_77e8d62d,desktop,199,
user_00481,prod_00021,view,2026-03-25 11:41:18,sess_6b57dff6,tablet,30,
user_00003,prod_00339,like,2026-03-19 11:41:18,sess_60508704,desktop,269,
user_00282,prod_00272,view,2026-01-17 11:41:18,sess_4b606969,mobile,125,
user_00423,prod_00077,view,2026-02-17 11:41:18,sess_c7ab9bd7,desktop,30,
user_00375,prod_00159,purchase,2026-03-25 11:41:18,sess_bc48ab87,tablet,245,1.2
user_00213,prod_00124,view,2026-01-11 11:41:18,sess_3957c799,tablet,240,
user_00633,prod_00182,like,2026-01-22 11:41:18,sess_bfcc301f,mobile,69,
user_00067,prod_00032,like,2026-02-26 11:41:18,sess_2b5bbd7d,tablet,68,
user_00912,prod_00285,view,2026-02-25 11:41:18,sess_383db3ec,tablet,95,
user_00561,prod_00486,view,2026-02-27 11:41:18,sess_c28c9ccd,tablet,104,
user_00388,prod_00368,view,2026-03-22 11:41:18,sess_317a1060,desktop,142,
user_00249,prod_00080,view,2026-02-07 11:41:18,sess_01c8af60,tablet,156,
user_00744,prod_00088,view,2026-03-10 11:41:18,sess_62f46bb9,mobile,129,
user_00901,prod_00215,view,2026-01-22 11:41:18,sess_c94da56d,desktop,114,
user_00107,prod_00159,view,2026-03-25 11:41:18,sess_97e6def4,desktop,154,
user_00969,prod_00324,view,2026-02-11 11:41:18,sess_127d3548,desktop,26,
user_00192,prod_00207,like,2026-03-07 11:41:18,sess_92d5b78e,desktop,103,
user_00983,prod_00444,view,2026-01-29 11:41:18,sess_a822de02,desktop,162,
user_00422,prod_00406,like,2026-01-22 11:41:18,sess_d886219c,tablet,16,
user_00791,prod_00116,view,2026-01-18 11:41:18,sess_9a000ec2,tablet,261,
user_00532,prod_00092,view,2026-03-13 11:41:18,sess_e31ea426,desktop,36,
user_00690,prod_00353,view,2026-01-02 11:41:18,sess_93de716d,tablet,34,
user_00874,prod_00150,view,2026-03-03 11:41:18,sess_048ae793,mobile,186,
user_00199,prod_00425,view,2025-12-30 11:41:18,sess_029d895b,mobile,207,
user_00746,prod_00114,cart,2026-01-13 11:41:18,sess_d80d9cd9,desktop,274,
user_00478,prod_00370,view,2026-01-12 11:41:18,sess_a1ce9bfa,mobile,128,
user_00608,prod_00047,view,2026-03-13 11:41:18,sess_247186ce,desktop,170,
user_00232,prod_00021,like,2026-01-11 11:41:18,sess_9b2bdb8b,tablet,259,
user_00777,prod_00493,cart,2026-01-25 11:41:18,sess_54f08d58,desktop,287,
user_00738,prod_00443,view,2026-03-07 11:41:18,sess_91160726,mobile,18,
user_00831,prod_00016,view,2026-02-05 11:41:18,sess_568a327a,mobile,286,
user_00131,prod_00429,view,2026-02-10 11:41:18,sess_cdd2dab8,desktop,246,
user_00653,prod_00360,view,2026-02-22 11:41:18,sess_94eabee9,tablet,66,
user_00984,prod_00372,like,2026-02-08 11:41:18,sess_8ede6e7e,desktop,182,
user_00138,prod_00454,view,2026-01-12 11:41:18,sess_28db8a64,mobile,68,
user_00892,prod_00270,view,2026-02-21 11:41:18,sess_23828318,mobile,123,
user_00407,prod_00272,view,2026-03-27 11:41:18,sess_471d10ca,tablet,76,
user_00775,prod_00209,view,2026-03-10 11:41:18,sess_f07a3be3,mobile,263,
user_00152,prod_00038,view,2026-02-16 11:41:18,sess_233ff8e6,desktop,219,
user_00079,prod_00048,like,2026-02-21 11:41:18,sess_b768fd0b,mobile,271,
user_00549,prod_00209,like,2026-02-15 11:41:18,sess_a7328765,mobile,257,
user_00959,prod_00203,view,2026-03-25 11:41:18,sess_4f228eb6,tablet,54,
user_00120,prod_00383,view,2026-03-28 11:41:18,sess_119c652f,mobile,103,
user_00896,prod_00029,view,2026-02-08 11:41:18,sess_5328c2e3,tablet,50,
user_00838,prod_00447,view,2026-01-02 11:41:18,sess_21754ab4,desktop,42,
user_00329,prod_00482,view,2026-03-08 11:41:18,sess_3fe3c5f0,mobile,135,
user_00920,prod_00175,view,2026-02-03 11:41:18,sess_272ba862,tablet,286,
user_00188,prod_00224,view,2026-01-27 11:41:18,sess_cd1eb693,desktop,292,
user_00660,prod_00463,view,2026-01-22 11:41:18,sess_ed2b5b9b,desktop,153,
user_00768,prod_00494,view,2026-02-20 11:41:18,sess_1773cbca,tablet,7,
user_00813,prod_00271,like,2026-01-04 11:41:18,sess_e3e65478,tablet,275,
user_00140,prod_00209,view,2026-01-07 11:41:18,sess_df63119c,desktop,68,
user_00055,prod_00053,view,2026-01-01 11:41:18,sess_51dea108,mobile,29,
user_00520,prod_00189,like,2026-03-28 11:41:18,sess_67af9384,tablet,236,
user_00262,prod_00299,view,2026-01-13 11:41:18,sess_3a441837,tablet,298,
user_00639,prod_00483,like,2026-01-05 11:41:18,sess_c12fe086,desktop,287,
user_00658,prod_00310,view,2026-01-23 11:41:18,sess_ac9c4251,desktop,79,
user_00549,prod_00402,view,2026-01-08 11:41:18,sess_8d22b7bc,tablet,132,
user_00151,prod_00170,view,2026-01-25 11:41:18,sess_1a030ab8,desktop,296,
user_00634,prod_00406,like,2026-03-02 11:41:18,sess_c86a2bb2,desktop,77,
user_00795,prod_00497,view,2026-01-18 11:41:18,sess_221e3896,mobile,213,
user_00638,prod_00359,like,2026-03-15 11:41:18,sess_1f6bba47,desktop,218,
user_00996,prod_00457,view,2026-03-08 11:41:18,sess_1960eb40,tablet,115,
user_00317,prod_00288,view,2026-03-02 11:41:18,sess_1aa61045,desktop,190,
user_00666,prod_00125,view,2026-01-18 11:41:18,sess_8d25bc27,mobile,150,
user_00848,prod_00002,like,2026-03-12 11:41:18,sess_4ec612bf,tablet,294,
user_00625,prod_00223,view,2026-03-12 11:41:18,sess_5b129028,desktop,188,
user_00558,prod_00347,view,2026-02-24 11:41:18,sess_7a389c5c,mobile,286,
user_00392,prod_00294,view,2026-01-09 11:41:18,sess_7796db62,mobile,115,
user_00016,prod_00288,cart,2026-01-02 11:41:18,sess_34ab0ce6,mobile,102,
user_00827,prod_00271,view,2026-03-15 11:41:18,sess_0210474f,desktop,103,
user_00796,prod_00137,view,2026-02-28 11:41:18,sess_6b36ebab,tablet,164,
user_00871,prod_00261,view,2026-03-25 11:41:18,sess_9d48f48d,mobile,89,
user_00490,prod_00386,view,2026-01-04 11:41:18,sess_f7d99a09,tablet,227,
user_00615,prod_00201,view,2026-03-23 11:41:18,sess_3c38c939,mobile,203,
user_00516,prod_00104,view,2026-03-06 11:41:18,sess_222e27e2,tablet,176,
user_00844,prod_00497,view,2026-03-22 11:41:18,sess_62fc835f,desktop,275,
user_00058,prod_00314,view,2026-01-09 11:41:18,sess_d456c904,tablet,42,
user_00879,prod_00378,view,2026-02-06 11:41:18,sess_fe6c0225,mobile,272,
user_00201,prod_00447,view,2026-01-09 11:41:18,sess_919d1da7,mobile,30,
user_00748,prod_00189,view,2026-02-24 11:41:18,sess_df59dd42,mobile,258,
user_00452,prod_00227,view,2026-03-23 11:41:18,sess_b8854f58,tablet,234,
user_00907,prod_00072,like,2026-03-13 11:41:18,sess_add1342e,desktop,14,
user_00569,prod_00409,like,2026-01-29 11:41:18,sess_2a3f378a,desktop,29,
user_00165,prod_00290,like,2026-01-22 11:41:18,sess_04bc3732,tablet,278,
user_00270,prod_00035,view,2026-01-31 11:41:18,sess_8bd439c3,mobile,50,
user_00960,prod_00068,view,2026-03-09 11:41:18,sess_ceee14be,mobile,181,
user_00938,prod_00493,view,2026-01-20 11:41:18,sess_2781e24e,mobile,242,
user_00011,prod_00105,view,2026-03-20 11:41:18,sess_63006d89,tablet,88,
user_00001,prod_00195,view,2026-02-04 11:41:18,sess_85c0c73e,mobile,267,
user_00686,prod_00163,view,2026-01-20 11:41:18,sess_6e405448,tablet,181,
user_00386,prod_00063,view,2026-03-21 11:41:18,sess_3294fd40,tablet,284,
user_00304,prod_00158,view,2026-03-09 11:41:18,sess_f1e3252a,tablet,170,
user_00049,prod_00073,view,2026-03-25 11:41:18,sess_d6a5fea4,mobile,225,
user_00283,prod_00146,view,2026-03-04 11:41:18,sess_309b203c,tablet,133,
user_00852,prod_00053,view,2026-03-17 11:41:18,sess_2b82c9b2,mobile,242,
user_00759,prod_00405,view,2026-03-09 11:41:18,sess_8283ec3b,mobile,43,
user_00015,prod_00427,view,2026-01-27 11:41:18,sess_fce35195,tablet,279,
user_00848,prod_00094,view,2026-02-25 11:41:18,sess_17f3af60,tablet,219,
user_00176,prod_00294,like,2026-01-12 11:41:18,sess_0a84557f,desktop,124,
user_00777,prod_00219,like,2026-01-24 11:41:18,sess_f6b69590,mobile,283,
user_00698,prod_00164,view,2026-03-01 11:41:18,sess_911acf75,tablet,235,
user_00983,prod_00379,view,2025-12-31 11:41:18,sess_5dbecced,tablet,283,
user_00737,prod_00326,view,2026-03-15 11:41:18,sess_61823c66,desktop,249,
user_00717,prod_00032,like,2026-01-23 11:41:18,sess_39dedba1,mobile,12,
user_00374,prod_00392,view,2026-03-12 11:41:18,sess_fc5212ae,mobile,92,
user_00185,prod_00115,view,2026-03-10 11:41:18,sess_9263d13d,mobile,206,
user_00696,prod_00448,view,2026-02-16 11:41:18,sess_a6cdac0b,tablet,234,
user_00960,prod_00054,view,2026-03-11 11:41:18,sess_652ad980,tablet,42,
user_00536,prod_00334,view,2026-01-16 11:41:18,sess_75b4e625,mobile,172,
user_00582,prod_00204,like,2026-01-21 11:41:18,sess_8b5a5b6d,tablet,142,
user_00241,prod_00221,like,2026-03-14 11:41:18,sess_650e8bf8,mobile,174,
user_00818,prod_00018,view,2026-01-20 11:41:18,sess_409880ff,desktop,133,
user_00520,prod_00497,view,2026-02-20 11:41:18,sess_e7738a3d,tablet,177,
user_00867,prod_00377,view,2026-02-22 11:41:18,sess_72a8e994,desktop,236,
user_00642,prod_00280,purchase,2026-01-06 11:41:18,sess_428a128e,desktop,51,2.4
user_00184,prod_00121,view,2026-01-28 11:41:18,sess_10904c1b,mobile,281,
user_00788,prod_00498,view,2026-01-11 11:41:18,sess_573fbef9,desktop,145,
user_00390,prod_00400,cart,2026-01-09 11:41:18,sess_468b9f15,tablet,241,
user_00507,prod_00313,view,2026-03-11 11:41:18,sess_323f4a61,tablet,299,
user_00938,prod_00224,like,2026-02-18 11:41:18,sess_2bb607f6,tablet,300,
user_00201,prod_00253,like,2026-03-30 11:41:18,sess_0126fef4,desktop,100,
user_00699,prod_00321,view,2025-12-31 11:41:18,sess_744996c9,desktop,20,
user_00680,prod_00459,like,2026-02-16 11:41:18,sess_9bd3d555,tablet,238,
user_00583,prod_00020,view,2026-03-09 11:41:18,sess_d11f6060,desktop,282,
user_00181,prod_00399,like,2026-01-22 11:41:18,sess_d537354c,desktop,240,
user_00608,prod_00202,view,2026-01-11 11:41:18,sess_9f8168d8,desktop,100,
user_00654,prod_00127,view,2026-01-16 11:41:18,sess_ce849837,desktop,205,
user_00851,prod_00444,like,2026-01-16 11:41:18,sess_508e77c3,mobile,179,
user_00415,prod_00085,view,2026-01-02 11:41:18,sess_2a9fa30b,desktop,100,
user_00546,prod_00390,like,2026-02-15 11:41:18,sess_c583d0a1,desktop,90,
user_00992,prod_00295,view,2026-01-14 11:41:18,sess_749fd390,mobile,118,
user_00352,prod_00272,view,2026-01-25 11:41:18,sess_066ba84a,mobile,291,
user_00728,prod_00201,view,2026-01-07 11:41:18,sess_2dde79fb,desktop,270,
user_00270,prod_00490,purchase,2026-02-17 11:41:18,sess_465ee935,desktop,152,4.3
user_00230,prod_00004,view,2026-01-10 11:41:18,sess_d28010c2,mobile,267,
user_00845,prod_00296,cart,2026-01-28 11:41:18,sess_84858a7a,tablet,252,
user_00169,prod_00025,view,2025-12-30 11:41:18,sess_76c31275,desktop,125,
user_00276,prod_00407,view,2026-02-12 11:41:18,sess_964cfe53,mobile,206,
user_00315,prod_00046,view,2026-03-17 11:41:18,sess_f0f63445,desktop,172,
user_00208,prod_00055,like,2026-02-05 11:41:18,sess_f1049fbd,desktop,273,
user_00100,prod_00122,view,2026-02-18 11:41:18,sess_5bcf5350,mobile,13,
user_00983,prod_00318,cart,2026-01-07 11:41:18,sess_088d3bf6,mobile,150,
user_00974,prod_00395,view,2026-02-13 11:41:18,sess_a5704125,mobile,238,
user_00393,prod_00316,view,2026-01-22 11:41:18,sess_5a80a5f1,desktop,292,
user_00062,prod_00310,cart,2026-02-12 11:41:18,sess_01bf872f,mobile,125,
user_00865,prod_00264,view,2026-03-13 11:41:18,sess_cdbe8689,desktop,290,
user_00829,prod_00468,view,2026-02-17 11:41:18,sess_8bcd99c9,tablet,264,
user_00426,prod_00406,view,2026-02-23 11:41:18,sess_139c54f1,desktop,90,
user_00142,prod_00253,view,2026-01-04 11:41:18,sess_caf5212c,desktop,282,
user_00648,prod_00174,like,2026-01-11 11:41:18,sess_42f95ed8,desktop,96,
user_00515,prod_00066,like,2026-01-01 11:41:18,sess_7fd3fe54,desktop,175,
user_00027,prod_00070,cart,2026-02-19 11:41:18,sess_3fae8bea,desktop,122,
user_00601,prod_00332,view,2026-02-28 11:41:18,sess_b23ba326,mobile,64,
user_00819,prod_00167,view,2026-03-30 11:41:18,sess_76615664,desktop,179,
user_00493,prod_00018,view,2026-02-04 11:41:18,sess_50cc731f,tablet,98,
user_00699,prod_00052,view,2026-01-23 11:41:18,sess_f4caedc9,tablet,201,
user_00396,prod_00301,view,2026-01-01 11:41:18,sess_d2c94f57,mobile,221,
user_00460,prod_00461,like,2026-03-30 11:41:18,sess_c77332bc,mobile,192,
user_00867,prod_00264,like,2026-03-22 11:41:18,sess_3fc5fe60,tablet,116,
user_00825,prod_00417,like,2026-03-13 11:41:18,sess_484ebe72,mobile,37,
user_00130,prod_00103,like,2026-01-10 11:41:18,sess_3a817966,mobile,35,
user_00387,prod_00379,like,2026-01-27 11:41:18,sess_df71fa70,mobile,109,
user_00735,prod_00284,view,2026-01-21 11:41:18,sess_683abdaf,mobile,246,
user_00414,prod_00266,view,2026-03-08 11:41:18,sess_17eea7d0,mobile,184,
user_00492,prod_00238,view,2026-02-12 11:41:18,sess_af566d55,tablet,141,
user_00496,prod_00070,view,2026-01-16 11:41:18,sess_0e0006e4,mobile,171,
user_00146,prod_00317,view,2026-01-04 11:41:18,sess_f7d17ac4,tablet,237,
user_00392,prod_00461,like,2026-03-07 11:41:18,sess_147ad90e,tablet,230,
user_00984,prod_00062,view,2026-01-31 11:41:18,sess_212e1ef6,tablet,115,
user_00204,prod_00227,like,2026-03-27 11:41:18,sess_e10b4c8f,desktop,98,
user_00177,prod_00080,like,2026-02-04 11:41:18,sess_2ef4016e,desktop,43,
user_00656,prod_00156,view,2026-03-12 11:41:18,sess_4e5f4cd8,mobile,90,
user_00333,prod_00335,like,2026-01-20 11:41:18,sess_4eb44816,mobile,168,
user_00570,prod_00482,view,2026-03-15 11:41:18,sess_9b8e295b,desktop,242,
user_00755,prod_00381,view,2026-02-08 11:41:18,sess_a812e309,desktop,131,
user_00965,prod_00011,view,2026-02-26 11:41:18,sess_1ae437b3,tablet,260,
user_00626,prod_00367,view,2026-02-01 11:41:18,sess_da7dfccd,tablet,229,
user_00003,prod_00096,view,2026-03-10 11:41:18,sess_9f9e3ac1,mobile,174,
user_00253,prod_00342,like,2026-03-03 11:41:18,sess_723f52d5,desktop,172,
user_00142,prod_00297,view,2026-03-27 11:41:18,sess_bed5a611,tablet,55,
user_00138,prod_00407,view,2026-03-24 11:41:18,sess_5f792546,tablet,101,
user_00178,prod_00020,view,2026-01-19 11:41:18,sess_cf8fb8d0,desktop,243,
user_00532,prod_00258,view,2026-03-04 11:41:18,sess_fc605035,tablet,195,
user_00684,prod_00264,view,2026-01-08 11:41:18,sess_ac111a29,tablet,206,
user_00947,prod_00032,view,2026-02-23 11:41:18,sess_eeabe751,desktop,125,
user_00945,prod_00199,like,2026-03-16 11:41:18,sess_68b938a1,desktop,39,
user_00356,prod_00428,like,2026-03-19 11:41:18,sess_ae921665,mobile,81,
user_00659,prod_00296,like,2026-02-14 11:41:18,sess_dcb23fb0,tablet,17,
user_00095,prod_00156,view,2026-01-06 11:41:18,sess_869393a0,tablet,266,
user_00198,prod_00030,like,2026-03-20 11:41:18,sess_3c459b2b,mobile,260,
user_00096,prod_00312,view,2026-03-24 11:41:18,sess_be3647de,tablet,82,
user_00750,prod_00078,view,2026-03-15 11:41:18,sess_a7e492f8,tablet,240,
user_00420,prod_00239,view,2026-01-12 11:41:18,sess_3d876583,tablet,50,
user_00119,prod_00058,view,2026-03-14 11:41:18,sess_012cae32,mobile,26,
user_00124,prod_00317,view,2026-02-15 11:41:18,sess_3989ca31,tablet,275,
user_00779,prod_00225,view,2026-01-10 11:41:18,sess_05e85b99,tablet,114,
user_00038,prod_00151,view,2026-02-15 11:41:18,sess_c45591f3,mobile,279,
user_00014,prod_00339,view,2026-01-04 11:41:18,sess_b6e0f7ea,desktop,271,
user_00107,prod_00077,view,2026-03-19 11:41:18,sess_45b26ae3,desktop,16,
user_00809,prod_00286,view,2026-03-13 11:41:18,sess_7aa9292f,desktop,9,
user_00591,prod_00341,like,2026-03-14 11:41:18,sess_bc4583f2,mobile,104,
user_00718,prod_00434,like,2026-03-22 11:41:18,sess_9037d53c,tablet,5,
user_00825,prod_00477,like,2026-01-01 11:41:18,sess_62decc81,tablet,259,
user_00844,prod_00009,view,2026-01-31 11:41:18,sess_3c3dc9fb,mobile,77,
user_00283,prod_00098,like,2026-02-09 11:41:18,sess_8968b8da,desktop,71,
user_00218,prod_00434,view,2026-03-21 11:41:18,sess_d8aab476,tablet,84,
user_00027,prod_00073,like,2026-03-10 11:41:18,sess_cd0b70ca,desktop,123,
user_00571,prod_00254,view,2026-01-13 11:41:18,sess_883d2899,tablet,36,
user_00454,prod_00369,view,2026-01-14 11:41:18,sess_42798bf1,mobile,216,
user_00234,prod_00067,like,2026-03-17 11:41:18,sess_a36e2068,desktop,168,
user_00268,prod_00488,like,2026-03-02 11:41:18,sess_bb81b501,tablet,151,
user_00034,prod_00128,view,2026-01-11 11:41:18,sess_da1b8891,desktop,212,
user_00980,prod_00255,view,2026-02-19 11:41:18,sess_973076e6,tablet,38,
user_00380,prod_00227,view,2026-02-04 11:41:18,sess_003dc4ff,mobile,131,
user_00258,prod_00246,view,2026-02-26 11:41:18,sess_13c4a5af,desktop,227,
user_00003,prod_00057,view,2026-03-15 11:41:18,sess_cfbe7a34,tablet,67,
user_00040,prod_00107,like,2026-03-01 11:41:18,sess_5979a6f7,mobile,235,
user_00409,prod_00142,view,2026-02-04 11:41:18,sess_0d4df675,tablet,26,
user_00558,prod_00007,like,2026-03-12 11:41:18,sess_9e80f162,tablet,20,
user_00890,prod_00369,like,2026-03-05 11:41:18,sess_cbc823bb,tablet,26,
user_00419,prod_00232,view,2026-01-30 11:41:18,sess_2d5eb102,tablet,122,
user_00341,prod_00041,like,2026-02-23 11:41:18,sess_1ac69bb7,desktop,158,
user_00205,prod_00411,view,2025-12-30 11:41:18,sess_4f468885,mobile,17,
user_00018,prod_00290,view,2026-01-21 11:41:18,sess_0fa378b4,tablet,186,
user_00458,prod_00219,view,2026-01-26 11:41:18,sess_d368aebe,mobile,109,
user_00124,prod_00288,view,2026-01-04 11:41:18,sess_06410ca1,mobile,211,
user_00161,prod_00422,like,2026-02-03 11:41:18,sess_f1ab2891,mobile,45,
user_00362,prod_00300,view,2026-03-13 11:41:18,sess_72488398,tablet,248,
user_00020,prod_00017,like,2026-02-19 11:41:18,sess_aa7bc6e5,desktop,17,
user_00774,prod_00035,view,2026-01-14 11:41:18,sess_56df9e62,desktop,244,
user_00128,prod_00468,view,2026-01-06 11:41:18,sess_e864b285,desktop,125,
user_00557,prod_00394,like,2025-12-30 11:41:18,sess_3579d6f9,tablet,143,
user_00588,prod_00002,view,2025-12-30 11:41:18,sess_539060b2,mobile,167,
user_00804,prod_00089,view,2026-01-12 11:41:18,sess_896364da,tablet,24,
user_00828,prod_00302,view,2026-01-13 11:41:18,sess_77f127a4,desktop,207,
user_00803,prod_00311,view,2026-01-07 11:41:18,sess_2a7ca80c,mobile,106,
user_00475,prod_00303,view,2026-02-05 11:41:18,sess_80e5b27f,desktop,289,
user_00768,prod_00150,view,2026-02-10 11:41:18,sess_ae6bbf71,mobile,81,
user_00222,prod_00249,like,2026-02-27 11:41:18,sess_a2bcb695,mobile,94,
user_00781,prod_00166,view,2026-01-01 11:41:18,sess_ae32061f,tablet,153,
user_00597,prod_00292,purchase,2026-02-25 11:41:18,sess_9b305140,mobile,225,4.4
user_00979,prod_00339,view,2026-01-30 11:41:18,sess_00aa3452,mobile,268,
user_00472,prod_00420,view,2026-02-06 11:41:18,sess_26a8a36f,mobile,86,
user_00677,prod_00341,view,2026-01-05 11:41:18,sess_ad0a8967,tablet,137,
user_00098,prod_00436,view,2026-01-02 11:41:18,sess_7e538783,tablet,297,
user_00526,prod_00305,purchase,2026-02-02 11:41:18,sess_049dca53,mobile,280,3.0
user_00602,prod_00494,like,2026-03-21 11:41:18,sess_2e57de6b,tablet,209,
user_00916,prod_00134,view,2026-03-10 11:41:18,sess_b01533cf,mobile,236,
user_00970,prod_00451,view,2026-03-01 11:41:18,sess_6d51c3d3,tablet,230,
user_00996,prod_00260,view,2026-03-29 11:41:18,sess_62a46186,tablet,93,
user_00064,prod_00416,view,2026-03-25 11:41:18,sess_46a87514,desktop,247,
user_00328,prod_00243,like,2026-01-17 11:41:18,sess_058975f2,mobile,158,
user_00610,prod_00207,like,2026-01-24 11:41:18,sess_85f802e2,desktop,143,
user_00811,prod_00085,view,2026-01-25 11:41:18,sess_4195eafb,mobile,242,
user_00744,prod_00386,view,2026-01-04 11:41:18,sess_662a7fd0,desktop,30,
user_00274,prod_00023,view,2026-03-15 11:41:18,sess_1ee528bc,desktop,50,
user_00810,prod_00298,view,2026-02-04 11:41:18,sess_3fe6716b,mobile,258,
user_00922,prod_00283,view,2026-02-22 11:41:18,sess_5edb2011,tablet,288,
user_00572,prod_00115,like,2026-01-31 11:41:18,sess_90b7d178,tablet,208,
user_00187,prod_00150,like,2026-02-22 11:41:18,sess_042cc750,tablet,197,
user_00393,prod_00280,like,2026-02-24 11:41:18,sess_8d51fb48,desktop,266,
user_00320,prod_00078,view,2026-03-11 11:41:18,sess_2978c011,tablet,178,
user_00105,prod_00198,view,2026-02-13 11:41:18,sess_2fe23122,tablet,129,
user_00846,prod_00323,view,2026-01-20 11:41:18,sess_36681d01,mobile,5,
user_00515,prod_00496,view,2026-02-07 11:41:18,sess_8f4af61f,tablet,261,
user_00234,prod_00315,cart,2026-02-25 11:41:18,sess_d73d3136,desktop,250,
user_00155,prod_00386,view,2026-03-22 11:41:18,sess_62b22de5,desktop,16,
user_00639,prod_00427,view,2026-03-21 11:41:18,sess_88364fd6,mobile,62,
user_00601,prod_00459,view,2026-01-13 11:41:18,sess_a74cbccb,tablet,88,
user_00841,prod_00448,cart,2026-03-03 11:41:18,sess_6d09fad4,desktop,213,
user_00916,prod_00001,view,2026-02-27 11:41:18,sess_38f1b891,mobile,135,
user_00329,prod_00285,view,2025-12-31 11:41:18,sess_5a4e43f4,mobile,89,
user_00369,prod_00465,like,2026-01-11 11:41:18,sess_3e635c63,mobile,224,
user_00326,prod_00333,like,2026-01-17 11:41:18,sess_a25c5797,desktop,210,
user_00866,prod_00033,like,2026-03-22 11:41:18,sess_68745a00,tablet,69,
user_00717,prod_00133,view,2026-03-30 11:41:18,sess_19b006c4,desktop,241,
user_00854,prod_00283,view,2026-03-20 11:41:18,sess_121a143b,desktop,143,
user_00424,prod_00265,like,2026-02-08 11:41:18,sess_d9d22f4a,tablet,197,
user_00970,prod_00136,view,2026-01-21 11:41:18,sess_54249080,tablet,132,
user_00716,prod_00500,view,2026-01-19 11:41:18,sess_fad08c6e,desktop,164,
user_00953,prod_00260,view,2026-01-01 11:41:18,sess_58dedd45,mobile,172,
user_00349,prod_00302,purchase,2026-03-15 11:41:18,sess_69a0f932,tablet,74,3.9
user_00696,prod_00093,like,2026-02-27 11:41:18,sess_fea557c9,tablet,200,
user_00911,prod_00356,view,2026-03-21 11:41:18,sess_fb839b03,desktop,45,
user_00433,prod_00350,view,2026-01-13 11:41:18,sess_97c6374e,tablet,289,
user_00827,prod_00203,view,2026-02-27 11:41:18,sess_185717bd,desktop,69,
user_00103,prod_00264,view,2026-01-13 11:41:18,sess_2443bae4,mobile,199,
user_00498,prod_00004,view,2026-01-06 11:41:18,sess_68c2293a,tablet,298,
user_00309,prod_00414,view,2026-01-15 11:41:18,sess_0553793b,desktop,96,
user_00049,prod_00151,like,2026-01-18 11:41:18,sess_ed0e9e2e,tablet,227,
user_00442,prod_00255,view,2026-02-03 11:41:18,sess_a2f631a8,desktop,87,
user_00015,prod_00420,view,2026-02-12 11:41:18,sess_2b214bdb,desktop,231,
user_00349,prod_00276,view,2026-02-19 11:41:18,sess_28f8eec3,desktop,118,
user_00197,prod_00401,view,2026-02-27 11:41:18,sess_27bdcf15,desktop,137,
user_00819,prod_00208,like,2026-02-05 11:41:18,sess_33c29c1b,desktop,153,
user_00056,prod_00056,view,2026-01-12 11:41:18,sess_8c4614c9,tablet,182,
user_00235,prod_00474,view,2026-01-03 11:41:18,sess_6dff9582,desktop,87,
user_00877,prod_00096,view,2026-02-21 11:41:18,sess_97e58a3a,mobile,236,
user_00439,prod_00494,view,2026-01-29 11:41:18,sess_56739074,desktop,210,
user_00138,prod_00392,view,2026-02-09 11:41:18,sess_196f4a45,mobile,58,
user_00081,prod_00091,cart,2026-02-11 11:41:18,sess_e449ff71,tablet,133,
user_00547,prod_00409,cart,2026-01-21 11:41:18,sess_493f10a0,mobile,60,
user_00486,prod_00302,view,2026-01-26 11:41:18,sess_982a1a6c,tablet,70,
user_00201,prod_00448,view,2026-01-13 11:41:18,sess_5bbf174c,desktop,232,
user_00954,prod_00403,like,2026-02-06 11:41:18,sess_4d1d0aa5,desktop,89,
user_00654,prod_00416,view,2026-03-16 11:41:18,sess_afcf0306,mobile,32,
user_00209,prod_00271,view,2026-01-28 11:41:18,sess_b6d0d0f3,desktop,121,
user_00441,prod_00178,like,2026-02-14 11:41:18,sess_a0b90ff9,tablet,91,
user_00378,prod_00136,view,2026-03-15 11:41:18,sess_294ad471,tablet,290,
user_00712,prod_00385,view,2026-02-26 11:41:18,sess_eecdf2b6,desktop,142,
user_00049,prod_00017,view,2026-01-06 11:41:18,sess_794482eb,desktop,151,
user_00668,prod_00240,like,2026-03-21 11:41:18,sess_5d75b61b,mobile,76,
user_00968,prod_00100,like,2026-01-21 11:41:18,sess_41c62888,tablet,256,
user_00699,prod_00482,view,2026-02-08 11:41:18,sess_e14d1726,mobile,129,
user_00681,prod_00151,view,2026-03-27 11:41:18,sess_807d11c2,mobile,289,
user_00552,prod_00195,like,2026-03-29 11:41:18,sess_8a22b73c,tablet,282,
user_00063,prod_00411,view,2026-02-09 11:41:18,sess_2b724777,mobile,26,
user_00262,prod_00169,view,2026-01-12 11:41:18,sess_4367fcf7,mobile,171,
user_00737,prod_00280,view,2026-03-01 11:41:18,sess_14cf1f1b,desktop,122,
user_00903,prod_00157,view,2025-12-31 11:41:18,sess_749a08af,tablet,58,
user_00528,prod_00036,view,2026-01-25 11:41:18,sess_17e05e2e,desktop,268,
user_00927,prod_00035,view,2026-03-08 11:41:18,sess_63e936b8,desktop,135,
user_00261,prod_00470,view,2026-02-04 11:41:18,sess_146911b4,mobile,277,
user_00216,prod_00420,view,2026-01-29 11:41:18,sess_abfb2426,tablet,116,
user_00462,prod_00361,view,2026-01-02 11:41:18,sess_d1020735,tablet,169,
user_00247,prod_00330,view,2026-01-31 11:41:18,sess_3df45df9,tablet,267,
user_00677,prod_00131,like,2026-01-14 11:41:18,sess_bd3376e8,tablet,268,
user_00796,prod_00080,view,2026-02-18 11:41:18,sess_c16e880d,desktop,73,
user_00858,prod_00246,view,2026-02-01 11:41:18,sess_6254a58d,tablet,75,
user_00260,prod_00193,view,2026-03-19 11:41:18,sess_d7269efb,tablet,281,
user_00766,prod_00494,like,2026-03-04 11:41:18,sess_0c806219,tablet,120,
user_00607,prod_00231,view,2026-02-28 11:41:18,sess_2f6b17d8,tablet,57,
user_00155,prod_00500,like,2026-02-08 11:41:18,sess_a273db22,mobile,295,
user_00216,prod_00089,like,2026-03-12 11:41:18,sess_358f48bd,mobile,27,
user_00836,prod_00060,view,2026-03-08 11:41:18,sess_67a1e680,mobile,13,
user_00065,prod_00355,view,2026-02-10 11:41:18,sess_ba0cce06,mobile,28,
user_00932,prod_00016,cart,2026-01-19 11:41:18,sess_e88af4e7,mobile,156,
user_00194,prod_00191,like,2026-02-28 11:41:18,sess_a1421061,tablet,153,
user_00951,prod_00164,view,2026-03-20 11:41:18,sess_54c22ab9,tablet,266,
user_00774,prod_00025,view,2026-01-19 11:41:18,sess_2f924418,tablet,75,
user_00200,prod_00162,view,2026-01-14 11:41:18,sess_fa15371d,desktop,55,
user_00036,prod_00002,like,2026-02-07 11:41:18,sess_ce0c219e,mobile,6,
user_00379,prod_00419,like,2026-02-02 11:41:18,sess_604ccaaa,mobile,174,
user_00021,prod_00463,view,2026-01-04 11:41:18,sess_a1ab31cd,desktop,221,
user_00276,prod_00048,view,2026-01-07 11:41:18,sess_4cc97382,desktop,194,
user_00307,prod_00445,like,2026-03-02 11:41:18,sess_f51cf913,desktop,5,
user_00828,prod_00229,view,2026-01-11 11:41:18,sess_e1658651,tablet,142,
user_00791,prod_00317,view,2026-01-11 11:41:18,sess_6bd368b6,mobile,193,
user_00792,prod_00288,view,2026-01-19 11:41:18,sess_df8f0691,mobile,155,
user_00568,prod_00073,view,2026-01-17 11:41:18,sess_1de46a4d,tablet,212,
user_00164,prod_00199,like,2026-01-18 11:41:18,sess_9caadb7a,tablet,271,
user_00920,prod_00326,view,2026-01-02 11:41:18,sess_21343fa1,tablet,253,
user_00801,prod_00315,view,2026-02-11 11:41:18,sess_82a55a37,tablet,224,
user_00185,prod_00186,like,2026-03-28 11:41:18,sess_f8577678,tablet,126,
user_00130,prod_00012,view,2025-12-31 11:41:18,sess_49ac6b51,desktop,237,
user_00870,prod_00494,view,2026-02-20 11:41:18,sess_06ba9f32,mobile,288,
user_00876,prod_00003,like,2026-02-12 11:41:18,sess_e21f05f9,desktop,266,
user_00322,prod_00498,view,2026-01-31 11:41:18,sess_f861426a,desktop,51,
user_00688,prod_00383,view,2026-02-09 11:41:18,sess_2bda0785,tablet,99,
user_00803,prod_00039,view,2026-01-07 11:41:18,sess_31c4a3a8,tablet,79,
user_00288,prod_00048,like,2026-03-12 11:41:18,sess_4484869a,tablet,249,
user_00343,prod_00263,view,2025-12-30 11:41:18,sess_4c83d92e,desktop,192,
user_00273,prod_00470,view,2026-01-19 11:41:18,sess_fccc4b4e,desktop,155,
user_00382,prod_00249,view,2026-01-25 11:41:18,sess_b407f81a,mobile,6,
user_00866,prod_00296,view,2026-02-12 11:41:18,sess_cdfaebbc,desktop,5,
user_00728,prod_00295,cart,2026-01-09 11:41:18,sess_b32f151f,desktop,117,
user_00948,prod_00361,view,2026-03-24 11:41:18,sess_ac8c9dc1,desktop,92,
user_00217,prod_00424,view,2026-01-29 11:41:18,sess_7e056f0b,mobile,262,
user_00167,prod_00471,like,2026-03-23 11:41:18,sess_adadc8a4,mobile,253,
user_00533,prod_00334,view,2026-02-25 11:41:18,sess_9b9152c5,tablet,236,
user_00247,prod_00047,cart,2026-01-20 11:41:18,sess_ff11553c,desktop,8,
user_00494,prod_00034,like,2026-03-23 11:41:18,sess_0c364d24,mobile,64,
user_00589,prod_00191,view,2026-01-30 11:41:18,sess_cb426e48,mobile,49,
user_00323,prod_00096,view,2026-03-25 11:41:18,sess_3989ead1,tablet,190,
user_00233,prod_00485,view,2026-01-17 11:41:18,sess_aefc327c,mobile,107,
user_00045,prod_00017,view,2026-02-03 11:41:18,sess_7b36f17c,tablet,165,
user_00697,prod_00008,like,2026-01-06 11:41:18,sess_4ee62608,mobile,263,
user_00588,prod_00403,view,2026-02-17 11:41:18,sess_6c2c4099,tablet,155,
user_00233,prod_00416,like,2026-01-18 11:41:18,sess_917ce477,tablet,114,
user_00886,prod_00440,view,2026-01-13 11:41:18,sess_edaea991,desktop,147,
user_00980,prod_00242,view,2026-03-19 11:41:18,sess_8e4c1e5d,tablet,268,
user_00948,prod_00073,view,2026-02-19 11:41:18,sess_e816e6b3,tablet,47,
user_00219,prod_00462,view,2026-02-16 11:41:18,sess_378bbeb5,mobile,83,
user_00361,prod_00397,view,2026-03-07 11:41:18,sess_bb0fddc0,mobile,244,
user_00914,prod_00152,like,2026-02-02 11:41:18,sess_6b52cb62,desktop,273,
user_00783,prod_00452,view,2026-03-11 11:41:18,sess_a5763c16,desktop,276,
user_00062,prod_00208,like,2026-02-01 11:41:18,sess_91602eaa,mobile,285,
user_00225,prod_00368,like,2026-01-19 11:41:18,sess_3ec8bd33,desktop,95,
user_00326,prod_00410,view,2026-01-09 11:41:18,sess_c0a8dbd7,desktop,212,
user_00937,prod_00071,view,2026-03-24 11:41:18,sess_4392bf4b,desktop,232,
user_00950,prod_00142,view,2026-02-01 11:41:18,sess_81d5c111,tablet,176,
user_00361,prod_00041,like,2026-03-29 11:41:18,sess_c5569297,tablet,22,
user_00554,prod_00480,purchase,2026-01-09 11:41:18,sess_35115152,tablet,163,3.9
user_00683,prod_00308,cart,2026-03-20 11:41:18,sess_f02bc10b,mobile,241,
user_00798,prod_00260,view,2026-01-02 11:41:18,sess_97d198fc,mobile,77,
user_00337,prod_00413,like,2026-01-02 11:41:18,sess_3058ef97,tablet,95,
user_00173,prod_00325,view,2026-01-10 11:41:18,sess_d61cfd1d,desktop,124,
user_00323,prod_00419,view,2026-03-20 11:41:18,sess_24b57861,tablet,95,
user_00001,prod_00458,view,2026-03-07 11:41:18,sess_40442399,desktop,165,
user_00804,prod_00407,cart,2026-03-10 11:41:18,sess_c3077b39,desktop,30,
user_00081,prod_00164,view,2026-03-07 11:41:18,sess_87ecc838,desktop,137,
user_00451,prod_00325,view,2026-02-22 11:41:18,sess_0d443e49,mobile,257,
user_00103,prod_00392,like,2026-01-19 11:41:18,sess_3e3f784f,mobile,186,
user_00726,prod_00381,view,2026-03-01 11:41:18,sess_d72c5cfb,tablet,38,
user_00050,prod_00005,view,2026-01-03 11:41:18,sess_d91e1325,tablet,115,
user_00994,prod_00156,view,2026-01-15 11:41:18,sess_f82c8f20,mobile,6,
user_00285,prod_00179,like,2026-01-25 11:41:18,sess_53cdb146,tablet,150,
user_00066,prod_00037,view,2026-03-18 11:41:18,sess_f838394d,mobile,177,
user_00902,prod_00316,like,2026-02-27 11:41:18,sess_ee813fa9,desktop,295,
user_00349,prod_00076,view,2026-03-21 11:41:18,sess_f49f61f7,mobile,35,
user_00418,prod_00494,view,2026-01-16 11:41:18,sess_f44c6c44,mobile,14,
user_00408,prod_00293,like,2026-03-21 11:41:18,sess_29e77a03,tablet,203,
user_00735,prod_00225,view,2025-12-31 11:41:18,sess_666f015f,mobile,250,
user_00513,prod_00137,like,2026-01-17 11:41:18,sess_a4fb6944,desktop,162,
user_00595,prod_00358,cart,2026-02-08 11:41:18,sess_edbda170,desktop,239,
user_00387,prod_00389,view,2026-03-29 11:41:18,sess_23ebcc27,mobile,87,
user_00649,prod_00179,view,2026-03-03 11:41:18,sess_4b2eccca,desktop,165,
user_00262,prod_00067,view,2026-03-17 11:41:18,sess_d8b932e2,desktop,280,
user_00261,prod_00095,view,2026-01-05 11:41:18,sess_e3e29a4c,tablet,81,
user_00225,prod_00405,view,2026-03-18 11:41:18,sess_b3f57921,mobile,12,
user_00755,prod_00404,view,2026-01-07 11:41:18,sess_dd19df22,desktop,28,
user_00365,prod_00126,view,2026-01-20 11:41:18,sess_2d98bf41,tablet,216,
user_00523,prod_00130,view,2026-03-16 11:41:18,sess_dd2995cb,mobile,201,
user_00403,prod_00228,purchase,2026-01-03 11:41:18,sess_17d9fcb9,desktop,238,2.3
user_00898,prod_00289,view,2026-01-17 11:41:18,sess_11fa11d1,mobile,49,
user_00176,prod_00304,view,2026-02-08 11:41:18,sess_57f68bf1,mobile,123,
user_00977,prod_00432,view,2026-03-08 11:41:18,sess_ee6b5f1f,mobile,77,
user_00469,prod_00190,view,2026-03-21 11:41:18,sess_5a35fc80,desktop,241,
user_00475,prod_00456,view,2026-03-14 11:41:18,sess_db41b597,mobile,232,
user_00118,prod_00047,like,2026-03-30 11:41:18,sess_afcd824b,mobile,101,
user_00442,prod_00359,view,2026-01-12 11:41:18,sess_ad0ec6bf,tablet,92,
user_00070,prod_00181,view,2026-01-27 11:41:18,sess_8873b824,tablet,7,
user_00703,prod_00188,view,2026-03-16 11:41:18,sess_a1a063ba,tablet,228,
user_00217,prod_00275,view,2026-01-19 11:41:18,sess_28db6d79,mobile,165,
user_00583,prod_00384,view,2026-01-29 11:41:18,sess_cb1c8e46,mobile,53,
user_00391,prod_00285,like,2026-02-28 11:41:18,sess_c05b0152,desktop,278,
user_00784,prod_00414,view,2026-02-10 11:41:18,sess_ac571e6f,tablet,84,
user_00521,prod_00466,like,2026-02-19 11:41:18,sess_691b667d,mobile,54,
user_00527,prod_00071,purchase,2026-03-08 11:41:18,sess_abc8e52b,tablet,114,3.5
user_00550,prod_00066,view,2026-03-11 11:41:18,sess_4572c092,mobile,134,
user_00091,prod_00143,view,2026-02-23 11:41:18,sess_7d8492ed,tablet,113,
user_00749,prod_00068,view,2026-02-12 11:41:18,sess_24b6ea10,tablet,105,
user_00718,prod_00006,like,2026-01-08 11:41:18,sess_5f09a61f,mobile,30,
user_00284,prod_00480,view,2026-03-14 11:41:18,sess_272b3939,mobile,229,
user_00510,prod_00184,view,2026-03-17 11:41:18,sess_e0995eda,mobile,195,
user_00736,prod_00100,like,2026-02-05 11:41:18,sess_331db09a,desktop,29,
user_00417,prod_00130,view,2026-01-02 11:41:18,sess_e04aa5fd,mobile,181,
user_00733,prod_00407,like,2026-02-08 11:41:18,sess_914724bc,tablet,54,
user_00626,prod_00276,view,2026-03-21 11:41:18,sess_d1257917,tablet,16,
user_00668,prod_00083,view,2026-01-02 11:41:18,sess_01ada27d,tablet,42,
user_00481,prod_00153,cart,2026-03-10 11:41:18,sess_ce5bffc9,tablet,276,
user_00224,prod_00062,view,2026-01-20 11:41:18,sess_a3cf5678,desktop,39,
user_00635,prod_00199,view,2026-01-17 11:41:18,sess_50c53d04,mobile,108,
user_00962,prod_00061,view,2026-01-25 11:41:18,sess_372ae164,mobile,192,
user_00416,prod_00286,like,2026-02-08 11:41:18,sess_f1f249f9,desktop,25,
user_00393,prod_00120,cart,2026-01-24 11:41:18,sess_3dadfed9,desktop,190,
user_00371,prod_00031,view,2026-02-26 11:41:18,sess_059c376e,desktop,23,
user_00452,prod_00495,view,2026-03-05 11:41:18,sess_16fb772b,tablet,161,
user_00620,prod_00395,like,2026-02-20 11:41:18,sess_b4e6f4cd,tablet,197,
user_00172,prod_00233,view,2026-03-09 11:41:18,sess_1e47ee2e,desktop,73,
user_00445,prod_00452,view,2026-03-12 11:41:18,sess_7a50233e,desktop,115,
user_00805,prod_00211,like,2026-01-18 11:41:18,sess_7e681c43,tablet,169,
user_00273,prod_00345,view,2026-01-24 11:41:18,sess_3f0fe8a7,tablet,25,
user_00547,prod_00377,like,2026-03-18 11:41:18,sess_9f4c08bf,tablet,213,
user_00152,prod_00328,like,2026-01-05 11:41:18,sess_3dbed44d,tablet,297,
user_00700,prod_00195,view,2026-01-18 11:41:18,sess_95c72044,desktop,127,
user_00909,prod_00069,like,2026-02-12 11:41:18,sess_5dd7d4f0,tablet,34,
user_00374,prod_00273,view,2026-02-25 11:41:18,sess_e43ff0df,mobile,22,
user_00829,prod_00354,view,2025-12-30 11:41:18,sess_c944007c,desktop,275,
user_00512,prod_00208,view,2026-02-24 11:41:18,sess_220a2771,desktop,244,
user_00798,prod_00373,like,2026-02-16 11:41:18,sess_12f138b6,desktop,210,
user_00601,prod_00365,like,2026-02-16 11:41:18,sess_76628c1d,mobile,189,
user_00991,prod_00123,view,2026-01-29 11:41:18,sess_c2aed6c7,desktop,206,
user_00396,prod_00477,cart,2026-03-04 11:41:18,sess_fa25e18b,desktop,69,
user_00081,prod_00091,view,2026-03-28 11:41:18,sess_07ed1a08,tablet,9,
user_00587,prod_00171,view,2026-02-15 11:41:18,sess_aa7f4fd6,mobile,209,
user_00611,prod_00074,like,2026-02-20 11:41:18,sess_ac101b1d,desktop,98,
user_00116,prod_00437,view,2026-02-23 11:41:18,sess_986dd059,mobile,127,
user_00377,prod_00398,view,2026-02-09 11:41:18,sess_d2f3db30,mobile,151,
user_00054,prod_00342,view,2026-01-15 11:41:18,sess_e2b344a3,mobile,131,
user_00812,prod_00460,like,2026-02-18 11:41:18,sess_b3c71e1d,desktop,114,
user_00736,prod_00415,view,2026-02-06 11:41:18,sess_998aedcf,mobile,239,
user_00232,prod_00054,view,2026-01-07 11:41:18,sess_10d3da25,tablet,67,
user_00508,prod_00482,cart,2026-03-15 11:41:18,sess_e9a71a5f,mobile,193,
user_00748,prod_00282,view,2026-01-18 11:41:18,sess_073c24bb,desktop,167,
user_00161,prod_00108,like,2026-03-08 11:41:18,sess_677b6668,desktop,263,
user_00817,prod_00236,view,2026-01-02 11:41:18,sess_7c875b4d,tablet,260,
user_00050,prod_00058,view,2026-03-10 11:41:18,sess_3c6612b5,tablet,17,
user_00709,prod_00271,like,2026-03-02 11:41:18,sess_7ff392ca,desktop,241,
user_00464,prod_00068,view,2026-02-17 11:41:18,sess_fb324ec4,desktop,101,
user_00200,prod_00240,view,2026-03-23 11:41:18,sess_5a477bf9,tablet,28,
user_00948,prod_00391,like,2026-03-22 11:41:18,sess_fb0a29b0,mobile,193,
user_00334,prod_00333,view,2026-03-11 11:41:18,sess_84a76dc9,desktop,96,
user_00747,prod_00066,view,2026-02-18 11:41:18,sess_016d2739,desktop,104,
user_00123,prod_00218,view,2026-03-01 11:41:18,sess_61e7d27b,tablet,68,
user_00788,prod_00471,like,2026-03-19 11:41:18,sess_6a3bce3f,desktop,89,
user_00931,prod_00018,view,2026-02-10 11:41:18,sess_f5a7bd61,tablet,182,
user_00360,prod_00364,view,2026-02-08 11:41:18,sess_22bb5560,mobile,18,
user_00616,prod_00331,view,2026-01-09 11:41:18,sess_849ba8d7,desktop,131,
user_00353,prod_00066,like,2026-01-05 11:41:18,sess_d2e4896d,tablet,114,
user_00932,prod_00121,view,2026-01-08 11:41:18,sess_68868894,tablet,231,
user_00233,prod_00359,like,2026-02-22 11:41:18,sess_07a53a67,desktop,247,
user_00708,prod_00356,like,2026-02-04 11:41:18,sess_0737153c,mobile,264,
user_00359,prod_00498,view,2026-03-19 11:41:18,sess_42e5e408,mobile,287,
user_01000,prod_00236,view,2026-02-09 11:41:18,sess_85f167db,tablet,259,
user_00807,prod_00492,like,2026-03-05 11:41:18,sess_1ca276c3,desktop,24,
user_00102,prod_00008,view,2026-02-08 11:41:18,sess_70ad505a,mobile,186,
user_00661,prod_00433,like,2026-03-07 11:41:18,sess_a960e8d2,tablet,50,
user_00987,prod_00440,view,2026-01-09 11:41:18,sess_8499346e,desktop,139,
user_00547,prod_00441,like,2026-02-25 11:41:18,sess_df29276a,mobile,79,
user_00215,prod_00497,like,2026-03-10 11:41:18,sess_82a3d562,tablet,265,
user_00018,prod_00325,like,2026-02-14 11:41:18,sess_645bf96e,tablet,294,
user_00158,prod_00368,view,2026-02-13 11:41:18,sess_83922c9f,desktop,34,
user_00387,prod_00094,view,2026-01-06 11:41:18,sess_838294ad,mobile,204,
user_00249,prod_00427,like,2026-03-16 11:41:18,sess_5b6f9ae7,tablet,33,
user_00279,prod_00204,view,2026-02-28 11:41:18,sess_b0a9c9a9,mobile,253,
user_00686,prod_00162,like,2026-01-06 11:41:18,sess_eb7604a4,tablet,170,
user_00153,prod_00007,view,2026-02-09 11:41:18,sess_c018e21d,mobile,210,
user_00677,prod_00030,view,2026-03-01 11:41:18,sess_0a0770d6,tablet,247,
user_00673,prod_00188,view,2026-02-23 11:41:18,sess_a457c7e2,desktop,28,
user_00371,prod_00164,view,2026-03-08 11:41:18,sess_bb82bd2e,tablet,39,
user_00378,prod_00045,purchase,2026-01-03 11:41:18,sess_3098a928,desktop,173,2.7
user_00018,prod_00292,view,2026-02-10 11:41:18,sess_63045ca7,tablet,113,
user_00606,prod_00165,view,2026-02-13 11:41:18,sess_28b4a030,mobile,35,
user_00489,prod_00412,cart,2026-03-09 11:41:18,sess_be51e696,desktop,86,
user_00683,prod_00008,view,2026-01-06 11:41:18,sess_8c51f098,desktop,54,
user_00140,prod_00374,view,2026-03-21 11:41:18,sess_dce67ae3,mobile,297,
user_00250,prod_00385,like,2026-01-17 11:41:18,sess_bfb588f0,tablet,237,
user_00416,prod_00019,view,2026-03-09 11:41:18,sess_ec76ec09,desktop,256,
user_00915,prod_00248,view,2026-01-12 11:41:18,sess_58a21a0e,mobile,72,
user_00449,prod_00334,view,2026-03-27 11:41:18,sess_e7adfa98,desktop,178,
user_00713,prod_00296,view,2026-02-05 11:41:18,sess_40155b1d,desktop,126,
user_00861,prod_00327,like,2025-12-31 11:41:18,sess_88ab8ac0,tablet,163,
user_00208,prod_00060,view,2026-02-10 11:41:18,sess_427c8322,desktop,163,
user_00193,prod_00016,view,2026-03-15 11:41:18,sess_81213d40,mobile,28,
user_00163,prod_00062,view,2026-03-27 11:41:18,sess_ed605578,desktop,253,
user_00827,prod_00194,like,2026-02-22 11:41:18,sess_7cc2f0c5,desktop,8,
user_00729,prod_00026,view,2026-01-18 11:41:18,sess_369f554f,desktop,207,
user_00314,prod_00159,view,2026-02-20 11:41:18,sess_778002c2,tablet,234,
user_00608,prod_00231,cart,2026-03-05 11:41:18,sess_997f66d1,desktop,182,
user_00437,prod_00354,view,2026-02-16 11:41:18,sess_1128fbe4,mobile,16,
user_00417,prod_00126,view,2026-03-02 11:41:18,sess_bd2cae9f,desktop,106,
user_00039,prod_00302,like,2026-01-30 11:41:18,sess_5d3a855b,desktop,45,
user_00113,prod_00452,view,2025-12-31 11:41:18,sess_e51a9cc2,desktop,119,
user_00329,prod_00106,view,2026-01-14 11:41:18,sess_f7178160,desktop,9,
user_00184,prod_00189,view,2026-01-22 11:41:18,sess_e20500c7,mobile,241,
user_00424,prod_00346,view,2026-02-28 11:41:18,sess_fde2ac41,mobile,165,
user_00629,prod_00149,view,2026-02-14 11:41:18,sess_ebcb7218,desktop,216,
user_00674,prod_00223,view,2026-02-16 11:41:18,sess_a69f187d,desktop,154,
user_00764,prod_00114,like,2026-02-19 11:41:18,sess_5122a5e7,tablet,67,
user_00406,prod_00292,like,2026-02-25 11:41:18,sess_8d029bec,desktop,235,
user_00292,prod_00116,like,2026-01-03 11:41:18,sess_adb2bb86,tablet,292,
user_00176,prod_00075,view,2026-02-16 11:41:18,sess_e6757f61,tablet,220,
user_00132,prod_00310,like,2026-01-21 11:41:18,sess_89a2667f,tablet,272,
user_00597,prod_00440,view,2026-03-10 11:41:18,sess_e8abae33,mobile,9,
user_00916,prod_00390,view,2026-01-01 11:41:18,sess_829b15ea,mobile,63,
user_00882,prod_00246,view,2026-02-20 11:41:18,sess_193bcc02,tablet,183,
user_00198,prod_00147,view,2026-01-29 11:41:18,sess_bb1bde82,tablet,72,
user_00880,prod_00399,view,2026-03-29 11:41:18,sess_2fece2e2,mobile,159,
user_00285,prod_00291,purchase,2026-01-11 11:41:18,sess_82b97900,mobile,295,1.2
user_00029,prod_00073,view,2026-03-16 11:41:18,sess_a22eca24,mobile,241,
user_00342,prod_00440,like,2026-03-06 11:41:18,sess_170bcebc,desktop,177,
user_00644,prod_00347,like,2026-03-20 11:41:18,sess_35a58ebd,tablet,116,
user_00968,prod_00036,like,2025-12-31 11:41:18,sess_cbc9a8e3,desktop,208,
user_00398,prod_00114,view,2026-01-20 11:41:18,sess_1ecdf947,tablet,194,
user_00050,prod_00454,view,2026-03-07 11:41:18,sess_28d2871c,mobile,213,
user_00162,prod_00478,view,2026-02-27 11:41:18,sess_7c9b048e,mobile,163,
user_00469,prod_00150,view,2026-03-04 11:41:18,sess_bfb3396a,tablet,60,
user_00020,prod_00155,view,2026-01-15 11:41:18,sess_ab8f4d23,desktop,263,
user_00760,prod_00355,purchase,2026-01-19 11:41:18,sess_34bd9e45,tablet,165,3.8
user_00919,prod_00073,view,2026-01-15 11:41:18,sess_9a78b16e,mobile,83,
user_00908,prod_00413,view,2026-01-27 11:41:18,sess_0712d247,desktop,151,
user_00066,prod_00239,view,2026-03-26 11:41:18,sess_d02f493c,desktop,111,
user_00862,prod_00164,view,2026-01-21 11:41:18,sess_f7352586,desktop,29,
user_00168,prod_00083,view,2026-02-15 11:41:18,sess_cb2d8aa4,mobile,234,
user_00770,prod_00173,view,2026-03-13 11:41:18,sess_6598cf28,tablet,83,
user_00639,prod_00407,view,2026-03-28 11:41:18,sess_713ee533,mobile,174,
user_00411,prod_00294,view,2026-03-29 11:41:18,sess_219ef3dd,mobile,16,
user_00225,prod_00102,view,2026-02-02 11:41:18,sess_fc8b721d,mobile,67,
user_00687,prod_00462,like,2026-02-02 11:41:18,sess_58e2c4d8,desktop,77,
user_00795,prod_00245,like,2026-03-23 11:41:18,sess_77df3d01,mobile,147,
user_00658,prod_00190,view,2026-03-08 11:41:18,sess_f036a854,mobile,289,
user_00789,prod_00133,view,2026-03-27 11:41:18,sess_6d990af1,mobile,143,
user_00734,prod_00470,view,2026-01-20 11:41:18,sess_0d48b81c,desktop,239,
user_00070,prod_00485,view,2026-03-10 11:41:18,sess_93ede609,mobile,72,
user_00300,prod_00027,view,2026-02-06 11:41:18,sess_2ddfa16e,desktop,284,
user_00474,prod_00374,like,2026-01-26 11:41:18,sess_85766593,desktop,138,
user_00424,prod_00055,cart,2026-02-12 11:41:18,sess_be6bc4b3,tablet,282,
user_00233,prod_00275,view,2026-01-03 11:41:18,sess_e3d0e232,desktop,80,
user_00348,prod_00259,view,2026-02-18 11:41:18,sess_02736234,tablet,25,
user_00822,prod_00490,view,2026-01-21 11:41:18,sess_0c54bffd,desktop,135,
user_00937,prod_00260,like,2026-02-01 11:41:18,sess_3a2a43b9,tablet,44,
user_00814,prod_00096,view,2026-03-19 11:41:18,sess_17aa8253,mobile,66,
user_00544,prod_00235,view,2026-02-14 11:41:18,sess_3e25e0d3,tablet,288,
user_00426,prod_00414,view,2026-03-21 11:41:18,sess_067e5dcf,desktop,30,
user_00884,prod_00423,view,2026-03-26 11:41:18,sess_12abd680,tablet,120,
user_00613,prod_00078,view,2026-01-10 11:41:18,sess_6d49e1c6,tablet,133,
user_00712,prod_00182,view,2026-03-16 11:41:18,sess_cf6e5a0c,desktop,57,
user_00177,prod_00090,like,2026-02-27 11:41:18,sess_2725124e,mobile,290,
user_00466,prod_00094,view,2026-02-21 11:41:18,sess_5a16db7b,mobile,78,
user_00116,prod_00193,view,2026-02-17 11:41:18,sess_cb6ed418,tablet,138,
user_00606,prod_00451,like,2026-03-30 11:41:18,sess_2e21e8db,tablet,281,
user_00837,prod_00101,like,2026-03-28 11:41:18,sess_4e9bbc62,desktop,262,
user_00861,prod_00266,view,2026-01-15 11:41:18,sess_ef53407b,desktop,11,
user_00278,prod_00238,cart,2026-02-11 11:41:18,sess_ea8df824,tablet,198,
user_00785,prod_00260,view,2026-02-18 11:41:18,sess_7b9a9b82,mobile,234,
user_00509,prod_00132,view,2026-01-08 11:41:18,sess_b4fd5ce4,tablet,112,
user_00164,prod_00486,view,2026-02-24 11:41:18,sess_8aa362de,mobile,236,
user_00944,prod_00255,view,2026-03-09 11:41:18,sess_633b69fc,mobile,188,
user_00581,prod_00079,view,2026-02-07 11:41:18,sess_6a9b6571,desktop,282,
user_00086,prod_00073,view,2026-02-11 11:41:18,sess_0a2b3dce,tablet,85,
user_00155,prod_00304,view,2026-02-17 11:41:18,sess_b899a79b,desktop,116,
user_00044,prod_00078,view,2026-01-04 11:41:18,sess_408cb892,tablet,210,
user_00239,prod_00224,view,2026-03-11 11:41:18,sess_6915cdb4,tablet,214,
user_00177,prod_00424,view,2026-03-07 11:41:18,sess_051a4980,mobile,225,
user_00387,prod_00039,view,2026-01-10 11:41:18,sess_33f87c8f,tablet,18,
user_00662,prod_00343,view,2026-03-04 11:41:18,sess_d7a7a47c,tablet,59,
user_00229,prod_00336,view,2026-01-16 11:41:18,sess_8b91c277,tablet,119,
user_00722,prod_00439,view,2026-01-07 11:41:18,sess_7afd8f1d,mobile,95,
user_00871,prod_00078,purchase,2026-02-21 11:41:18,sess_e101bd48,tablet,62,3.8
user_00552,prod_00079,view,2026-01-21 11:41:18,sess_88cf0596,desktop,210,
user_00306,prod_00458,view,2026-01-15 11:41:18,sess_4ad829a7,mobile,276,
user_00335,prod_00135,view,2026-02-19 11:41:18,sess_04c5733a,mobile,5,
user_00044,prod_00407,view,2026-01-25 11:41:18,sess_6f347ff5,desktop,231,
user_00654,prod_00269,view,2026-02-18 11:41:18,sess_e1fd1eab,tablet,172,
user_00795,prod_00378,view,2026-02-22 11:41:18,sess_7d2650f4,desktop,164,
user_00794,prod_00382,view,2026-03-14 11:41:18,sess_cc740f53,mobile,156,
user_00675,prod_00093,view,2026-02-03 11:41:18,sess_547b5ef4,mobile,96,
user_00077,prod_00099,view,2026-01-01 11:41:18,sess_278060dd,mobile,28,
user_00292,prod_00084,view,2026-03-16 11:41:18,sess_2f51b54d,desktop,253,
user_00961,prod_00262,view,2026-01-11 11:41:18,sess_d9152c91,desktop,83,
user_00846,prod_00390,view,2026-01-13 11:41:18,sess_16e56470,tablet,147,
user_00590,prod_00354,view,2026-01-24 11:41:18,sess_5022f265,tablet,106,
user_00114,prod_00377,view,2026-02-03 11:41:18,sess_d7990f68,desktop,214,
user_00022,prod_00378,cart,2026-02-14 11:41:18,sess_1680c705,mobile,87,
user_00553,prod_00173,view,2026-03-06 11:41:18,sess_e4fbefb7,mobile,6,
user_00330,prod_00324,view,2026-03-08 11:41:18,sess_648fae9a,desktop,130,
user_00908,prod_00272,view,2026-03-30 11:41:18,sess_7329b41b,desktop,288,
user_00706,prod_00083,like,2026-01-17 11:41:18,sess_f7902231,tablet,36,
user_00062,prod_00231,view,2026-02-03 11:41:18,sess_1976ea75,mobile,239,
user_00775,prod_00224,like,2026-03-04 11:41:18,sess_62b6b687,tablet,202,
user_00690,prod_00405,view,2026-01-28 11:41:18,sess_ceb2c251,desktop,47,
user_00518,prod_00173,like,2026-02-07 11:41:18,sess_a0a95270,mobile,208,
user_00466,prod_00054,view,2026-02-19 11:41:18,sess_3ebaa7f3,mobile,5,
user_00997,prod_00039,view,2026-01-25 11:41:18,sess_ec367ee5,mobile,107,
user_00922,prod_00116,view,2026-01-20 11:41:18,sess_183faa61,tablet,119,
user_00358,prod_00460,view,2026-01-13 11:41:18,sess_9b3d11a3,tablet,37,
user_00542,prod_00245,like,2026-03-28 11:41:18,sess_91f23fce,desktop,251,
user_00505,prod_00198,view,2026-02-04 11:41:18,sess_1e459c0a,tablet,194,
user_00846,prod_00298,view,2026-01-21 11:41:18,sess_7edd2dc5,tablet,56,
user_00877,prod_00335,view,2026-03-21 11:41:18,sess_5073374b,tablet,70,
user_00479,prod_00311,cart,2026-01-25 11:41:18,sess_4643b9d7,tablet,61,
user_00361,prod_00497,view,2026-01-21 11:41:18,sess_03a728fe,tablet,131,
user_00555,prod_00355,view,2026-01-26 11:41:18,sess_2e171d56,mobile,13,
user_00734,prod_00421,like,2026-02-07 11:41:18,sess_ace0e2c3,tablet,201,
user_00783,prod_00088,view,2026-03-18 11:41:18,sess_8088331b,mobile,170,
user_00459,prod_00105,view,2026-01-14 11:41:18,sess_68d3121d,tablet,88,
user_00352,prod_00167,view,2026-01-04 11:41:18,sess_ff664474,desktop,9,
user_00783,prod_00228,like,2026-02-02 11:41:18,sess_0f6d35de,desktop,248,
user_00147,prod_00392,view,2026-02-20 11:41:18,sess_0ac34857,mobile,229,
user_00588,prod_00317,view,2026-01-18 11:41:18,sess_eec32c97,mobile,288,
user_00801,prod_00305,view,2026-01-02 11:41:18,sess_b862f13a,desktop,135,
user_00573,prod_00181,view,2026-03-21 11:41:18,sess_7142ddd7,tablet,104,
user_00822,prod_00312,view,2026-01-30 11:41:18,sess_68f85c70,mobile,152,
user_00860,prod_00235,view,2026-01-15 11:41:18,sess_ef5aa708,tablet,278,
user_00110,prod_00195,like,2026-02-18 11:41:18,sess_7f8cec3d,mobile,90,
user_00679,prod_00328,like,2026-03-26 11:41:18,sess_362f016f,mobile,209,
user_00143,prod_00493,view,2026-02-07 11:41:18,sess_953d0763,desktop,288,
user_00617,prod_00462,view,2026-01-20 11:41:18,sess_dc59d9fd,mobile,143,
user_00548,prod_00427,view,2026-03-17 11:41:18,sess_0992caae,mobile,5,
user_00570,prod_00450,like,2026-02-19 11:41:18,sess_f4607077,tablet,281,
user_00565,prod_00122,view,2026-03-17 11:41:18,sess_9135624c,tablet,182,
user_00426,prod_00444,view,2026-02-01 11:41:18,sess_57063bd0,desktop,11,
user_00049,prod_00001,view,2026-02-14 11:41:18,sess_01026afd,tablet,204,
user_00779,prod_00348,view,2026-01-13 11:41:18,sess_ccf7d2ad,desktop,109,
user_00018,prod_00467,view,2026-03-18 11:41:18,sess_ba684a13,tablet,138,
user_00786,prod_00290,like,2026-02-21 11:41:18,sess_bb805df3,desktop,234,
user_00584,prod_00027,like,2026-01-22 11:41:18,sess_c9a0bc4e,desktop,87,
user_00425,prod_00450,view,2026-01-09 11:41:18,sess_1b45f2b7,mobile,223,
user_00382,prod_00455,view,2026-02-24 11:41:18,sess_94210a31,desktop,160,
user_00973,prod_00497,view,2026-01-13 11:41:18,sess_82251a23,mobile,206,
user_00496,prod_00141,like,2026-02-11 11:41:18,sess_eeb8df62,mobile,159,
user_00963,prod_00020,view,2026-03-14 11:41:18,sess_e83ca733,mobile,170,
user_00933,prod_00177,cart,2026-02-04 11:41:18,sess_dfd19c42,mobile,99,
user_00962,prod_00438,view,2026-03-29 11:41:18,sess_6b13dbf2,desktop,125,
user_00221,prod_00478,view,2026-03-27 11:41:18,sess_6feb87f7,desktop,260,
user_00315,prod_00246,view,2026-02-22 11:41:18,sess_65ec7a07,tablet,171,
user_00382,prod_00306,view,2026-02-17 11:41:18,sess_78755502,mobile,54,
user_00869,prod_00422,view,2026-02-18 11:41:18,sess_53fce3b3,mobile,255,
user_00851,prod_00042,view,2026-02-14 11:41:18,sess_c596dbad,mobile,57,
user_00171,prod_00360,view,2026-02-27 11:41:18,sess_e8732c9d,desktop,70,
user_00675,prod_00095,cart,2026-01-29 11:41:18,sess_40abbb53,mobile,78,
user_00649,prod_00497,view,2026-02-04 11:41:18,sess_89084514,desktop,279,
user_00658,prod_00280,view,2026-01-18 11:41:18,sess_4df2545f,desktop,169,
user_00568,prod_00167,view,2026-01-04 11:41:18,sess_350e0107,desktop,92,
user_00698,prod_00431,view,2026-02-18 11:41:18,sess_d27e952e,mobile,212,
user_00119,prod_00258,view,2026-01-11 11:41:18,sess_b1fc9ef7,mobile,234,
user_00069,prod_00029,like,2026-02-12 11:41:18,sess_9570c76d,desktop,52,
user_00265,prod_00230,view,2026-01-29 11:41:18,sess_4372c6c5,mobile,192,
user_00654,prod_00110,like,2026-02-21 11:41:18,sess_20ff235d,mobile,241,
user_00122,prod_00183,like,2026-02-25 11:41:18,sess_2c7a9c54,desktop,109,
user_00038,prod_00171,view,2026-01-21 11:41:18,sess_add01cf5,mobile,118,
user_00200,prod_00064,view,2026-03-22 11:41:18,sess_3e39c538,tablet,107,
user_00246,prod_00423,view,2026-03-26 11:41:18,sess_818bf6fa,tablet,247,
user_00519,prod_00274,like,2026-03-08 11:41:18,sess_52b655c3,desktop,283,
user_00487,prod_00101,view,2026-01-18 11:41:18,sess_426706b0,desktop,99,
user_00324,prod_00351,view,2026-03-15 11:41:18,sess_be8eecc2,desktop,161,
user_00419,prod_00168,like,2026-01-24 11:41:18,sess_8a433e06,mobile,56,
user_00525,prod_00290,view,2026-01-02 11:41:18,sess_95bab2f8,desktop,101,
user_00300,prod_00143,view,2026-01-28 11:41:18,sess_1c6b0d71,desktop,198,
user_00956,prod_00084,view,2026-03-22 11:41:18,sess_9511f4f0,desktop,119,
user_00215,prod_00417,view,2026-01-12 11:41:18,sess_05c05d3c,tablet,136,
user_00910,prod_00193,view,2026-02-15 11:41:18,sess_a6e5bbb5,mobile,299,
user_00600,prod_00405,view,2026-03-16 11:41:18,sess_9d6a2df6,mobile,277,
user_00610,prod_00284,view,2026-01-16 11:41:18,sess_206b01a4,mobile,277,
user_00928,prod_00120,view,2025-12-30 11:41:18,sess_ce44cf89,mobile,281,
user_00609,prod_00210,like,2026-02-23 11:41:18,sess_89498829,tablet,268,
user_00796,prod_00265,view,2026-01-04 11:41:18,sess_0f2b7ade,tablet,239,
user_00597,prod_00190,view,2026-02-11 11:41:18,sess_38a7f26f,desktop,173,
user_00651,prod_00364,cart,2026-01-23 11:41:18,sess_32193da9,tablet,61,
user_00863,prod_00304,view,2026-03-21 11:41:18,sess_084851af,desktop,241,
user_00749,prod_00276,like,2026-01-08 11:41:18,sess_344cc561,tablet,236,
user_00921,prod_00042,view,2026-02-16 11:41:18,sess_20938ef9,tablet,275,
user_00307,prod_00469,like,2026-03-04 11:41:18,sess_5d4fe237,desktop,259,
user_00779,prod_00448,view,2026-02-08 11:41:18,sess_33ac98ce,tablet,58,
user_00085,prod_00094,view,2026-03-04 11:41:18,sess_6820f325,tablet,262,
user_00350,prod_00386,cart,2026-03-20 11:41:18,sess_27230372,tablet,130,
user_00625,prod_00252,view,2026-02-15 11:41:18,sess_3356abd5,tablet,10,
user_00909,prod_00421,like,2026-01-16 11:41:18,sess_26240543,tablet,90,
user_00854,prod_00054,view,2026-03-24 11:41:18,sess_c17245d2,desktop,166,
user_00152,prod_00287,like,2026-02-11 11:41:18,sess_daf5775d,mobile,165,
user_00763,prod_00259,like,2026-01-04 11:41:18,sess_5232a27c,desktop,104,
user_00130,prod_00345,view,2026-03-15 11:41:18,sess_a0d9d00e,mobile,299,
user_00247,prod_00404,view,2026-01-21 11:41:18,sess_3541f1b5,mobile,298,
user_00486,prod_00158,view,2026-02-18 11:41:18,sess_25aa0e78,desktop,67,
user_00250,prod_00371,view,2026-03-23 11:41:18,sess_78c1da1c,tablet,276,
user_00336,prod_00424,purchase,2026-02-17 11:41:18,sess_5fc69e73,mobile,74,2.2
user_00732,prod_00237,view,2026-02-15 11:41:18,sess_0ad47d53,tablet,276,
user_00509,prod_00106,cart,2026-02-02 11:41:18,sess_d49bd2fa,mobile,116,
user_00707,prod_00179,view,2026-03-04 11:41:18,sess_76229cba,desktop,128,
user_00818,prod_00317,like,2026-02-03 11:41:18,sess_e39ddbbb,mobile,192,
user_00649,prod_00490,view,2026-02-27 11:41:18,sess_2f916e4f,mobile,176,
user_00882,prod_00198,view,2026-01-27 11:41:18,sess_bcf0cd04,tablet,100,
user_00366,prod_00178,view,2026-02-21 11:41:18,sess_05791280,mobile,206,
user_00980,prod_00348,view,2026-01-24 11:41:18,sess_849e9fc0,mobile,246,
user_00498,prod_00094,view,2026-03-10 11:41:18,sess_12aac98d,tablet,220,
user_00785,prod_00333,view,2026-02-15 11:41:18,sess_990f2b74,mobile,156,
user_00182,prod_00267,view,2026-02-26 11:41:18,sess_e3caeaf9,desktop,40,
user_00837,prod_00361,view,2026-03-17 11:41:18,sess_a33a4f5f,tablet,241,
user_00982,prod_00486,view,2026-03-04 11:41:18,sess_cf769f30,desktop,279,
user_00894,prod_00419,view,2026-02-25 11:41:18,sess_b09faea2,mobile,196,
user_00987,prod_00064,view,2026-01-18 11:41:18,sess_22f9673b,tablet,5,
user_00139,prod_00252,view,2026-03-12 11:41:18,sess_f229d6dc,desktop,219,
user_00214,prod_00217,like,2026-01-08 11:41:18,sess_d30b81b6,desktop,143,
user_00465,prod_00060,view,2026-03-03 11:41:18,sess_97eb1cfd,mobile,299,
user_00422,prod_00295,view,2026-02-07 11:41:18,sess_a85293db,desktop,6,
user_00584,prod_00089,view,2026-02-23 11:41:18,sess_81af9929,tablet,265,
user_00466,prod_00392,like,2025-12-30 11:41:18,sess_e284f327,mobile,173,
user_00551,prod_00384,view,2026-01-27 11:41:18,sess_f942cff2,mobile,237,
user_00273,prod_00455,view,2026-02-04 11:41:18,sess_e37a6b16,tablet,291,
user_00123,prod_00404,like,2026-03-26 11:41:18,sess_355f2312,mobile,161,
user_00970,prod_00107,view,2026-03-04 11:41:18,sess_0eca6ce1,tablet,245,
user_00454,prod_00334,like,2026-02-07 11:41:18,sess_bedb1adb,desktop,248,
user_00461,prod_00008,view,2026-03-29 11:41:18,sess_b03a4cbb,tablet,11,
user_00638,prod_00468,like,2026-01-08 11:41:18,sess_2ce69b5e,desktop,16,
user_00191,prod_00280,view,2026-02-14 11:41:18,sess_8801fbad,desktop,90,
user_00994,prod_00021,view,2026-03-09 11:41:18,sess_c8c49b83,mobile,48,
user_00626,prod_00018,view,2026-03-13 11:41:18,sess_99e5495b,mobile,142,
user_00777,prod_00144,view,2025-12-30 11:41:18,sess_94532536,tablet,258,
user_00707,prod_00303,view,2026-03-03 11:41:18,sess_7027ae21,mobile,143,
user_00381,prod_00400,purchase,2026-01-28 11:41:18,sess_fa406a5d,tablet,163,1.4
user_00650,prod_00473,view,2026-02-23 11:41:18,sess_354210fe,tablet,243,
user_00029,prod_00301,view,2026-02-09 11:41:18,sess_405f39c6,desktop,299,
user_00417,prod_00105,view,2026-03-20 11:41:18,sess_63237147,desktop,157,
user_00813,prod_00074,view,2026-02-25 11:41:18,sess_c25bb417,tablet,114,
user_00177,prod_00215,view,2026-01-10 11:41:18,sess_aa473963,mobile,23,
user_00198,prod_00157,view,2026-03-18 11:41:18,sess_cd83ac56,tablet,200,
user_00221,prod_00026,view,2026-01-20 11:41:18,sess_98e80111,desktop,234,
user_00712,prod_00335,view,2026-03-11 11:41:18,sess_b339bc3d,mobile,21,
user_00609,prod_00172,view,2026-02-05 11:41:18,sess_5bf7fd98,tablet,74,
user_00072,prod_00293,view,2026-01-20 11:41:18,sess_deb0492c,tablet,20,
user_00011,prod_00174,view,2026-02-18 11:41:18,sess_68480036,mobile,35,
user_00099,prod_00254,view,2026-01-17 11:41:18,sess_6baa0c1d,mobile,18,
user_00818,prod_00237,view,2026-03-19 11:41:18,sess_03f40916,mobile,22,
user_00671,prod_00232,view,2026-03-17 11:41:18,sess_aa6a08c2,mobile,281,
user_00833,prod_00195,purchase,2026-02-09 11:41:18,sess_9d80966b,desktop,77,1.7
user_00026,prod_00412,view,2025-12-30 11:41:18,sess_2d1b58e6,desktop,213,
user_00812,prod_00058,view,2026-03-09 11:41:18,sess_5be8c542,tablet,40,
user_00486,prod_00428,view,2026-02-19 11:41:18,sess_5160e078,mobile,213,
user_00056,prod_00075,like,2026-03-14 11:41:18,sess_1007bcd0,mobile,189,
user_00148,prod_00048,view,2026-02-15 11:41:18,sess_7ff8f16c,mobile,114,
user_00934,prod_00301,cart,2026-01-04 11:41:18,sess_e68dc80d,tablet,13,
user_00598,prod_00140,like,2026-03-07 11:41:18,sess_addf2486,desktop,16,
user_00214,prod_00346,view,2026-01-09 11:41:18,sess_f75cbee0,desktop,166,
user_00097,prod_00116,view,2026-03-20 11:41:18,sess_5a2917ae,tablet,243,
user_00618,prod_00419,cart,2026-01-03 11:41:18,sess_3e841b40,mobile,143,
user_00971,prod_00177,view,2026-02-14 11:41:18,sess_5bd0178e,mobile,200,
user_00038,prod_00068,view,2026-01-04 11:41:18,sess_ba8d8f63,mobile,168,
user_00979,prod_00477,view,2026-02-03 11:41:18,sess_23647f75,tablet,212,
user_00776,prod_00360,like,2026-02-26 11:41:18,sess_eb730da9,desktop,289,
user_00439,prod_00406,view,2026-01-30 11:41:18,sess_09d0152a,desktop,35,
user_00930,prod_00005,view,2026-02-25 11:41:18,sess_00edcc7b,mobile,266,
user_00768,prod_00119,purchase,2026-01-17 11:41:18,sess_67d35034,mobile,297,1.1
user_00299,prod_00318,view,2026-02-20 11:41:18,sess_5c7b60e6,mobile,30,
user_00414,prod_00293,view,2026-01-09 11:41:18,sess_722b4419,mobile,106,
user_00805,prod_00167,view,2026-02-24 11:41:18,sess_e8880ced,tablet,228,
user_00277,prod_00230,view,2026-03-15 11:41:18,sess_ffb4c81d,mobile,298,
user_00989,prod_00271,view,2026-02-03 11:41:18,sess_3f585e5a,mobile,80,
user_00732,prod_00439,view,2026-03-09 11:41:18,sess_eac5ffe0,mobile,256,
user_00703,prod_00481,like,2026-03-04 11:41:18,sess_fb1c8527,mobile,6,
user_00063,prod_00011,view,2026-02-10 11:41:18,sess_1d322853,mobile,154,
user_00762,prod_00366,view,2026-01-14 11:41:18,sess_16c637a1,mobile,7,
user_00004,prod_00265,view,2026-03-15 11:41:18,sess_d815fe3d,desktop,6,
user_00024,prod_00297,view,2026-01-09 11:41:18,sess_617857e2,mobile,125,
user_00143,prod_00351,view,2026-01-31 11:41:18,sess_eaff5150,tablet,277,
user_00968,prod_00396,like,2026-01-20 11:41:18,sess_ac3f1305,tablet,177,
user_00308,prod_00279,like,2026-01-28 11:41:18,sess_dc1b546c,desktop,203,
user_00251,prod_00021,view,2026-01-13 11:41:18,sess_aa656491,tablet,268,
user_00284,prod_00351,view,2026-03-15 11:41:18,sess_683f120d,mobile,130,
user_00976,prod_00229,purchase,2026-03-19 11:41:18,sess_ceb830aa,tablet,289,3.6
user_00711,prod_00133,view,2026-01-16 11:41:18,sess_3e6f8f76,desktop,81,
user_00997,prod_00010,view,2026-01-04 11:41:18,sess_a6839e9a,mobile,40,
user_00372,prod_00105,like,2026-02-01 11:41:18,sess_64ecb912,desktop,197,
user_00967,prod_00295,view,2025-12-30 11:41:18,sess_46150172,desktop,212,
user_00443,prod_00227,cart,2026-01-19 11:41:18,sess_1c3eddbe,mobile,141,
user_00903,prod_00330,like,2026-03-19 11:41:18,sess_fb15d50c,tablet,264,
user_00156,prod_00472,view,2026-01-24 11:41:18,sess_79f20eee,desktop,152,
user_00992,prod_00001,purchase,2026-02-14 11:41:18,sess_2f528a39,tablet,40,3.0
user_00706,prod_00167,view,2026-02-13 11:41:18,sess_d180004d,tablet,103,
user_00422,prod_00160,like,2026-03-28 11:41:18,sess_6f685791,mobile,155,
user_00090,prod_00082,like,2025-12-31 11:41:18,sess_79606417,desktop,59,
user_00563,prod_00060,like,2026-02-17 11:41:18,sess_26538c9b,desktop,294,
user_00019,prod_00147,view,2026-03-26 11:41:18,sess_bfacaf57,mobile,242,
user_00617,prod_00089,view,2026-02-04 11:41:18,sess_c8567907,desktop,17,
user_00056,prod_00044,view,2026-01-23 11:41:18,sess_ac48ea72,mobile,239,
user_00089,prod_00016,like,2026-03-14 11:41:18,sess_8e85fc6f,tablet,223,
user_00071,prod_00180,view,2026-01-06 11:41:18,sess_359e2eea,desktop,277,
user_00733,prod_00192,view,2026-02-04 11:41:18,sess_8412bb96,desktop,171,
user_00230,prod_00490,view,2026-03-25 11:41:18,sess_1f88c9f9,desktop,95,
user_00916,prod_00074,view,2026-03-02 11:41:18,sess_7d06e9cb,tablet,158,
user_00393,prod_00423,view,2026-03-19 11:41:18,sess_74ab3fa2,desktop,126,
user_00008,prod_00188,like,2026-02-19 11:41:18,sess_ba40ae53,desktop,81,
user_00266,prod_00121,view,2026-02-05 11:41:18,sess_d5ebfbb5,mobile,256,
user_00420,prod_00274,view,2026-02-18 11:41:18,sess_57eff5c9,mobile,69,
user_00846,prod_00235,view,2026-03-30 11:41:18,sess_21de614d,tablet,205,
user_00868,prod_00215,like,2026-03-11 11:41:18,sess_834e8ac8,mobile,146,
user_00079,prod_00490,like,2026-01-24 11:41:18,sess_dd18a7b6,desktop,155,
user_00485,prod_00240,view,2026-01-15 11:41:18,sess_1b502ccd,mobile,111,
user_00371,prod_00008,view,2026-03-17 11:41:18,sess_566f1d6a,tablet,160,
user_00513,prod_00290,like,2026-02-18 11:41:18,sess_28edee18,desktop,112,
user_00315,prod_00028,like,2026-01-19 11:41:18,sess_8b6a6649,mobile,61,
user_00155,prod_00045,like,2026-02-13 11:41:18,sess_a833b267,mobile,187,
user_00263,prod_00295,view,2026-02-07 11:41:18,sess_2a14dfba,tablet,146,
user_00821,prod_00145,cart,2025-12-30 11:41:18,sess_17f46687,tablet,257,
user_00793,prod_00101,view,2026-01-30 11:41:18,sess_e712f600,mobile,6,
user_00878,prod_00343,view,2026-03-02 11:41:18,sess_4bc9550c,desktop,152,
user_00513,prod_00448,like,2026-02-05 11:41:18,sess_71862eb0,tablet,16,
user_00415,prod_00208,cart,2026-03-18 11:41:18,sess_9b20d6cc,mobile,27,
user_00187,prod_00047,like,2026-02-23 11:41:18,sess_ae4718fe,mobile,100,
user_00254,prod_00442,view,2026-02-07 11:41:18,sess_fdb09e68,mobile,164,
user_00626,prod_00381,view,2026-02-28 11:41:18,sess_2afa63b4,desktop,77,
user_00103,prod_00366,view,2026-03-23 11:41:18,sess_a2ed75d7,mobile,88,
user_00064,prod_00358,view,2026-02-01 11:41:18,sess_0fb1d60e,tablet,30,
user_00083,prod_00046,view,2026-03-29 11:41:18,sess_9a25c45d,mobile,157,
user_00942,prod_00480,like,2026-01-26 11:41:18,sess_81706402,tablet,55,
user_00604,prod_00422,purchase,2026-03-17 11:41:18,sess_0e03b80e,tablet,203,4.5
user_00160,prod_00390,view,2026-01-11 11:41:18,sess_1d096be5,mobile,264,
user_00265,prod_00051,like,2026-02-16 11:41:18,sess_ba0e135b,desktop,9,
user_00644,prod_00062,view,2026-02-02 11:41:18,sess_5c0a277b,desktop,119,
user_00346,prod_00272,cart,2026-03-09 11:41:18,sess_9bacaccf,tablet,275,
user_00693,prod_00445,view,2026-03-30 11:41:18,sess_4bf52e07,desktop,75,
user_00799,prod_00240,like,2026-03-17 11:41:18,sess_f01e9a64,desktop,19,
user_00566,prod_00354,like,2026-03-14 11:41:18,sess_76eb6638,mobile,201,
user_00258,prod_00247,like,2026-03-01 11:41:18,sess_6f828ace,mobile,234,
user_00900,prod_00215,cart,2026-02-22 11:41:18,sess_7613d0e7,tablet,12,
user_00690,prod_00371,like,2026-03-26 11:41:18,sess_ad8eccaa,mobile,91,
user_00667,prod_00132,view,2026-03-13 11:41:18,sess_dcb9b8e9,mobile,207,
user_00988,prod_00096,cart,2026-01-15 11:41:18,sess_bf150aa2,mobile,201,
user_00617,prod_00343,view,2026-01-31 11:41:18,sess_87ba76dc,desktop,208,
user_00683,prod_00242,view,2026-02-02 11:41:18,sess_8486cc4c,tablet,187,
user_00068,prod_00224,view,2026-02-12 11:41:18,sess_a33953cb,tablet,77,
user_00092,prod_00165,like,2026-03-12 11:41:18,sess_8ea56ce4,desktop,42,
user_00005,prod_00246,view,2026-02-12 11:41:18,sess_b77b5598,mobile,272,
user_00786,prod_00133,view,2026-03-03 11:41:18,sess_f8031444,tablet,62,
user_00635,prod_00276,view,2026-02-22 11:41:18,sess_482b428a,tablet,154,
user_00516,prod_00034,view,2026-02-20 11:41:18,sess_b0dbd804,mobile,222,
user_00616,prod_00415,like,2026-03-12 11:41:18,sess_27da0a1e,mobile,193,
user_00934,prod_00037,view,2026-02-12 11:41:18,sess_36383b12,tablet,286,
user_00398,prod_00358,view,2026-02-27 11:41:18,sess_91e667b2,mobile,173,
user_00239,prod_00159,view,2026-02-17 11:41:18,sess_6ba1e44d,mobile,65,
user_00902,prod_00390,like,2026-03-11 11:41:18,sess_3a8ff51c,desktop,263,
user_00840,prod_00414,cart,2026-01-29 11:41:18,sess_fd8c2691,mobile,287,
user_00346,prod_00165,view,2026-03-21 11:41:18,sess_1fd9ab22,desktop,257,
user_00338,prod_00414,view,2026-01-14 11:41:18,sess_4dd7a1d4,desktop,293,
user_00510,prod_00260,view,2026-02-25 11:41:18,sess_2ff77a70,mobile,197,
user_00875,prod_00481,like,2026-03-01 11:41:18,sess_41a970b7,tablet,201,
user_00020,prod_00079,like,2026-02-11 11:41:18,sess_e54b19de,desktop,221,
user_00792,prod_00237,view,2026-02-13 11:41:18,sess_0cb275f5,mobile,231,
user_00105,prod_00014,view,2026-01-25 11:41:18,sess_f224e72a,desktop,67,
user_00371,prod_00197,like,2026-03-01 11:41:18,sess_d6fc0fa7,desktop,36,
user_00222,prod_00051,view,2026-03-01 11:41:18,sess_7071b25b,tablet,13,
user_00795,prod_00096,view,2026-03-21 11:41:18,sess_3d701ee1,desktop,262,
user_00867,prod_00167,view,2026-02-09 11:41:18,sess_7172e55b,mobile,87,
user_00577,prod_00089,view,2026-02-08 11:41:18,sess_62656adb,tablet,275,
user_00413,prod_00076,view,2026-01-23 11:41:18,sess_54946e49,desktop,28,
user_00460,prod_00214,view,2026-03-29 11:41:18,sess_6c0b2e4d,desktop,198,
user_00700,prod_00106,view,2026-03-22 11:41:18,sess_ee028cc7,tablet,110,
user_00966,prod_00174,like,2026-02-05 11:41:18,sess_1b3b973c,tablet,75,
user_00367,prod_00310,view,2026-01-22 11:41:18,sess_ddb803b3,desktop,263,
user_00856,prod_00244,view,2026-01-04 11:41:18,sess_6822d3d4,tablet,20,
user_00817,prod_00135,view,2026-03-01 11:41:18,sess_ec44e707,mobile,34,
user_00711,prod_00172,like,2026-03-27 11:41:18,sess_f6c24c91,tablet,273,
user_00967,prod_00428,view,2026-01-16 11:41:18,sess_b93a48f0,desktop,47,
user_00980,prod_00464,view,2026-02-01 11:41:18,sess_81d8efb8,desktop,136,
user_00796,prod_00005,view,2026-01-06 11:41:18,sess_a8ced777,tablet,169,
user_00422,prod_00231,like,2026-01-26 11:41:18,sess_8e2d03b7,tablet,178,
user_00353,prod_00131,view,2026-03-21 11:41:18,sess_2b712dd0,tablet,19,
user_00248,prod_00426,view,2026-03-07 11:41:18,sess_f94183f5,desktop,112,
user_00881,prod_00207,view,2026-03-04 11:41:18,sess_e9bd0642,mobile,35,
user_00724,prod_00091,cart,2026-03-17 11:41:18,sess_4d5b7719,mobile,43,
user_00856,prod_00238,view,2026-01-27 11:41:18,sess_e3f08178,desktop,66,
user_00992,prod_00252,view,2026-03-23 11:41:18,sess_7242a33b,desktop,85,
user_00632,prod_00453,view,2026-02-24 11:41:18,sess_bf11ca2a,tablet,211,
user_00591,prod_00284,view,2026-03-08 11:41:18,sess_0a94a171,mobile,222,
user_00979,prod_00297,view,2026-03-08 11:41:18,sess_18301823,mobile,20,
user_00921,prod_00093,like,2026-03-29 11:41:18,sess_2c647437,mobile,141,
user_00189,prod_00348,view,2026-03-21 11:41:18,sess_a38270d3,mobile,221,
user_00560,prod_00013,view,2026-03-28 11:41:18,sess_e1876983,mobile,46,
user_00410,prod_00474,view,2026-03-25 11:41:18,sess_a9e27b22,desktop,10,
user_00964,prod_00017,view,2026-03-04 11:41:18,sess_bfbe50b1,mobile,216,
user_00856,prod_00235,view,2026-02-23 11:41:18,sess_e529f3f1,desktop,300,
user_00230,prod_00437,like,2026-02-02 11:41:18,sess_52650095,desktop,128,
user_00938,prod_00285,view,2026-01-17 11:41:18,sess_c55964e8,mobile,208,
user_00775,prod_00476,view,2026-03-10 11:41:18,sess_23cc0ca3,desktop,286,
user_00333,prod_00056,like,2026-03-10 11:41:18,sess_83878cf8,desktop,97,
user_00554,prod_00441,view,2026-01-16 11:41:18,sess_00b3d57a,mobile,203,
user_00228,prod_00179,view,2026-01-17 11:41:18,sess_abcee585,desktop,35,
user_00129,prod_00426,like,2026-03-09 11:41:18,sess_d017d85f,desktop,90,
user_00567,prod_00330,view,2026-03-04 11:41:18,sess_9cc4cdab,tablet,255,
user_00272,prod_00320,view,2026-03-30 11:41:18,sess_56f5cb1d,tablet,284,
user_00446,prod_00155,view,2026-01-26 11:41:18,sess_fed75de5,desktop,216,
user_00867,prod_00446,view,2026-01-20 11:41:18,sess_a316881b,mobile,57,
user_00579,prod_00492,view,2026-03-09 11:41:18,sess_ee83ef4b,mobile,44,
user_00926,prod_00191,purchase,2026-02-25 11:41:18,sess_7775068f,tablet,298,4.7
user_00599,prod_00116,like,2026-03-04 11:41:18,sess_6fe8c9c4,mobile,8,
user_00981,prod_00086,view,2026-03-25 11:41:18,sess_a47e00f0,mobile,196,
user_00928,prod_00334,view,2026-03-23 11:41:18,sess_c8daf0ff,mobile,120,
user_00346,prod_00146,purchase,2026-02-07 11:41:18,sess_4b80c818,tablet,263,4.3
user_00828,prod_00287,view,2026-03-04 11:41:18,sess_38631ad8,tablet,104,
user_00774,prod_00398,view,2026-03-10 11:41:18,sess_374217d0,desktop,131,
user_00404,prod_00471,view,2026-03-14 11:41:18,sess_d78c2e6a,mobile,280,
user_00028,prod_00178,view,2026-02-24 11:41:18,sess_9f5f84f3,desktop,51,
user_00166,prod_00451,view,2026-02-16 11:41:18,sess_6e6d9894,tablet,206,
user_00321,prod_00465,cart,2026-02-27 11:41:18,sess_8c6fa7e8,desktop,210,
user_00203,prod_00039,view,2026-01-14 11:41:18,sess_2cd2b707,desktop,147,
user_00164,prod_00034,view,2026-01-13 11:41:18,sess_f2e3ebbf,desktop,52,
user_00580,prod_00105,view,2026-03-18 11:41:18,sess_38d4d6c5,tablet,72,
user_00186,prod_00203,view,2026-03-01 11:41:18,sess_4c9b0905,mobile,251,
user_00382,prod_00119,view,2026-02-04 11:41:18,sess_a68f9ad9,desktop,247,
user_00327,prod_00078,view,2026-03-17 11:41:18,sess_63d13528,mobile,18,
user_00912,prod_00318,view,2026-03-01 11:41:18,sess_ff9bd06e,mobile,7,
user_00585,prod_00304,view,2026-01-21 11:41:18,sess_236f04f9,desktop,166,
user_00896,prod_00071,view,2026-03-09 11:41:18,sess_6a8f46c4,tablet,59,
user_00065,prod_00182,like,2026-02-24 11:41:18,sess_6a161d75,mobile,76,
user_00103,prod_00298,view,2026-01-04 11:41:18,sess_b3416533,mobile,269,
user_00872,prod_00227,like,2026-01-30 11:41:18,sess_5bc9ad5d,tablet,69,
user_00384,prod_00355,purchase,2026-01-20 11:41:18,sess_05f1f786,mobile,135,3.5
user_00692,prod_00165,view,2026-03-30 11:41:18,sess_04b633fa,desktop,282,
user_00495,prod_00253,view,2026-01-08 11:41:18,sess_33b813c9,desktop,299,
user_00204,prod_00493,like,2026-01-18 11:41:18,sess_88ab1507,desktop,186,
user_00098,prod_00184,view,2026-01-30 11:41:18,sess_8921ee65,tablet,282,
user_00682,prod_00149,view,2026-01-23 11:41:18,sess_99732167,desktop,262,
user_00805,prod_00402,like,2026-01-20 11:41:18,sess_5a1056b2,mobile,169,
user_00717,prod_00224,view,2026-03-08 11:41:18,sess_3cb0a0e2,mobile,265,
user_00273,prod_00204,view,2026-01-15 11:41:18,sess_cf6e16d1,mobile,190,
user_00313,prod_00474,like,2026-02-11 11:41:18,sess_bfec6d9f,mobile,205,
user_00173,prod_00285,view,2026-02-14 11:41:18,sess_e37f2db1,mobile,59,
user_00547,prod_00094,like,2026-03-09 11:41:18,sess_57d92078,desktop,233,
user_00177,prod_00283,view,2026-02-26 11:41:18,sess_20c10cf2,mobile,11,
user_00093,prod_00436,like,2026-02-22 11:41:18,sess_e595004e,tablet,298,
user_00180,prod_00305,like,2026-02-08 11:41:18,sess_23cb04e3,mobile,232,
user_00041,prod_00069,view,2026-02-25 11:41:18,sess_a2cd3042,desktop,31,
user_00986,prod_00298,view,2026-03-07 11:41:18,sess_157432c6,mobile,249,
user_00857,prod_00146,view,2026-03-01 11:41:18,sess_ea0cc2ac,tablet,43,
user_00052,prod_00378,view,2026-02-27 11:41:18,sess_39800fd1,desktop,107,
user_00552,prod_00318,view,2026-02-20 11:41:18,sess_de9ac71d,desktop,52,
user_00089,prod_00487,view,2026-03-30 11:41:18,sess_fe713c3b,tablet,28,
user_00430,prod_00495,cart,2026-01-27 11:41:18,sess_36fb6b94,tablet,24,
user_00329,prod_00205,view,2026-01-02 11:41:18,sess_37635fbc,tablet,219,
user_00851,prod_00431,view,2026-02-03 11:41:18,sess_e63fc46d,mobile,205,
user_00289,prod_00112,view,2026-01-16 11:41:18,sess_844fe00a,desktop,121,
user_00475,prod_00089,view,2026-03-19 11:41:18,sess_92ffc406,desktop,222,
user_00675,prod_00076,view,2026-03-04 11:41:18,sess_3ae0d9e4,mobile,215,
user_00118,prod_00007,view,2026-03-19 11:41:18,sess_7ca41d72,desktop,158,
user_00141,prod_00481,like,2026-02-22 11:41:18,sess_74b0a6fc,mobile,105,
user_00471,prod_00092,view,2026-02-09 11:41:18,sess_d4f6699d,tablet,190,
user_00489,prod_00487,like,2026-01-01 11:41:18,sess_5c6bcb4f,mobile,133,
user_00619,prod_00150,view,2026-03-25 11:41:18,sess_3618f79c,desktop,224,
user_00829,prod_00036,view,2026-02-15 11:41:18,sess_6c80ae6c,mobile,266,
user_00564,prod_00226,like,2026-01-11 11:41:18,sess_4188ee18,tablet,101,
user_00177,prod_00154,view,2026-03-09 11:41:18,sess_c470c527,desktop,291,
user_00225,prod_00228,view,2026-02-24 11:41:18,sess_1eecd033,mobile,259,
user_00173,prod_00113,view,2026-02-16 11:41:18,sess_11a1cb6c,mobile,261,
user_00844,prod_00200,view,2026-03-29 11:41:18,sess_9c609150,mobile,188,
user_00896,prod_00151,like,2026-02-05 11:41:18,sess_880e460a,tablet,295,
user_00043,prod_00144,view,2026-01-23 11:41:18,sess_2d3120a3,desktop,141,
user_00065,prod_00335,cart,2026-02-15 11:41:18,sess_0bbd450c,mobile,261,
user_00896,prod_00173,view,2026-02-24 11:41:18,sess_8b09f4be,mobile,51,
user_00401,prod_00372,view,2026-01-14 11:41:18,sess_b791292c,tablet,13,
user_00856,prod_00409,view,2026-03-02 11:41:18,sess_51ed47aa,desktop,278,
user_00080,prod_00135,view,2026-01-27 11:41:18,sess_43386636,tablet,215,
user_00755,prod_00049,view,2026-01-25 11:41:18,sess_2499fbe0,tablet,139,
user_00283,prod_00109,view,2026-02-10 11:41:18,sess_5ee1b6c9,mobile,282,
user_00771,prod_00232,like,2026-01-30 11:41:18,sess_ad4c4216,mobile,203,
user_00774,prod_00120,view,2026-03-22 11:41:18,sess_8d00fb35,desktop,157,
user_00904,prod_00356,view,2026-01-23 11:41:18,sess_34ea7c66,tablet,297,
user_00035,prod_00481,view,2026-01-29 11:41:18,sess_e1b5c559,tablet,90,
user_00591,prod_00432,view,2026-01-23 11:41:18,sess_4876bfb9,desktop,176,
user_00042,prod_00358,view,2026-01-18 11:41:18,sess_c378b869,desktop,15,
user_00298,prod_00500,view,2026-02-04 11:41:18,sess_c29f8db5,mobile,177,
user_00922,prod_00019,like,2026-01-14 11:41:18,sess_e69ba6db,tablet,130,
user_00217,prod_00014,view,2026-02-02 11:41:18,sess_f2dfd5bd,tablet,113,
user_00023,prod_00419,view,2026-03-15 11:41:18,sess_81b8f191,tablet,74,
user_00188,prod_00377,view,2026-01-29 11:41:18,sess_c0c6cf50,tablet,148,
user_00795,prod_00042,like,2026-02-03 11:41:18,sess_40cf71ea,desktop,116,
user_00515,prod_00390,view,2026-03-25 11:41:18,sess_c5230d07,desktop,246,
user_00770,prod_00106,view,2026-01-02 11:41:18,sess_3571b641,mobile,268,
user_00711,prod_00317,cart,2026-02-18 11:41:18,sess_367934bb,tablet,170,
user_00869,prod_00012,view,2026-03-13 11:41:18,sess_baf3068a,mobile,238,
user_00061,prod_00135,like,2026-02-07 11:41:18,sess_c34c723b,tablet,231,
user_00031,prod_00209,view,2026-03-23 11:41:18,sess_214a6018,mobile,210,
user_00782,prod_00084,view,2026-01-15 11:41:18,sess_dbbe32cc,tablet,95,
user_00786,prod_00429,view,2026-01-17 11:41:18,sess_d636e6b0,tablet,86,
user_00503,prod_00062,view,2026-02-17 11:41:18,sess_04155bad,mobile,124,
user_00475,prod_00047,like,2026-02-19 11:41:18,sess_563c4fa5,tablet,139,
user_00176,prod_00208,view,2026-03-04 11:41:18,sess_9368670c,tablet,279,
user_00704,prod_00489,cart,2026-02-28 11:41:18,sess_07bd1c96,desktop,159,
user_00704,prod_00328,view,2026-02-13 11:41:18,sess_04672d6d,tablet,219,
user_00461,prod_00014,view,2026-03-22 11:41:18,sess_26cc3e10,tablet,179,
user_00840,prod_00276,view,2026-02-11 11:41:18,sess_1b3f5539,desktop,276,
user_00167,prod_00491,view,2026-01-24 11:41:18,sess_9b1395b2,tablet,147,
user_00675,prod_00403,like,2026-01-01 11:41:18,sess_43c6ce74,tablet,43,
user_00478,prod_00372,view,2026-01-25 11:41:18,sess_88dfb9ab,mobile,202,
user_00650,prod_00193,view,2026-01-03 11:41:18,sess_65800fd9,mobile,180,
user_00905,prod_00331,view,2026-01-06 11:41:18,sess_ab039172,desktop,77,
user_00923,prod_00436,view,2026-03-05 11:41:18,sess_4fcc82fd,desktop,28,
user_00118,prod_00244,like,2026-02-20 11:41:18,sess_3eff320a,mobile,233,
user_00901,prod_00025,view,2026-01-09 11:41:18,sess_cfc9c62b,tablet,21,
user_00531,prod_00328,view,2026-02-07 11:41:18,sess_a423ddde,mobile,275,
user_00170,prod_00308,view,2026-01-06 11:41:18,sess_bb795fb6,desktop,158,
user_00863,prod_00270,cart,2026-03-28 11:41:18,sess_24f83cc9,desktop,80,
user_00529,prod_00260,like,2026-01-09 11:41:18,sess_7b6303b2,desktop,50,
user_00078,prod_00215,view,2026-01-14 11:41:18,sess_79b055d8,tablet,62,
user_00737,prod_00308,like,2026-02-08 11:41:18,sess_9d43b5e8,mobile,12,
user_00571,prod_00017,like,2026-03-23 11:41:18,sess_da973ac7,tablet,94,
user_00945,prod_00216,view,2026-02-25 11:41:18,sess_c94aa5c6,desktop,142,
user_00224,prod_00167,view,2026-03-07 11:41:18,sess_0346ab73,tablet,134,
user_00343,prod_00268,cart,2026-03-29 11:41:18,sess_8bc414d3,tablet,156,
user_00830,prod_00339,view,2026-01-05 11:41:18,sess_ddad1871,desktop,115,
user_00418,prod_00306,view,2026-03-11 11:41:18,sess_88cbf132,mobile,239,
user_00373,prod_00128,view,2026-02-24 11:41:18,sess_20794705,tablet,236,
user_00415,prod_00422,view,2026-02-10 11:41:18,sess_c64994bf,tablet,234,
user_00001,prod_00068,view,2026-02-18 11:41:18,sess_6e4b748b,mobile,162,
user_00044,prod_00181,view,2026-02-04 11:41:18,sess_60d174c1,desktop,261,
user_00772,prod_00041,like,2026-03-28 11:41:18,sess_8978f3c3,mobile,209,
user_00847,prod_00360,like,2026-03-15 11:41:18,sess_643f11c0,desktop,296,
user_00463,prod_00256,view,2026-02-23 11:41:18,sess_11a9c85c,tablet,209,
user_00421,prod_00078,purchase,2026-02-07 11:41:18,sess_ac7459a5,desktop,275,2.6
user_00600,prod_00038,view,2026-02-19 11:41:18,sess_2bea55ac,tablet,253,
user_00992,prod_00467,view,2026-03-24 11:41:18,sess_80948912,desktop,100,
user_00620,prod_00269,view,2026-02-06 11:41:18,sess_45fddb6e,tablet,70,
user_00012,prod_00197,view,2026-01-31 11:41:18,sess_a03f73e9,tablet,213,
user_00182,prod_00097,view,2026-01-14 11:41:18,sess_cd486c88,tablet,84,
user_00603,prod_00469,view,2026-01-19 11:41:18,sess_776c97f0,tablet,249,
user_00886,prod_00498,view,2026-01-30 11:41:18,sess_ec16041e,tablet,258,
user_00462,prod_00313,view,2026-02-03 11:41:18,sess_58cb0101,mobile,159,
user_00125,prod_00127,view,2026-03-24 11:41:18,sess_b4a0b173,tablet,133,
user_00917,prod_00312,view,2026-03-05 11:41:18,sess_6b062b6d,tablet,275,
user_00764,prod_00098,view,2026-03-14 11:41:18,sess_d013755d,desktop,10,
user_00031,prod_00003,view,2026-03-24 11:41:18,sess_029ebe97,tablet,243,
user_00953,prod_00205,like,2026-02-19 11:41:18,sess_7a91ed50,tablet,121,
user_00874,prod_00018,like,2026-03-15 11:41:18,sess_68f57bfb,mobile,109,
user_00529,prod_00416,view,2026-01-08 11:41:18,sess_347a9486,tablet,245,
user_00136,prod_00017,view,2026-01-04 11:41:18,sess_d800892b,desktop,157,
user_00164,prod_00381,view,2026-03-29 11:41:18,sess_2ce8473e,desktop,82,
user_00057,prod_00266,view,2026-03-01 11:41:18,sess_39b42836,mobile,296,
user_00955,prod_00249,view,2026-03-17 11:41:18,sess_d709f85e,tablet,138,
user_00573,prod_00464,view,2026-01-17 11:41:18,sess_19d79efc,tablet,22,
user_00665,prod_00439,view,2026-03-14 11:41:18,sess_db9da60f,mobile,48,
user_00486,prod_00338,view,2026-03-30 11:41:18,sess_4373c473,desktop,214,
user_00419,prod_00052,view,2026-01-28 11:41:18,sess_6403cdcd,mobile,153,
user_00870,prod_00434,view,2026-02-19 11:41:18,sess_b186c458,desktop,136,
user_00124,prod_00364,view,2026-03-21 11:41:18,sess_2b678739,tablet,104,
user_00494,prod_00339,cart,2026-03-24 11:41:18,sess_ec55322b,desktop,255,
user_00508,prod_00101,view,2026-02-14 11:41:18,sess_1780438c,mobile,120,
user_00430,prod_00045,cart,2026-02-16 11:41:18,sess_967291ba,tablet,41,
user_00605,prod_00102,view,2026-01-31 11:41:18,sess_62d24b92,mobile,102,
user_00306,prod_00375,like,2026-02-01 11:41:18,sess_8727796f,desktop,286,
user_00624,prod_00001,view,2026-03-27 11:41:18,sess_40485e43,desktop,278,
user_00426,prod_00444,purchase,2026-03-30 11:41:18,sess_26c43388,tablet,245,2.7
user_00079,prod_00399,like,2026-01-01 11:41:18,sess_c5549138,tablet,187,
user_00092,prod_00248,like,2026-02-14 11:41:18,sess_3d299ba6,mobile,142,
user_00361,prod_00197,cart,2026-03-21 11:41:18,sess_5e8e7804,tablet,186,
user_00522,prod_00001,view,2026-03-20 11:41:18,sess_9c0ab096,tablet,53,
user_00329,prod_00459,view,2026-01-10 11:41:18,sess_b18c81a2,desktop,192,
user_00255,prod_00309,cart,2026-01-27 11:41:18,sess_5ebc2e74,desktop,6,
user_00052,prod_00146,view,2026-03-29 11:41:18,sess_ccb8227c,tablet,164,
user_00327,prod_00458,view,2026-02-23 11:41:18,sess_d288675b,mobile,132,
user_00619,prod_00473,view,2026-01-20 11:41:18,sess_878a6a29,mobile,112,
user_00603,prod_00196,like,2026-03-25 11:41:18,sess_cbbc4090,mobile,268,
user_00381,prod_00469,view,2026-02-23 11:41:18,sess_c79b7267,tablet,15,
user_00676,prod_00228,view,2026-02-17 11:41:18,sess_546170f6,mobile,178,
user_00093,prod_00498,view,2026-02-03 11:41:18,sess_d68fc020,tablet,110,
user_00888,prod_00105,view,2026-02-05 11:41:18,sess_09aa4a39,mobile,107,
user_00057,prod_00478,view,2026-01-30 11:41:18,sess_9b06b50a,desktop,139,
user_00871,prod_00011,like,2026-01-25 11:41:18,sess_500b471f,tablet,290,
user_00495,prod_00497,view,2026-03-25 11:41:18,sess_2dc4f8e3,tablet,65,
user_00614,prod_00359,view,2026-01-01 11:41:18,sess_3edfaa42,tablet,149,
user_00887,prod_00114,view,2026-01-02 11:41:18,sess_82a812f4,mobile,204,
user_00388,prod_00052,view,2026-02-23 11:41:18,sess_97c4e990,tablet,178,
user_00575,prod_00025,view,2026-02-07 11:41:18,sess_efd611a2,mobile,100,
user_00674,prod_00062,view,2026-02-07 11:41:18,sess_b8d9632f,mobile,156,
user_00466,prod_00409,view,2026-02-18 11:41:18,sess_295dddc2,mobile,245,
user_00695,prod_00004,view,2026-02-24 11:41:18,sess_5ad3de70,desktop,147,
user_00304,prod_00246,like,2026-03-13 11:41:18,sess_deea4339,tablet,105,
user_00082,prod_00228,view,2026-03-21 11:41:18,sess_11d537cf,tablet,298,
user_00348,prod_00374,view,2026-02-05 11:41:18,sess_ecb4bc32,desktop,203,
user_00418,prod_00068,view,2026-02-17 11:41:18,sess_0f5c37da,tablet,300,
user_00385,prod_00473,view,2026-03-29 11:41:18,sess_7fbd6b99,mobile,201,
user_00076,prod_00379,view,2026-02-11 11:41:18,sess_5b3b026a,desktop,289,
user_00929,prod_00230,view,2026-02-09 11:41:18,sess_18c29e91,tablet,210,
user_00050,prod_00170,view,2026-03-25 11:41:18,sess_deb2ad42,desktop,207,
user_00245,prod_00223,view,2026-03-14 11:41:18,sess_21b0d99a,tablet,276,
user_00909,prod_00329,view,2026-02-04 11:41:18,sess_b33f2656,desktop,9,
user_00639,prod_00280,view,2026-03-03 11:41:18,sess_6cdd567c,tablet,27,
user_00607,prod_00061,view,2026-02-28 11:41:18,sess_e8d636fb,tablet,19,
user_00147,prod_00187,view,2026-02-25 11:41:18,sess_4dfd3d8f,desktop,85,
user_00706,prod_00103,like,2026-02-12 11:41:18,sess_f414bdaf,mobile,62,
user_00589,prod_00333,cart,2026-01-10 11:41:18,sess_67ea54c6,tablet,278,
user_00441,prod_00023,like,2026-01-26 11:41:18,sess_439a34f6,desktop,169,
user_00264,prod_00416,like,2026-02-18 11:41:18,sess_d8b80897,desktop,290,
user_00986,prod_00310,view,2026-02-16 11:41:18,sess_4e0db21f,mobile,268,
user_00093,prod_00064,view,2026-03-15 11:41:18,sess_44e093a9,tablet,285,
user_00610,prod_00200,view,2026-01-22 11:41:18,sess_d0f32e4f,mobile,150,
user_00908,prod_00430,like,2026-03-09 11:41:18,sess_fc4a2ec2,tablet,194,
user_00153,prod_00064,view,2026-03-24 11:41:18,sess_37c8cfe1,desktop,213,
user_00390,prod_00007,like,2026-03-13 11:41:18,sess_cc863fec,desktop,282,
user_00434,prod_00016,view,2026-02-01 11:41:18,sess_0050ef04,tablet,83,
user_00776,prod_00216,view,2026-03-05 11:41:18,sess_9bb72e7e,desktop,37,
user_00375,prod_00259,view,2026-02-11 11:41:18,sess_61cb4175,mobile,7,
user_00070,prod_00226,view,2026-01-08 11:41:18,sess_9fce1c6e,mobile,221,
user_00509,prod_00415,view,2026-03-24 11:41:18,sess_74ab4da7,desktop,274,
user_00451,prod_00293,view,2026-03-08 11:41:18,sess_5c7e2e88,desktop,159,
user_00077,prod_00108,view,2026-02-19 11:41:18,sess_18bf1fc8,desktop,295,
user_00272,prod_00029,like,2026-03-18 11:41:18,sess_f367f33b,tablet,168,
user_00712,prod_00481,view,2026-02-18 11:41:18,sess_fae09d75,tablet,240,
user_00127,prod_00294,like,2026-01-21 11:41:18,sess_39fbfd1c,desktop,227,
user_00988,prod_00381,like,2026-02-16 11:41:18,sess_78f65d6e,desktop,68,
user_00568,prod_00121,like,2026-01-09 11:41:18,sess_32b31977,tablet,291,
user_00472,prod_00203,view,2026-01-30 11:41:18,sess_1b3a2ee9,mobile,100,
user_00994,prod_00125,purchase,2026-02-25 11:41:18,sess_627714ed,mobile,8,4.2
user_00103,prod_00289,view,2026-01-12 11:41:18,sess_45f70c1f,desktop,226,
user_00501,prod_00124,view,2026-03-12 11:41:18,sess_e2d7e37f,tablet,250,
user_00218,prod_00403,view,2026-02-07 11:41:18,sess_0ff66599,desktop,137,
user_00041,prod_00096,view,2026-03-10 11:41:18,sess_b5db05f6,desktop,240,
user_00386,prod_00317,view,2026-02-02 11:41:18,sess_d3865e9f,desktop,126,
user_00637,prod_00478,view,2026-01-21 11:41:18,sess_abaa8cf9,desktop,77,
user_00048,prod_00070,view,2026-03-28 11:41:18,sess_9f301211,tablet,53,
user_00258,prod_00353,view,2026-01-11 11:41:18,sess_518ce6ea,mobile,121,
user_00780,prod_00409,view,2026-02-21 11:41:18,sess_78656e96,mobile,113,
user_00985,prod_00153,view,2026-01-12 11:41:18,sess_542b61ad,tablet,273,
user_00153,prod_00456,like,2026-03-20 11:41:18,sess_87c77e9c,desktop,142,
user_00707,prod_00176,cart,2026-02-02 11:41:18,sess_d5f93c61,desktop,228,
user_00583,prod_00354,view,2026-03-02 11:41:18,sess_65ae30da,mobile,20,
user_00004,prod_00367,like,2026-03-11 11:41:18,sess_e10041b8,mobile,226,
user_00641,prod_00372,like,2026-03-03 11:41:18,sess_90e34e32,mobile,43,
user_00425,prod_00454,like,2026-01-28 11:41:18,sess_664a9233,mobile,231,
user_00004,prod_00107,view,2026-02-10 11:41:18,sess_bfa3c84b,mobile,176,
user_00630,prod_00161,view,2026-02-20 11:41:18,sess_62730ab5,mobile,152,
user_00087,prod_00373,view,2025-12-30 11:41:18,sess_7a0af996,desktop,32,
user_00136,prod_00460,view,2026-01-03 11:41:18,sess_2396adfe,tablet,227,
user_00485,prod_00401,view,2026-02-04 11:41:18,sess_36b3fd51,desktop,220,
user_00142,prod_00191,like,2026-03-25 11:41:18,sess_75ea1fb1,mobile,212,
user_00196,prod_00413,view,2026-02-07 11:41:18,sess_75c93325,desktop,215,
user_00747,prod_00037,view,2026-02-24 11:41:18,sess_21f160e6,desktop,253,
user_00662,prod_00301,view,2026-03-03 11:41:18,sess_4a35af69,tablet,297,
user_00696,prod_00249,purchase,2026-01-13 11:41:18,sess_4dc197a6,tablet,264,2.7
user_00604,prod_00379,cart,2026-02-22 11:41:18,sess_09da38b9,tablet,111,
user_00147,prod_00422,like,2026-03-14 11:41:18,sess_9bbb4ecb,tablet,118,
user_00999,prod_00303,cart,2026-03-18 11:41:18,sess_7636c3fc,mobile,285,
user_00600,prod_00361,view,2026-03-17 11:41:18,sess_5ca4fd39,desktop,152,
user_00576,prod_00478,view,2026-03-28 11:41:18,sess_697dcfcc,mobile,42,
user_00187,prod_00351,view,2025-12-31 11:41:18,sess_44bc07b0,mobile,75,
user_00932,prod_00099,like,2026-01-08 11:41:18,sess_90ada024,mobile,179,
user_00408,prod_00367,purchase,2026-01-24 11:41:18,sess_9c581fcf,tablet,274,1.6
user_00989,prod_00066,view,2026-01-07 11:41:18,sess_612af0a4,tablet,252,
user_00060,prod_00169,view,2026-01-23 11:41:18,sess_c8b7259a,mobile,201,
user_00715,prod_00040,view,2026-02-26 11:41:18,sess_a5afd549,tablet,194,
user_00411,prod_00157,like,2026-02-24 11:41:18,sess_57b97a75,desktop,17,
user_00772,prod_00348,view,2026-01-02 11:41:18,sess_5381f96b,desktop,142,
user_00581,prod_00397,view,2026-01-03 11:41:18,sess_6086a566,tablet,128,
user_00995,prod_00002,view,2026-02-08 11:41:18,sess_1dcab2c0,mobile,30,
user_00860,prod_00279,view,2026-03-12 11:41:18,sess_91c4cc5d,desktop,47,
user_00394,prod_00206,view,2026-02-05 11:41:18,sess_a41e8cc5,desktop,187,
user_00923,prod_00164,view,2026-02-06 11:41:18,sess_350efe59,desktop,174,
user_00512,prod_00341,view,2026-02-13 11:41:18,sess_8755b27b,desktop,185,
user_00103,prod_00495,view,2026-02-03 11:41:18,sess_afbe89ea,desktop,7,
user_00008,prod_00027,view,2026-02-15 11:41:18,sess_bd1caab4,tablet,217,
user_00828,prod_00272,view,2026-03-23 11:41:18,sess_2df79f15,desktop,41,
user_00425,prod_00196,view,2026-03-17 11:41:18,sess_a9b665d8,mobile,94,
user_00914,prod_00132,view,2026-01-24 11:41:18,sess_695919e1,tablet,246,
user_00956,prod_00152,view,2026-03-05 11:41:18,sess_ec0aa8fc,mobile,275,
user_00417,prod_00468,view,2026-03-01 11:41:18,sess_c11df610,desktop,245,
user_00889,prod_00022,view,2026-02-27 11:41:18,sess_e42df9e4,desktop,104,
user_00047,prod_00452,like,2026-01-24 11:41:18,sess_e782a628,tablet,215,
user_00063,prod_00089,purchase,2026-01-11 11:41:18,sess_e7e28845,tablet,278,1.9
user_00624,prod_00398,like,2026-03-29 11:41:18,sess_c424b501,tablet,226,
user_00654,prod_00034,view,2026-01-16 11:41:18,sess_b7ce6dd7,desktop,74,
user_00861,prod_00140,like,2026-02-12 11:41:18,sess_32ff7eed,desktop,143,
user_00540,prod_00007,view,2026-03-25 11:41:18,sess_2f2c29a5,desktop,109,
user_00363,prod_00386,like,2026-03-29 11:41:18,sess_e3ae9b26,tablet,169,
user_00511,prod_00328,view,2026-01-03 11:41:18,sess_86148e96,mobile,177,
user_00599,prod_00425,view,2026-02-03 11:41:18,sess_71d409a5,mobile,91,
user_00735,prod_00316,view,2026-01-06 11:41:18,sess_67b7c11a,mobile,124,
user_00993,prod_00047,like,2026-02-16 11:41:18,sess_34d9408f,tablet,148,
user_00626,prod_00431,view,2026-02-19 11:41:18,sess_7597a1d2,mobile,25,
user_00233,prod_00050,view,2026-01-29 11:41:18,sess_75e41bf7,desktop,277,
user_00448,prod_00236,view,2026-03-16 11:41:18,sess_5e247355,tablet,163,
user_00069,prod_00263,like,2026-03-10 11:41:18,sess_98dc96f2,mobile,6,
user_00513,prod_00268,like,2026-02-08 11:41:18,sess_833907a0,tablet,268,
user_00826,prod_00481,view,2026-02-05 11:41:18,sess_a25f4694,mobile,130,
user_00663,prod_00393,view,2026-02-04 11:41:18,sess_c03c784e,mobile,189,
user_00740,prod_00281,like,2026-02-05 11:41:18,sess_26452281,desktop,154,
user_00951,prod_00265,view,2026-02-02 11:41:18,sess_9df8cec3,mobile,6,
user_00394,prod_00207,like,2026-01-02 11:41:18,sess_9b7a93c8,mobile,195,
user_00095,prod_00416,view,2026-01-25 11:41:18,sess_6d4fc55d,mobile,155,
user_00798,prod_00076,like,2026-02-05 11:41:18,sess_e741f23f,tablet,285,
user_00608,prod_00429,like,2026-01-31 11:41:18,sess_b96e632d,tablet,78,
user_00226,prod_00335,view,2026-01-10 11:41:18,sess_fecd3615,tablet,18,
user_00156,prod_00453,view,2026-01-03 11:41:18,sess_f09602b5,tablet,33,
user_00037,prod_00363,view,2026-02-24 11:41:18,sess_98290faa,tablet,282,
user_00643,prod_00327,view,2026-01-19 11:41:18,sess_53908ac6,desktop,243,
user_00458,prod_00298,cart,2026-02-02 11:41:18,sess_378c9892,desktop,259,
user_00322,prod_00161,view,2026-03-21 11:41:18,sess_7276de53,tablet,281,
user_00640,prod_00351,like,2026-03-22 11:41:18,sess_4a5d6b95,desktop,38,
user_00329,prod_00253,view,2026-02-20 11:41:18,sess_772e7913,desktop,266,
user_00624,prod_00391,view,2026-01-19 11:41:18,sess_94913a82,mobile,263,
user_00270,prod_00282,view,2026-01-22 11:41:18,sess_5b61b621,mobile,84,
user_00983,prod_00009,view,2026-03-11 11:41:18,sess_fe6a9b2a,mobile,209,
user_00698,prod_00056,view,2026-01-09 11:41:18,sess_f8eedfd3,tablet,19,
user_00648,prod_00436,like,2026-03-18 11:41:18,sess_0732dd32,mobile,295,
user_00663,prod_00405,purchase,2026-03-13 11:41:18,sess_b7071932,mobile,255,1.0
user_00412,prod_00199,cart,2026-01-14 11:41:18,sess_d77373d4,mobile,117,
user_00493,prod_00400,view,2026-03-12 11:41:18,sess_26e10b4d,desktop,288,
user_00622,prod_00458,view,2025-12-30 11:41:18,sess_9e29a04a,tablet,228,
user_00678,prod_00156,like,2026-02-05 11:41:18,sess_7163f101,desktop,172,
user_00472,prod_00262,like,2026-03-06 11:41:18,sess_930ef3a9,desktop,186,
user_00708,prod_00229,like,2026-03-09 11:41:18,sess_4fd86fd5,tablet,116,
user_00103,prod_00166,view,2026-03-25 11:41:18,sess_fa64ac7f,tablet,167,
user_00451,prod_00347,view,2026-01-07 11:41:18,sess_28c3549c,mobile,273,
user_00490,prod_00317,view,2025-12-30 11:41:18,sess_7a8f609f,desktop,139,
user_00046,prod_00160,like,2026-03-21 11:41:18,sess_6ba713b3,desktop,37,
user_00316,prod_00455,like,2026-03-11 11:41:18,sess_68d2be54,mobile,170,
user_00872,prod_00026,view,2026-02-02 11:41:18,sess_b9995ef5,mobile,171,
user_00643,prod_00385,like,2026-03-26 11:41:18,sess_7769950b,tablet,229,
user_00900,prod_00447,view,2026-01-21 11:41:18,sess_1d7d865e,mobile,77,
user_00238,prod_00328,like,2026-01-24 11:41:18,sess_7737ea7d,desktop,139,
user_00422,prod_00500,view,2026-02-21 11:41:18,sess_75897b28,mobile,123,
user_00840,prod_00396,like,2026-03-28 11:41:18,sess_95ad435b,mobile,226,
user_00224,prod_00481,view,2026-01-28 11:41:18,sess_a19d4556,mobile,260,
user_00519,prod_00339,like,2026-02-12 11:41:18,sess_d6a340ba,desktop,87,
user_00616,prod_00466,view,2026-03-01 11:41:18,sess_c1958e8e,mobile,265,
user_00403,prod_00493,cart,2026-03-19 11:41:18,sess_41de3b3f,desktop,291,
user_00378,prod_00472,view,2026-03-01 11:41:18,sess_a56be750,mobile,94,
user_00308,prod_00047,purchase,2026-02-14 11:41:18,sess_062016d9,tablet,135,3.2
user_00598,prod_00222,view,2026-01-30 11:41:18,sess_ed999c41,mobile,158,
user_00299,prod_00407,like,2026-03-15 11:41:18,sess_9f9ed5ce,desktop,298,
user_00366,prod_00279,view,2026-01-09 11:41:18,sess_ced7aa65,desktop,142,
user_00759,prod_00478,view,2026-02-02 11:41:18,sess_3352f4bf,mobile,177,
user_00014,prod_00486,cart,2026-01-04 11:41:18,sess_ed1e300f,mobile,212,
user_00579,prod_00283,view,2026-02-22 11:41:18,sess_d2b9c9eb,mobile,121,
user_00807,prod_00391,like,2026-03-23 11:41:18,sess_5b4f5b78,tablet,135,
user_00837,prod_00288,view,2026-02-01 11:41:18,sess_849deefc,desktop,18,
user_00754,prod_00066,view,2026-02-22 11:41:18,sess_1a0c4d60,tablet,128,
user_00995,prod_00104,like,2026-02-14 11:41:18,sess_8cdb9b59,tablet,20,
user_00589,prod_00372,like,2026-03-06 11:41:18,sess_afe6a805,desktop,198,
user_00464,prod_00236,view,2026-02-10 11:41:18,sess_8448156d,desktop,216,
user_00446,prod_00488,view,2026-02-18 11:41:18,sess_d3ffa25c,tablet,206,
user_00938,prod_00124,view,2026-03-26 11:41:18,sess_1b970406,mobile,70,
user_00137,prod_00349,view,2026-01-14 11:41:18,sess_ba596bf6,tablet,25,
user_00075,prod_00461,like,2026-02-05 11:41:18,sess_68479d08,desktop,188,
user_00633,prod_00380,view,2026-02-01 11:41:18,sess_14b1b44b,tablet,41,
user_00336,prod_00077,view,2026-02-07 11:41:18,sess_8c9c3d02,mobile,145,
user_00301,prod_00014,view,2026-02-14 11:41:18,sess_30ee5873,mobile,239,
user_00312,prod_00436,like,2026-02-10 11:41:18,sess_da9dda45,mobile,61,
user_00563,prod_00197,view,2026-03-14 11:41:18,sess_f4868547,desktop,116,
user_00069,prod_00291,like,2026-01-08 11:41:18,sess_f3611be9,desktop,187,
user_00597,prod_00389,view,2026-01-27 11:41:18,sess_90be8b1b,tablet,229,
user_00385,prod_00436,purchase,2026-03-03 11:41:18,sess_bfa8e4cb,tablet,170,1.0
user_00184,prod_00381,view,2026-03-04 11:41:18,sess_0e68eef1,desktop,152,
user_00948,prod_00350,like,2026-01-21 11:41:18,sess_a8fa9373,tablet,122,
user_00587,prod_00001,view,2026-02-28 11:41:18,sess_bfb8bf75,mobile,38,
user_00259,prod_00474,view,2025-12-31 11:41:18,sess_213901c8,mobile,196,
user_00704,prod_00247,view,2026-03-05 11:41:18,sess_37ad7550,mobile,188,
user_00096,prod_00059,view,2026-01-14 11:41:18,sess_4f34ef14,desktop,274,
user_00530,prod_00239,view,2026-03-13 11:41:18,sess_d46d2fd1,tablet,9,
user_00297,prod_00008,view,2026-02-02 11:41:18,sess_b718c810,desktop,227,
user_00436,prod_00049,view,2026-01-22 11:41:18,sess_c1cd8c25,desktop,262,
user_00053,prod_00031,like,2026-03-20 11:41:18,sess_0073557c,desktop,110,
user_00597,prod_00044,view,2026-03-22 11:41:18,sess_1b16a970,desktop,122,
user_00444,prod_00247,view,2026-03-17 11:41:18,sess_7b13dc70,mobile,253,
user_00818,prod_00281,view,2026-03-18 11:41:18,sess_45865ea3,mobile,212,
user_00647,prod_00269,view,2026-03-14 11:41:18,sess_9c585c55,desktop,237,
user_00860,prod_00028,view,2026-01-06 11:41:18,sess_05572644,mobile,78,
user_00885,prod_00220,view,2026-03-21 11:41:18,sess_d758f626,desktop,139,
user_00184,prod_00362,view,2026-03-26 11:41:18,sess_62fd94fc,mobile,99,
user_00200,prod_00028,like,2026-01-07 11:41:18,sess_13c04e82,tablet,176,
user_00932,prod_00357,view,2026-03-13 11:41:18,sess_dde982bd,mobile,152,
user_00759,prod_00049,view,2026-03-11 11:41:18,sess_ddc2b0bf,mobile,211,
user_00419,prod_00246,view,2026-03-21 11:41:18,sess_b1ad8a41,desktop,168,
user_00757,prod_00302,view,2026-02-07 11:41:18,sess_5eeecd8f,desktop,132,
user_00211,prod_00435,view,2026-03-13 11:41:18,sess_2edd34da,desktop,24,
user_00033,prod_00164,like,2026-03-08 11:41:18,sess_1be5ead3,mobile,195,
user_00387,prod_00072,view,2026-01-05 11:41:18,sess_84c9bb7d,tablet,28,
user_00871,prod_00039,like,2026-03-02 11:41:18,sess_dcceb3c6,tablet,56,
user_00198,prod_00117,view,2026-01-23 11:41:18,sess_a5933840,desktop,64,
user_00816,prod_00110,view,2026-01-13 11:41:18,sess_3b5bffd1,desktop,176,
user_00853,prod_00441,view,2026-02-16 11:41:18,sess_8e2023f9,mobile,115,
user_00312,prod_00096,view,2026-02-20 11:41:18,sess_5d4763db,tablet,231,
user_00439,prod_00407,view,2026-01-15 11:41:18,sess_243d188e,tablet,225,
user_00440,prod_00099,view,2026-03-24 11:41:18,sess_42ce7463,tablet,187,
user_00254,prod_00224,view,2026-01-29 11:41:18,sess_5fb52121,tablet,129,
user_00284,prod_00339,view,2026-01-29 11:41:18,sess_acb06971,mobile,187,
user_00415,prod_00428,view,2026-03-08 11:41:18,sess_b91689be,desktop,211,
user_00380,prod_00417,view,2026-03-22 11:41:18,sess_261b510f,desktop,254,
user_00783,prod_00460,like,2026-01-08 11:41:18,sess_ff440318,tablet,36,
user_00635,prod_00470,view,2026-03-17 11:41:18,sess_5f9e1e92,desktop,247,
user_00802,prod_00190,view,2026-01-15 11:41:18,sess_281fdb49,tablet,194,
user_00164,prod_00148,like,2026-02-08 11:41:18,sess_a3d1d253,desktop,167,
user_00683,prod_00120,view,2026-01-15 11:41:18,sess_29db3874,tablet,213,
user_00131,prod_00391,like,2025-12-30 11:41:18,sess_d9bbe4af,desktop,257,
user_00946,prod_00304,view,2026-02-15 11:41:18,sess_a1bad948,desktop,46,
user_00161,prod_00329,like,2026-03-05 11:41:18,sess_cfdb4fc1,tablet,285,
user_00954,prod_00115,view,2026-01-05 11:41:18,sess_53e15875,desktop,215,
user_00562,prod_00169,view,2026-01-16 11:41:18,sess_c8333de1,mobile,216,
user_00804,prod_00052,cart,2026-01-17 11:41:18,sess_83b5abd3,desktop,126,
user_00631,prod_00312,view,2026-02-13 11:41:18,sess_7b2a6e96,mobile,261,
user_00086,prod_00052,like,2026-01-30 11:41:18,sess_1e7cbf67,mobile,19,
user_00251,prod_00012,like,2026-01-29 11:41:18,sess_2a758ff4,tablet,90,
user_00794,prod_00426,like,2026-01-28 11:41:18,sess_b5d0942c,tablet,14,
user_00570,prod_00459,view,2026-02-23 11:41:18,sess_7b1bd6be,tablet,111,
user_00121,prod_00068,like,2026-02-20 11:41:18,sess_1634cc32,desktop,208,
user_00189,prod_00166,like,2026-01-08 11:41:18,sess_1dfc7264,mobile,203,
user_00863,prod_00360,view,2026-02-07 11:41:18,sess_f61b8c27,mobile,102,
user_00613,prod_00056,view,2026-01-15 11:41:18,sess_3d1de7ce,tablet,158,
user_00012,prod_00111,like,2026-03-20 11:41:18,sess_99a9821c,tablet,61,
user_00186,prod_00329,like,2026-01-31 11:41:18,sess_eed1f7bd,mobile,214,
user_00463,prod_00345,view,2026-01-19 11:41:18,sess_601b7a12,mobile,116,
user_00337,prod_00113,view,2026-02-09 11:41:18,sess_e2c625be,mobile,91,
user_00359,prod_00403,view,2026-02-27 11:41:18,sess_ff429202,tablet,144,
user_00749,prod_00300,cart,2026-03-02 11:41:18,sess_98e012bb,mobile,144,
user_00996,prod_00140,view,2026-01-04 11:41:18,sess_aa2b95ed,desktop,251,
user_00673,prod_00410,like,2026-02-22 11:41:18,sess_04dc6f33,mobile,293,
user_00559,prod_00409,view,2026-03-23 11:41:18,sess_b9231625,mobile,227,
user_00506,prod_00308,view,2026-02-26 11:41:18,sess_e79a4b45,tablet,51,
user_00107,prod_00206,like,2026-01-05 11:41:18,sess_df2dfb24,tablet,47,
user_00791,prod_00013,like,2026-03-26 11:41:18,sess_ed62b714,mobile,276,
user_00576,prod_00426,like,2026-01-20 11:41:18,sess_2abf7f43,mobile,42,
user_00898,prod_00318,view,2026-03-12 11:41:18,sess_afa079e3,mobile,107,
user_00265,prod_00257,view,2026-02-25 11:41:18,sess_6fb85439,mobile,35,
user_00215,prod_00164,view,2026-03-23 11:41:18,sess_31374231,tablet,249,
user_00580,prod_00344,view,2026-01-14 11:41:18,sess_6066442a,mobile,110,
user_00943,prod_00279,view,2026-02-17 11:41:18,sess_4fe10b19,desktop,55,
user_00876,prod_00360,cart,2026-03-13 11:41:18,sess_fe7435f0,tablet,55,
user_00597,prod_00350,like,2026-02-20 11:41:18,sess_51a1e0e2,desktop,7,
user_00166,prod_00497,view,2026-03-15 11:41:18,sess_141cad9c,mobile,278,
user_00471,prod_00436,view,2026-01-27 11:41:18,sess_f7200da9,tablet,43,
user_00792,prod_00476,like,2026-01-27 11:41:18,sess_1e1cc496,desktop,155,
user_00881,prod_00220,view,2026-02-28 11:41:18,sess_919324c2,tablet,45,
user_00039,prod_00471,view,2026-03-16 11:41:18,sess_df96a55c,tablet,199,
user_00126,prod_00401,view,2026-01-07 11:41:18,sess_dd499eed,mobile,65,
user_00357,prod_00146,view,2026-02-28 11:41:18,sess_3ac77e43,mobile,176,
user_00224,prod_00170,view,2026-01-05 11:41:18,sess_912b65c1,desktop,99,
user_00398,prod_00035,view,2026-02-14 11:41:18,sess_eb773b3c,desktop,90,
user_00331,prod_00090,purchase,2026-01-08 11:41:18,sess_ffad1d7b,desktop,149,2.9
user_00829,prod_00034,view,2026-01-13 11:41:18,sess_9a4dd58a,tablet,146,
user_00534,prod_00270,view,2026-01-12 11:41:18,sess_70480992,desktop,264,
user_00584,prod_00487,cart,2026-03-17 11:41:18,sess_7001e0b8,tablet,179,
user_00444,prod_00232,like,2026-02-12 11:41:18,sess_17d16325,tablet,156,
user_00908,prod_00075,view,2026-03-19 11:41:18,sess_3d8e796a,desktop,84,
user_00400,prod_00207,like,2026-02-25 11:41:18,sess_0bcb5b8b,desktop,9,
user_00488,prod_00012,view,2026-01-06 11:41:18,sess_d987ee55,desktop,61,
user_00859,prod_00114,like,2026-02-05 11:41:18,sess_e777e44e,mobile,138,
user_00042,prod_00404,cart,2026-03-30 11:41:18,sess_a9ca5f66,mobile,215,
user_00419,prod_00278,view,2026-03-18 11:41:18,sess_a3253053,desktop,74,
user_00550,prod_00073,view,2026-03-09 11:41:18,sess_d769fad9,mobile,261,
user_00738,prod_00057,view,2026-01-05 11:41:18,sess_89e485b0,mobile,76,
user_00235,prod_00074,view,2026-01-18 11:41:18,sess_12c6cc8c,mobile,150,
user_00014,prod_00275,view,2026-03-11 11:41:18,sess_41ee752c,tablet,103,
user_00367,prod_00311,view,2026-02-24 11:41:18,sess_b2b62289,mobile,24,
user_00744,prod_00385,view,2026-03-16 11:41:18,sess_aeed36b5,mobile,195,
user_00912,prod_00401,like,2026-03-27 11:41:18,sess_764aa842,desktop,104,
user_00327,prod_00496,like,2026-01-14 11:41:18,sess_a7b85a9b,mobile,8,
user_00811,prod_00476,view,2026-01-08 11:41:18,sess_219dd86b,tablet,189,
user_00980,prod_00251,view,2026-01-30 11:41:18,sess_04103532,tablet,128,
user_00030,prod_00066,cart,2026-02-20 11:41:18,sess_1dda5280,mobile,152,
user_00932,prod_00444,view,2026-03-21 11:41:18,sess_b025d9f9,tablet,175,
user_00893,prod_00389,like,2026-01-06 11:41:18,sess_f5f05ab9,desktop,152,
user_00481,prod_00285,like,2026-03-14 11:41:18,sess_1e30701d,tablet,23,
user_00180,prod_00044,view,2026-03-02 11:41:18,sess_78a92285,desktop,259,
user_00935,prod_00287,view,2026-03-01 11:41:18,sess_2b6e3bec,desktop,290,
user_00600,prod_00396,view,2026-03-18 11:41:18,sess_d06cd8a3,mobile,232,
user_00257,prod_00477,like,2026-02-18 11:41:18,sess_8cec9001,desktop,287,
user_00331,prod_00491,like,2026-02-19 11:41:18,sess_a605afd4,tablet,15,
user_00558,prod_00389,view,2026-03-30 11:41:18,sess_67ef1015,desktop,225,
user_00581,prod_00327,view,2026-02-13 11:41:18,sess_dac13b71,mobile,271,
user_00623,prod_00411,view,2026-03-22 11:41:18,sess_37bf8073,tablet,29,
user_00398,prod_00170,view,2026-03-01 11:41:18,sess_57722a58,desktop,144,
user_00381,prod_00228,view,2026-02-18 11:41:18,sess_e5353377,mobile,232,
user_00425,prod_00048,view,2026-01-18 11:41:18,sess_cc05164d,mobile,158,
user_00602,prod_00461,view,2026-03-02 11:41:18,sess_377aa7a5,tablet,15,
user_00525,prod_00144,view,2026-02-07 11:41:18,sess_68be4fe1,tablet,87,
user_00656,prod_00314,view,2026-02-20 11:41:18,sess_bce57b9a,desktop,260,
user_00881,prod_00466,view,2026-03-29 11:41:18,sess_d7ade35f,tablet,149,
user_00692,prod_00095,like,2026-02-20 11:41:18,sess_75c061a7,tablet,7,
user_00786,prod_00017,view,2025-12-30 11:41:18,sess_40167d1d,mobile,162,
user_00114,prod_00369,view,2026-02-08 11:41:18,sess_a9107da6,tablet,60,
user_00336,prod_00274,view,2026-02-22 11:41:18,sess_957d2109,tablet,19,
user_00394,prod_00090,view,2026-02-10 11:41:18,sess_7ade4aca,mobile,88,
user_00285,prod_00085,view,2026-02-28 11:41:18,sess_556b23a1,mobile,118,
user_00673,prod_00074,view,2026-02-21 11:41:18,sess_1a45340d,desktop,97,
user_00954,prod_00114,view,2026-01-21 11:41:18,sess_99f13189,mobile,273,
user_00397,prod_00116,view,2026-03-13 11:41:18,sess_540d6d75,tablet,227,
user_00402,prod_00095,view,2026-03-18 11:41:18,sess_5fa0faaf,desktop,156,
user_00975,prod_00081,cart,2026-03-19 11:41:18,sess_fbc040c2,desktop,242,
user_00555,prod_00475,like,2026-03-08 11:41:18,sess_951fb2a2,desktop,200,
user_00619,prod_00108,like,2026-03-14 11:41:18,sess_36f6d9ec,desktop,21,
user_00995,prod_00111,like,2026-02-20 11:41:18,sess_36df77e8,tablet,188,
user_00008,prod_00095,view,2026-03-18 11:41:18,sess_541a9b0e,tablet,29,
user_00109,prod_00296,view,2026-03-03 11:41:18,sess_638f46b2,desktop,120,
user_00502,prod_00310,view,2026-03-23 11:41:18,sess_8cee0174,mobile,34,
user_00662,prod_00012,like,2026-02-10 11:41:18,sess_50f87ebf,mobile,99,
user_00862,prod_00175,like,2026-03-22 11:41:18,sess_53448a30,tablet,193,
user_00363,prod_00497,view,2026-02-01 11:41:18,sess_12521de0,tablet,78,
user_00233,prod_00001,like,2026-03-03 11:41:18,sess_5c4585fd,mobile,124,
user_00085,prod_00493,view,2026-01-30 11:41:18,sess_ef5b7855,desktop,278,
user_00787,prod_00039,view,2026-02-21 11:41:18,sess_5bef083c,desktop,152,
user_00858,prod_00126,view,2026-03-15 11:41:18,sess_ffb6815e,tablet,156,
user_00968,prod_00388,view,2026-01-11 11:41:18,sess_fc672615,tablet,58,
user_00943,prod_00042,like,2026-02-04 11:41:18,sess_265c4643,desktop,34,
user_00353,prod_00091,view,2026-02-05 11:41:18,sess_80ed702c,mobile,69,
user_00028,prod_00402,view,2025-12-31 11:41:18,sess_e86a57df,tablet,169,
user_00489,prod_00281,view,2026-03-21 11:41:18,sess_8ea91aa0,tablet,35,
user_00160,prod_00068,view,2026-03-16 11:41:18,sess_ba770028,desktop,249,
user_00642,prod_00281,view,2026-01-09 11:41:18,sess_316324dd,desktop,223,
user_00210,prod_00172,view,2026-03-05 11:41:18,sess_f832c5e1,tablet,253,
user_00127,prod_00277,view,2026-03-21 11:41:18,sess_03564638,mobile,198,
user_00839,prod_00326,view,2026-02-11 11:41:18,sess_e832360b,desktop,117,
user_00934,prod_00255,view,2026-03-11 11:41:18,sess_825c9f23,tablet,164,
user_00198,prod_00012,view,2026-02-27 11:41:18,sess_dc9062a7,desktop,177,
user_00792,prod_00466,view,2026-01-21 11:41:18,sess_f317c60d,tablet,81,
user_00895,prod_00125,view,2026-02-25 11:41:18,sess_0d2642f4,desktop,181,
user_00614,prod_00338,view,2026-03-04 11:41:18,sess_823752b4,mobile,250,
user_00774,prod_00494,view,2026-01-05 11:41:18,sess_a402a24d,tablet,108,
user_00821,prod_00350,view,2026-01-17 11:41:18,sess_55c61bc1,mobile,179,
user_00918,prod_00108,view,2026-03-18 11:41:18,sess_c7d41e5b,desktop,20,
user_00835,prod_00199,view,2026-02-04 11:41:18,sess_7d2dd100,desktop,154,
user_00189,prod_00221,like,2026-02-11 11:41:18,sess_40b40305,mobile,78,
user_00500,prod_00094,view,2026-02-14 11:41:18,sess_291362bf,mobile,132,
user_00501,prod_00487,view,2026-02-18 11:41:18,sess_d3b980a3,desktop,245,
user_00421,prod_00134,view,2026-01-14 11:41:18,sess_df7aecdc,desktop,86,
user_00169,prod_00143,purchase,2026-02-06 11:41:18,sess_e649bec0,tablet,75,2.3
user_00982,prod_00212,like,2026-02-16 11:41:18,sess_d27baa48,mobile,78,
user_00839,prod_00345,like,2026-02-05 11:41:18,sess_65d6962e,tablet,257,
user_00184,prod_00306,like,2026-01-15 11:41:18,sess_91233d5a,mobile,136,
user_00702,prod_00450,cart,2026-01-16 11:41:18,sess_c320486a,mobile,159,
user_00448,prod_00445,like,2026-02-21 11:41:18,sess_a529d18a,desktop,241,
user_00564,prod_00439,view,2026-02-14 11:41:18,sess_82adff6f,desktop,295,
user_00475,prod_00440,view,2026-01-23 11:41:18,sess_eac86bf7,desktop,31,
user_00470,prod_00013,view,2026-01-11 11:41:18,sess_d9517fe3,tablet,73,
user_00096,prod_00150,view,2026-03-12 11:41:18,sess_b871eb0e,mobile,103,
user_00456,prod_00331,view,2026-01-17 11:41:18,sess_7218d2bc,tablet,143,
user_00325,prod_00033,view,2026-02-02 11:41:18,sess_bfc2f1c6,mobile,207,
user_00202,prod_00209,view,2026-01-23 11:41:18,sess_2bc7de6e,desktop,107,
user_00005,prod_00058,like,2026-03-27 11:41:18,sess_f98acb92,mobile,270,
user_00300,prod_00258,view,2026-02-26 11:41:18,sess_a3c138b4,tablet,109,
user_00210,prod_00386,view,2026-02-01 11:41:18,sess_c999bd92,tablet,300,
user_00391,prod_00012,like,2026-01-26 11:41:18,sess_300d7e5f,tablet,48,
user_00715,prod_00106,view,2026-02-16 11:41:18,sess_b8381651,tablet,134,
user_00622,prod_00470,like,2026-03-27 11:41:18,sess_3fa39a8f,tablet,194,
user_00940,prod_00215,view,2026-03-24 11:41:18,sess_05b9b924,mobile,101,
user_00150,prod_00134,cart,2026-01-17 11:41:18,sess_6da2143e,mobile,196,
user_00052,prod_00423,view,2026-02-16 11:41:18,sess_08efa934,desktop,205,
user_00113,prod_00244,like,2025-12-30 11:41:18,sess_aada2d13,tablet,35,
user_00554,prod_00450,view,2026-01-22 11:41:18,sess_c5e5cbe9,tablet,265,
user_00591,prod_00328,view,2026-01-08 11:41:18,sess_68cedfcd,mobile,36,
user_00289,prod_00032,view,2026-02-14 11:41:18,sess_7c7307b9,desktop,202,
user_00916,prod_00261,view,2026-03-03 11:41:18,sess_d3fdf55b,desktop,102,
user_00535,prod_00325,view,2026-01-07 11:41:18,sess_fcae4942,mobile,249,
user_00318,prod_00235,view,2026-03-24 11:41:18,sess_79cbd58e,mobile,26,
user_00640,prod_00328,view,2026-02-07 11:41:18,sess_a3dba035,tablet,167,
user_00391,prod_00145,view,2026-02-01 11:41:18,sess_8a326ba9,tablet,139,
user_00037,prod_00047,view,2026-01-30 11:41:18,sess_21bbb56c,tablet,57,
user_00415,prod_00460,view,2026-03-17 11:41:18,sess_8a0da43d,desktop,52,
user_00110,prod_00188,view,2026-01-23 11:41:18,sess_87b3b5fb,desktop,62,
user_00088,prod_00292,like,2026-01-23 11:41:18,sess_17fae1ed,mobile,106,
user_00164,prod_00212,view,2026-03-25 11:41:18,sess_ff900c10,tablet,169,
user_00886,prod_00015,like,2026-02-26 11:41:18,sess_54001975,desktop,281,
user_00069,prod_00302,view,2026-02-02 11:41:18,sess_75947fd3,tablet,81,
user_00559,prod_00190,view,2026-02-28 11:41:18,sess_bf41dd10,mobile,265,
user_00168,prod_00145,view,2026-01-05 11:41:18,sess_7618e7ff,mobile,53,
user_00480,prod_00464,view,2026-03-25 11:41:18,sess_faaecbf9,mobile,174,
user_00553,prod_00417,like,2026-03-04 11:41:18,sess_d29f8ec9,mobile,108,
user_00007,prod_00078,view,2026-01-30 11:41:18,sess_518d1525,mobile,250,
user_00773,prod_00197,view,2026-01-07 11:41:18,sess_ce974451,mobile,135,
user_00325,prod_00036,like,2026-03-14 11:41:18,sess_fa4015ef,tablet,194,
user_00967,prod_00154,view,2026-02-28 11:41:18,sess_c540f675,mobile,283,
user_00479,prod_00419,cart,2026-01-17 11:41:18,sess_9dbabea8,desktop,69,
user_00908,prod_00370,view,2026-03-02 11:41:18,sess_3fc191a8,tablet,90,
user_00973,prod_00248,view,2026-03-16 11:41:18,sess_b8164500,mobile,261,
user_00300,prod_00072,view,2026-01-28 11:41:18,sess_25fedc4d,tablet,263,
user_00944,prod_00200,view,2026-01-12 11:41:18,sess_aaf95859,mobile,9,
user_00454,prod_00465,view,2026-03-24 11:41:18,sess_3324683a,mobile,147,
user_00145,prod_00100,view,2026-01-27 11:41:18,sess_1a55591e,mobile,31,
user_00358,prod_00379,like,2026-01-29 11:41:18,sess_798d7354,mobile,223,
user_00958,prod_00062,view,2026-02-12 11:41:18,sess_a71e368e,tablet,227,
user_00359,prod_00396,view,2026-01-31 11:41:18,sess_a6ecef52,desktop,156,
user_00042,prod_00311,view,2026-02-28 11:41:18,sess_ad263e63,mobile,152,
user_00798,prod_00137,view,2026-02-12 11:41:18,sess_648481ad,mobile,87,
user_00959,prod_00422,like,2026-02-12 11:41:18,sess_0f664afb,mobile,239,
user_00640,prod_00103,view,2026-03-19 11:41:18,sess_cab2fa53,tablet,43,
user_00779,prod_00133,like,2026-02-12 11:41:18,sess_8370130c,tablet,150,
user_00490,prod_00344,view,2026-03-16 11:41:18,sess_bffad937,desktop,257,
user_00808,prod_00328,view,2026-02-16 11:41:18,sess_bca06885,mobile,54,
user_00045,prod_00036,like,2026-03-27 11:41:18,sess_afd36947,tablet,21,
user_00138,prod_00206,view,2026-03-04 11:41:18,sess_a3ba732d,tablet,138,
user_00865,prod_00240,view,2026-01-18 11:41:18,sess_0341d781,mobile,117,
user_00327,prod_00148,view,2026-03-19 11:41:18,sess_0cb5c55e,tablet,100,
user_00111,prod_00146,view,2026-03-19 11:41:18,sess_2d9a4818,desktop,201,
user_00249,prod_00497,like,2026-02-28 11:41:18,sess_4c838eeb,mobile,16,
user_00898,prod_00107,like,2026-01-05 11:41:18,sess_f0a3da37,desktop,221,
user_00374,prod_00075,view,2026-01-21 11:41:18,sess_069905f8,desktop,140,
user_00879,prod_00456,like,2026-03-30 11:41:18,sess_e787ddf0,mobile,22,
user_00706,prod_00451,view,2026-02-08 11:41:18,sess_9e52b120,tablet,30,
user_00089,prod_00156,like,2026-01-18 11:41:18,sess_56b3134c,desktop,148,
user_00214,prod_00422,view,2026-03-16 11:41:18,sess_51deaa97,desktop,108,
user_00748,prod_00030,like,2026-01-06 11:41:18,sess_469ab236,mobile,200,
user_00613,prod_00365,cart,2026-03-23 11:41:18,sess_6023c8c1,mobile,24,
user_00604,prod_00027,view,2026-02-02 11:41:18,sess_233036ad,tablet,63,
user_00745,prod_00002,purchase,2026-01-22 11:41:18,sess_0f06c3d0,tablet,123,2.3
user_00975,prod_00143,view,2026-01-13 11:41:18,sess_3f342f0f,mobile,30,
user_00637,prod_00379,view,2026-02-25 11:41:18,sess_7f80f507,tablet,117,
user_00649,prod_00228,view,2026-02-27 11:41:18,sess_a5fd9190,desktop,206,
user_00175,prod_00274,view,2026-03-20 11:41:18,sess_109a164d,mobile,75,
user_00691,prod_00326,view,2026-02-14 11:41:18,sess_0cafff9c,tablet,160,
user_00799,prod_00235,like,2026-03-02 11:41:18,sess_f3c3e801,mobile,50,
user_00038,prod_00179,view,2026-02-27 11:41:18,sess_42da1656,mobile,226,
user_00510,prod_00477,view,2026-01-10 11:41:18,sess_a7d033f6,tablet,153,
user_00143,prod_00049,cart,2026-02-04 11:41:18,sess_5a61dca3,tablet,124,
user_00486,prod_00209,view,2026-03-17 11:41:18,sess_e1dee40e,desktop,253,
user_00438,prod_00246,view,2026-01-28 11:41:18,sess_28194640,desktop,69,
user_00674,prod_00272,view,2026-02-28 11:41:18,sess_763c0eb0,desktop,283,
user_00539,prod_00464,view,2026-01-06 11:41:18,sess_70a8c5ed,desktop,87,
user_00471,prod_00474,view,2026-03-10 11:41:18,sess_50e44867,mobile,222,
user_00443,prod_00223,view,2026-01-01 11:41:18,sess_199d5cbc,tablet,10,
user_00584,prod_00359,view,2026-02-08 11:41:18,sess_aba41689,mobile,207,
user_00837,prod_00167,view,2026-01-07 11:41:18,sess_9b791e71,tablet,280,
user_00991,prod_00312,view,2026-01-15 11:41:18,sess_6f05923e,tablet,128,
user_00828,prod_00163,view,2026-02-15 11:41:18,sess_83eec679,tablet,249,
user_00492,prod_00239,view,2026-01-12 11:41:18,sess_87a08989,desktop,199,
user_00304,prod_00013,like,2026-03-27 11:41:18,sess_619cec7d,desktop,20,
user_00947,prod_00038,view,2026-02-02 11:41:18,sess_53d2aa17,mobile,203,
user_00338,prod_00248,view,2026-03-13 11:41:18,sess_4220dce0,tablet,185,
user_00889,prod_00203,like,2026-01-07 11:41:18,sess_d9466bd3,mobile,162,
user_00539,prod_00220,view,2026-01-06 11:41:18,sess_62ea27e2,desktop,27,
user_00005,prod_00368,view,2026-01-13 11:41:18,sess_7867d3bb,tablet,97,
user_00536,prod_00486,view,2026-01-27 11:41:18,sess_5b5a053b,desktop,242,
user_00051,prod_00321,view,2026-03-12 11:41:18,sess_a8e49ca0,tablet,105,
user_00019,prod_00064,cart,2026-01-08 11:41:18,sess_d7457e7b,mobile,37,
user_00660,prod_00260,cart,2026-02-23 11:41:18,sess_a2d7d17e,mobile,297,
user_00773,prod_00497,view,2026-01-07 11:41:18,sess_a24137b7,tablet,181,
user_00153,prod_00093,view,2026-03-06 11:41:18,sess_47240da1,desktop,112,
user_00841,prod_00061,view,2026-03-25 11:41:18,sess_382bdf17,mobile,260,
user_00655,prod_00101,like,2026-02-09 11:41:18,sess_28178992,tablet,221,
user_00143,prod_00133,view,2026-01-29 11:41:18,sess_9c772619,tablet,152,
user_00026,prod_00358,view,2026-01-01 11:41:18,sess_1936cd17,mobile,146,
user_00313,prod_00201,like,2026-02-26 11:41:18,sess_9491e09f,mobile,199,
user_00556,prod_00463,like,2026-02-11 11:41:18,sess_baff67f7,mobile,135,
user_00339,prod_00371,view,2026-01-06 11:41:18,sess_5035b2f1,desktop,286,
user_00999,prod_00275,view,2026-01-24 11:41:18,sess_51274b06,mobile,142,
user_00519,prod_00102,view,2026-03-01 11:41:18,sess_0749b5f2,tablet,185,
user_00671,prod_00281,view,2026-02-05 11:41:18,sess_95330694,desktop,115,
user_00445,prod_00201,view,2026-02-28 11:41:18,sess_548e68a6,mobile,20,
user_00882,prod_00340,view,2026-01-22 11:41:18,sess_6bfb92f2,desktop,7,
user_00947,prod_00261,view,2026-01-06 11:41:18,sess_a2fad0f3,desktop,292,
user_00224,prod_00337,view,2026-02-03 11:41:18,sess_6ace3063,tablet,177,
user_00888,prod_00275,view,2026-02-19 11:41:18,sess_bc02e3d4,desktop,35,
user_00370,prod_00370,view,2026-01-21 11:41:18,sess_0a0ca372,desktop,210,
user_00475,prod_00085,view,2026-03-05 11:41:18,sess_02c7fa8c,desktop,93,
user_00940,prod_00389,view,2025-12-31 11:41:18,sess_ba574dc0,desktop,233,
user_00233,prod_00469,like,2026-02-24 11:41:18,sess_0afbcddd,tablet,181,
user_00683,prod_00322,view,2026-03-27 11:41:18,sess_4a146a23,mobile,220,
user_00142,prod_00172,view,2026-03-26 11:41:18,sess_3dcc57e5,tablet,72,
user_00706,prod_00357,view,2026-02-15 11:41:18,sess_dca34a52,mobile,99,
user_00983,prod_00288,view,2026-02-15 11:41:18,sess_8ca328d3,mobile,38,
user_00143,prod_00466,view,2026-01-02 11:41:18,sess_3012e03c,tablet,124,
user_00845,prod_00115,view,2026-02-16 11:41:18,sess_8a1ba7a7,mobile,45,
user_00817,prod_00370,view,2026-02-28 11:41:18,sess_c3241505,tablet,185,
user_00590,prod_00015,like,2026-01-31 11:41:18,sess_696c5299,desktop,81,
user_00565,prod_00223,like,2026-01-01 11:41:18,sess_09a0b285,mobile,273,
user_00373,prod_00254,view,2026-01-19 11:41:18,sess_0361c219,tablet,184,
user_00357,prod_00150,like,2026-03-25 11:41:18,sess_60f582d5,tablet,46,
user_00599,prod_00119,view,2026-01-28 11:41:18,sess_5cb9fabb,tablet,160,
user_00353,prod_00425,view,2026-01-02 11:41:18,sess_b09333e4,mobile,237,
user_00716,prod_00017,view,2026-03-07 11:41:18,sess_fafb9648,tablet,60,
user_00426,prod_00234,view,2026-02-26 11:41:18,sess_2ef25e29,desktop,53,
user_00864,prod_00072,view,2026-01-29 11:41:18,sess_f219479b,desktop,221,
user_00737,prod_00370,like,2026-02-04 11:41:18,sess_b93a7d6d,mobile,268,
user_00264,prod_00270,view,2026-01-06 11:41:18,sess_1e5a8094,desktop,205,
user_00164,prod_00008,view,2026-03-01 11:41:18,sess_6e9e0df3,mobile,225,
user_00247,prod_00011,like,2026-02-03 11:41:18,sess_c08db803,tablet,257,
user_00964,prod_00031,view,2026-02-16 11:41:18,sess_d52e7d4e,tablet,281,
user_00147,prod_00470,like,2026-03-01 11:41:18,sess_fbfa206c,tablet,56,
user_00971,prod_00089,view,2026-03-01 11:41:18,sess_3964e267,tablet,289,
user_00544,prod_00491,view,2026-02-14 11:41:18,sess_7f2e0db4,mobile,154,
user_00666,prod_00078,view,2026-01-12 11:41:18,sess_df106a74,mobile,210,
user_00305,prod_00188,cart,2026-03-08 11:41:18,sess_fa0b3830,tablet,126,
user_00110,prod_00127,view,2026-02-12 11:41:18,sess_5b3cf746,desktop,231,
user_00388,prod_00239,view,2026-03-22 11:41:18,sess_f2e8794b,mobile,174,
user_00300,prod_00303,like,2026-03-20 11:41:18,sess_c8d76bc8,tablet,108,
user_00663,prod_00154,view,2026-01-11 11:41:18,sess_0e631e94,desktop,120,
user_00938,prod_00408,like,2026-01-04 11:41:18,sess_f8215e55,tablet,252,
user_00496,prod_00061,view,2026-02-06 11:41:18,sess_cf979bcf,mobile,63,
user_00972,prod_00345,view,2026-02-09 11:41:18,sess_62eaa91a,desktop,37,
user_00932,prod_00232,like,2026-03-12 11:41:18,sess_716b13ef,tablet,47,
user_00762,prod_00028,view,2026-01-10 11:41:18,sess_c6a9256a,mobile,85,
user_00101,prod_00304,view,2026-03-21 11:41:18,sess_0430e062,desktop,231,
user_00224,prod_00348,view,2026-01-28 11:41:18,sess_2734d46f,mobile,18,
user_00368,prod_00071,view,2026-02-02 11:41:18,sess_6a155b3f,tablet,154,
user_00355,prod_00436,view,2026-03-05 11:41:18,sess_b6b80764,mobile,135,
user_00281,prod_00163,view,2026-03-08 11:41:18,sess_9e1afdc5,mobile,72,
user_00795,prod_00331,like,2026-01-18 11:41:18,sess_da4a06ca,tablet,22,
user_00909,prod_00110,view,2026-03-23 11:41:18,sess_1b8fc42b,mobile,166,
user_00516,prod_00205,cart,2026-01-06 11:41:18,sess_24d775fb,mobile,144,
user_00009,prod_00310,view,2026-01-02 11:41:18,sess_9d2b311b,tablet,240,
user_00696,prod_00179,view,2026-01-21 11:41:18,sess_febfda41,tablet,79,
user_00246,prod_00404,view,2026-03-18 11:41:18,sess_39ae9416,mobile,43,
user_00910,prod_00125,view,2026-03-21 11:41:18,sess_9dfc6deb,mobile,165,
user_00103,prod_00125,view,2026-03-23 11:41:18,sess_99263eb6,mobile,284,
user_00318,prod_00082,view,2026-02-28 11:41:18,sess_ec7aeb58,tablet,285,
user_00174,prod_00186,view,2026-01-19 11:41:18,sess_2115f201,tablet,105,
user_00702,prod_00375,like,2026-01-08 11:41:18,sess_cfa4bb07,desktop,118,
user_00426,prod_00431,view,2026-01-17 11:41:18,sess_fcd0de15,tablet,49,
user_00665,prod_00481,like,2026-01-30 11:41:18,sess_bbf20981,tablet,266,
user_00607,prod_00362,view,2026-02-04 11:41:18,sess_491adeea,desktop,99,
user_00048,prod_00022,view,2026-03-20 11:41:18,sess_ec8d4c02,desktop,56,
user_00800,prod_00026,like,2026-02-24 11:41:18,sess_37b5f084,tablet,191,
user_00893,prod_00407,like,2026-02-17 11:41:18,sess_183e5f7f,mobile,97,
user_00222,prod_00235,view,2026-03-20 11:41:18,sess_aa39c01b,mobile,46,
user_00638,prod_00136,view,2026-02-12 11:41:18,sess_0d753f54,desktop,246,
user_00146,prod_00316,view,2026-02-09 11:41:18,sess_c01db229,mobile,100,
user_00465,prod_00220,view,2026-02-02 11:41:18,sess_272465d5,desktop,64,
user_00705,prod_00387,like,2026-02-13 11:41:18,sess_4289d7a8,desktop,59,
user_00138,prod_00380,like,2026-01-20 11:41:18,sess_3639085b,mobile,17,
user_00382,prod_00187,view,2026-03-18 11:41:18,sess_3a7a00e0,mobile,283,
user_00867,prod_00437,purchase,2026-03-13 11:41:18,sess_73ac0af6,mobile,152,3.7
user_00985,prod_00036,view,2026-02-08 11:41:18,sess_5373781b,desktop,95,
user_00507,prod_00218,cart,2026-01-02 11:41:18,sess_f41af4ce,mobile,41,
user_00825,prod_00235,like,2026-01-04 11:41:18,sess_4f74bec1,mobile,196,
user_00191,prod_00152,view,2026-02-08 11:41:18,sess_7f3a98d7,tablet,220,
user_00213,prod_00455,view,2026-03-27 11:41:18,sess_bab65397,desktop,203,
user_00321,prod_00194,view,2026-01-28 11:41:18,sess_2b6630a4,mobile,115,
user_00387,prod_00283,view,2026-02-23 11:41:18,sess_826c0f84,tablet,117,
user_00499,prod_00350,view,2026-03-01 11:41:18,sess_10e4f8f2,tablet,45,
user_00784,prod_00177,cart,2025-12-30 11:41:18,sess_e393f7d9,tablet,63,
user_00678,prod_00330,view,2026-03-23 11:41:18,sess_4c5f7736,desktop,173,
user_00613,prod_00115,view,2026-02-25 11:41:18,sess_4c04a060,mobile,198,
user_00761,prod_00480,view,2026-03-20 11:41:18,sess_17add9dc,tablet,236,
user_00175,prod_00066,view,2026-03-15 11:41:18,sess_1348cb7e,tablet,103,
user_00021,prod_00045,view,2026-01-15 11:41:18,sess_7c42fcb7,desktop,32,
user_00869,prod_00424,view,2026-02-01 11:41:18,sess_3ed4c871,tablet,271,
user_00672,prod_00130,like,2026-01-13 11:41:18,sess_abc48648,mobile,166,
user_00166,prod_00477,view,2026-03-15 11:41:18,sess_efdb2e2f,mobile,147,
user_00560,prod_00438,like,2026-03-18 11:41:18,sess_ff5225d6,tablet,278,
user_00679,prod_00053,view,2026-01-26 11:41:18,sess_7d5c6294,mobile,165,
user_00417,prod_00442,view,2026-02-06 11:41:18,sess_5af358c3,mobile,53,
user_00173,prod_00306,like,2026-03-08 11:41:18,sess_2b1f0971,tablet,217,
user_00106,prod_00215,view,2026-03-03 11:41:18,sess_378fae92,desktop,292,
user_00520,prod_00037,view,2026-03-03 11:41:18,sess_ac1ea3e0,tablet,32,
user_00402,prod_00272,view,2026-03-16 11:41:18,sess_8dab35a0,mobile,11,
user_00512,prod_00040,like,2025-12-31 11:41:18,sess_4fc9a5dc,mobile,63,
user_00399,prod_00114,view,2026-03-15 11:41:18,sess_1dfa256a,mobile,44,
user_00482,prod_00315,view,2026-03-26 11:41:18,sess_3f4e1001,mobile,163,
user_00706,prod_00309,view,2026-01-03 11:41:18,sess_0aceecfc,mobile,187,
user_00768,prod_00152,view,2026-02-16 11:41:18,sess_f498e6a0,tablet,120,
user_00350,prod_00356,like,2026-01-13 11:41:18,sess_3742835d,tablet,285,
user_00777,prod_00426,view,2026-02-23 11:41:18,sess_05a7ecc1,tablet,116,
user_00619,prod_00324,view,2026-02-17 11:41:18,sess_eeb0e6e2,desktop,59,
user_00449,prod_00415,view,2026-01-13 11:41:18,sess_b22e2a8b,tablet,99,
user_00331,prod_00286,view,2026-02-26 11:41:18,sess_d21de7a2,desktop,220,
user_00920,prod_00092,like,2026-02-07 11:41:18,sess_bd576da5,mobile,67,
user_00713,prod_00278,view,2026-01-13 11:41:18,sess_d6d56f43,desktop,188,
user_00265,prod_00051,like,2026-03-18 11:41:18,sess_4a16f6e0,desktop,204,
user_00223,prod_00398,view,2026-03-29 11:41:18,sess_57bef2e7,desktop,209,
user_00534,prod_00339,like,2026-02-04 11:41:18,sess_c294510d,tablet,161,
user_00372,prod_00452,view,2026-02-23 11:41:18,sess_2c77ebac,tablet,21,
user_00576,prod_00384,like,2026-03-06 11:41:18,sess_a14f0f68,desktop,52,
user_00429,prod_00206,view,2026-03-04 11:41:18,sess_57a405d0,mobile,245,
user_00197,prod_00479,view,2026-01-28 11:41:18,sess_e5ecca1e,tablet,74,
user_00124,prod_00246,like,2026-03-07 11:41:18,sess_5daed1ff,desktop,72,
user_00667,prod_00088,purchase,2026-01-11 11:41:18,sess_590ef11a,tablet,122,4.2
user_00063,prod_00211,view,2026-02-28 11:41:18,sess_6ab50dbb,desktop,165,
user_00316,prod_00462,view,2026-01-20 11:41:18,sess_c2f762f8,mobile,163,
user_00298,prod_00138,view,2026-01-19 11:41:18,sess_e124352f,desktop,84,
user_00686,prod_00343,view,2026-02-23 11:41:18,sess_9ce5f9ba,mobile,193,
user_00008,prod_00358,view,2026-02-14 11:41:18,sess_42fd72e9,tablet,51,
user_00121,prod_00343,view,2026-02-15 11:41:18,sess_7c51605b,desktop,145,
user_00009,prod_00314,view,2026-01-26 11:41:18,sess_6bc5cda0,desktop,103,
user_00636,prod_00277,like,2026-01-08 11:41:18,sess_92a21494,mobile,158,
user_00859,prod_00167,view,2026-01-10 11:41:18,sess_dbc136af,mobile,265,
user_00932,prod_00423,view,2026-03-21 11:41:18,sess_e42f60c9,tablet,41,
user_00028,prod_00330,view,2026-02-18 11:41:18,sess_fd59dc8e,tablet,141,
user_00186,prod_00384,view,2026-03-08 11:41:18,sess_38789715,mobile,250,
user_00392,prod_00365,view,2026-01-05 11:41:18,sess_f70133cc,desktop,93,
user_00794,prod_00086,view,2026-01-21 11:41:18,sess_9a1ecbf1,desktop,52,
user_00583,prod_00129,like,2026-03-06 11:41:18,sess_88472956,tablet,13,
user_00856,prod_00319,like,2026-01-09 11:41:18,sess_8a06eb80,mobile,155,
user_00003,prod_00194,view,2026-01-24 11:41:18,sess_8380a87e,tablet,101,
user_00277,prod_00210,view,2026-02-20 11:41:18,sess_36fec079,tablet,269,
user_00552,prod_00310,like,2026-03-17 11:41:18,sess_4fd29c64,tablet,274,
user_00391,prod_00224,like,2026-02-12 11:41:18,sess_0bc2ebdc,desktop,94,
user_00292,prod_00128,view,2026-01-10 11:41:18,sess_ee77598f,mobile,288,
user_00338,prod_00176,view,2026-03-04 11:41:18,sess_16ef3889,desktop,16,
user_00592,prod_00442,view,2026-01-18 11:41:18,sess_33bd9e53,tablet,272,
user_00827,prod_00319,view,2026-01-28 11:41:18,sess_8da77076,tablet,9,
user_00255,prod_00292,like,2026-02-22 11:41:18,sess_3a279a4c,desktop,112,
user_00331,prod_00308,like,2026-02-25 11:41:18,sess_bbf08840,desktop,68,
user_00822,prod_00282,view,2026-01-14 11:41:18,sess_c1420019,tablet,179,
user_00281,prod_00070,view,2026-02-23 11:41:18,sess_c1fb32c2,desktop,210,
user_00683,prod_00194,view,2026-01-14 11:41:18,sess_a8292d89,tablet,137,
user_00468,prod_00009,like,2026-01-07 11:41:18,sess_3ac88389,mobile,226,
user_00599,prod_00027,like,2026-03-20 11:41:18,sess_f1ce5830,mobile,115,
user_00818,prod_00269,like,2026-02-01 11:41:18,sess_bea9befd,mobile,177,
user_00402,prod_00246,view,2026-02-17 11:41:18,sess_998a7ec1,mobile,178,
user_00079,prod_00278,like,2026-01-05 11:41:18,sess_6353903d,desktop,138,
user_00577,prod_00455,view,2026-01-01 11:41:18,sess_bf2266d5,mobile,193,
user_00626,prod_00455,view,2026-02-17 11:41:18,sess_5bd70963,mobile,147,
user_00332,prod_00389,view,2026-02-06 11:41:18,sess_204e1802,desktop,300,
user_00810,prod_00486,view,2026-02-19 11:41:18,sess_ec0138f3,mobile,74,
user_00845,prod_00365,like,2026-01-29 11:41:18,sess_f221239b,tablet,279,
user_00602,prod_00086,cart,2026-03-26 11:41:18,sess_0f1b4ae9,mobile,174,
user_00058,prod_00442,view,2025-12-30 11:41:18,sess_dba0e238,desktop,224,
user_00763,prod_00089,like,2026-03-21 11:41:18,sess_6ae5a319,tablet,215,
user_00779,prod_00388,view,2026-02-22 11:41:18,sess_273f097f,tablet,130,
user_00777,prod_00384,like,2026-03-05 11:41:18,sess_3e0dce1d,desktop,267,
user_00360,prod_00114,cart,2026-03-20 11:41:18,sess_2fb3b6c1,mobile,229,
user_00563,prod_00296,view,2026-03-20 11:41:18,sess_34d190e3,tablet,111,
user_00002,prod_00389,view,2026-01-25 11:41:18,sess_1c1a905e,desktop,80,
user_00929,prod_00445,view,2026-01-22 11:41:18,sess_5e70518d,desktop,248,
user_00050,prod_00457,view,2026-02-05 11:41:18,sess_eaa5fcc1,mobile,31,
user_00969,prod_00100,view,2026-02-20 11:41:18,sess_de5aa4d4,tablet,149,
user_00217,prod_00322,view,2026-01-13 11:41:18,sess_8fdd8f4d,desktop,130,
user_00239,prod_00054,view,2026-03-11 11:41:18,sess_0e6ae724,mobile,118,
user_00380,prod_00226,view,2026-03-24 11:41:18,sess_ae5f2b2e,desktop,117,
user_00859,prod_00064,view,2026-02-13 11:41:18,sess_50f22ea4,desktop,241,
user_00908,prod_00220,view,2026-03-13 11:41:18,sess_cce515b2,desktop,130,
user_00966,prod_00201,view,2025-12-31 11:41:18,sess_6c809067,mobile,265,
user_00629,prod_00462,like,2026-02-11 11:41:18,sess_bdef6e63,tablet,144,
user_00701,prod_00147,like,2026-03-13 11:41:18,sess_5d222c08,tablet,186,
user_00869,prod_00098,like,2026-03-27 11:41:18,sess_d324615a,mobile,248,
user_00399,prod_00239,view,2026-02-22 11:41:18,sess_983e1c59,mobile,140,
user_00894,prod_00077,like,2026-03-20 11:41:18,sess_bc1ea6ad,desktop,232,
user_00360,prod_00103,view,2026-02-18 11:41:18,sess_cfc1d655,desktop,111,
user_00668,prod_00398,view,2026-01-14 11:41:18,sess_bdb8a90e,mobile,21,
user_00659,prod_00368,view,2026-02-23 11:41:18,sess_53fb542b,tablet,22,
user_00816,prod_00210,view,2026-01-25 11:41:18,sess_dcf0d008,mobile,128,
user_00763,prod_00149,view,2026-01-22 11:41:18,sess_fab55022,desktop,221,
user_00375,prod_00126,like,2026-03-14 11:41:18,sess_ad0ac6bd,desktop,225,
user_00033,prod_00324,cart,2026-01-30 11:41:18,sess_79b3b3ab,mobile,297,
user_00755,prod_00041,view,2026-02-27 11:41:18,sess_c6e4608a,desktop,190,
user_00845,prod_00216,view,2026-01-01 11:41:18,sess_dca064cb,tablet,261,
user_00582,prod_00303,purchase,2026-03-17 11:41:18,sess_6cfea751,tablet,167,3.0
user_00767,prod_00493,like,2026-02-19 11:41:18,sess_07023e13,tablet,161,
user_00482,prod_00230,like,2026-02-06 11:41:18,sess_29309de5,tablet,254,
user_00685,prod_00001,like,2026-01-04 11:41:18,sess_4b2c827f,tablet,201,
user_00561,prod_00454,cart,2026-02-11 11:41:18,sess_432f1e5f,tablet,73,
user_00378,prod_00207,purchase,2026-01-07 11:41:18,sess_a742c0f4,tablet,39,2.1
user_00169,prod_00360,view,2026-03-30 11:41:18,sess_324f513b,tablet,97,
user_00589,prod_00361,view,2026-02-22 11:41:18,sess_8f73cd2a,mobile,166,
user_00285,prod_00430,view,2026-01-10 11:41:18,sess_127c4b62,tablet,221,
user_00179,prod_00469,view,2026-03-23 11:41:18,sess_176b4dd3,desktop,39,
user_00222,prod_00449,view,2026-02-10 11:41:18,sess_175a2cce,mobile,162,
user_00497,prod_00158,like,2026-03-19 11:41:18,sess_640b9a63,desktop,237,
user_00751,prod_00380,view,2026-01-31 11:41:18,sess_4a66e062,desktop,159,
user_00848,prod_00066,view,2026-01-12 11:41:18,sess_f7fc3bf3,desktop,149,
user_00106,prod_00009,like,2026-01-07 11:41:18,sess_ef016780,mobile,187,
user_00085,prod_00276,view,2026-01-26 11:41:18,sess_849776af,desktop,159,
user_00098,prod_00105,purchase,2026-01-03 11:41:18,sess_60c5b832,mobile,9,1.6
user_00527,prod_00192,view,2026-02-05 11:41:18,sess_58255b85,desktop,278,
user_00835,prod_00041,view,2026-01-10 11:41:18,sess_fc4fa88e,tablet,280,
user_00374,prod_00327,view,2026-01-27 11:41:18,sess_769cc670,tablet,172,
user_00352,prod_00449,like,2026-01-03 11:41:18,sess_1f5f3088,mobile,92,
user_00995,prod_00284,view,2026-01-23 11:41:18,sess_9abf9acb,mobile,197,
user_00472,prod_00177,view,2026-03-04 11:41:18,sess_987eaa03,mobile,117,
user_00319,prod_00273,view,2026-03-25 11:41:18,sess_4042cb6e,tablet,33,
user_00201,prod_00492,like,2026-03-14 11:41:18,sess_2a3419ca,tablet,93,
user_00320,prod_00469,view,2026-01-12 11:41:18,sess_6111d8ab,desktop,299,
user_00475,prod_00382,like,2026-03-17 11:41:18,sess_c977cf47,mobile,37,
user_00528,prod_00161,view,2026-03-06 11:41:18,sess_94810549,desktop,51,
user_00090,prod_00152,view,2026-02-27 11:41:18,sess_5c5227f8,mobile,175,
user_00904,prod_00329,view,2026-03-24 11:41:18,sess_d43cc8a6,mobile,169,
user_00229,prod_00020,view,2026-02-19 11:41:18,sess_9fb2c30b,desktop,10,
user_00461,prod_00226,view,2026-03-18 11:41:18,sess_97bb997a,mobile,213,
user_00370,prod_00315,view,2026-02-18 11:41:18,sess_ef23b790,desktop,238,
user_00417,prod_00380,view,2026-02-19 11:41:18,sess_8661a9a9,desktop,160,
user_00123,prod_00401,view,2026-03-18 11:41:18,sess_d1856bbc,mobile,213,
user_00962,prod_00315,view,2026-03-23 11:41:18,sess_c3c02f23,desktop,162,
user_00701,prod_00043,view,2026-03-17 11:41:18,sess_8e6efd57,tablet,200,
user_00657,prod_00195,view,2025-12-31 11:41:18,sess_d3dfe9bf,tablet,274,
user_00652,prod_00068,view,2026-03-13 11:41:18,sess_eb8f9d9a,tablet,68,
user_00415,prod_00275,view,2026-01-25 11:41:18,sess_f6c7ea59,mobile,82,
user_00704,prod_00043,view,2026-01-08 11:41:18,sess_a9568e67,desktop,92,
user_00666,prod_00401,like,2026-03-12 11:41:18,sess_4cad1e80,mobile,275,
user_00199,prod_00324,view,2025-12-30 11:41:18,sess_5f2a9eb9,mobile,6,
user_00012,prod_00177,view,2026-01-08 11:41:18,sess_51596477,tablet,185,
user_00505,prod_00067,view,2026-01-31 11:41:18,sess_6306340c,mobile,108,
user_00162,prod_00075,view,2026-01-07 11:41:18,sess_97c28529,tablet,242,
user_00935,prod_00433,view,2026-01-11 11:41:18,sess_ff2e3ce9,desktop,70,
user_00261,prod_00413,view,2026-03-15 11:41:18,sess_4501d131,mobile,184,
user_00091,prod_00152,view,2026-03-25 11:41:18,sess_d25cbaf7,desktop,267,
user_00906,prod_00474,cart,2026-01-09 11:41:18,sess_f0f88b39,tablet,209,
user_00017,prod_00413,view,2026-01-19 11:41:18,sess_6e80d7cb,mobile,93,
user_00811,prod_00479,view,2026-02-05 11:41:18,sess_a2a0bc3c,desktop,158,
user_00908,prod_00245,view,2026-02-07 11:41:18,sess_0a8e752a,tablet,179,
user_00043,prod_00368,view,2026-03-20 11:41:18,sess_d62c9425,tablet,262,
user_00996,prod_00374,view,2026-01-01 11:41:18,sess_416288b9,desktop,109,
user_00037,prod_00049,view,2026-02-13 11:41:18,sess_84044d4b,desktop,73,
user_00226,prod_00264,view,2026-01-24 11:41:18,sess_90e0e17a,desktop,200,
user_00356,prod_00218,view,2026-02-09 11:41:18,sess_90e0c7de,tablet,31,
user_00427,prod_00332,cart,2026-01-14 11:41:18,sess_e32574a7,mobile,50,
user_00101,prod_00410,view,2026-03-29 11:41:18,sess_b300989c,desktop,251,
user_00851,prod_00302,view,2026-02-01 11:41:18,sess_c56887aa,mobile,300,
user_00631,prod_00008,view,2026-03-04 11:41:18,sess_1a63184f,desktop,67,
user_00779,prod_00370,like,2026-02-17 11:41:18,sess_1025817c,tablet,130,
user_00574,prod_00087,view,2026-01-14 11:41:18,sess_f5998dc6,tablet,67,
user_00266,prod_00236,like,2026-01-18 11:41:18,sess_da5cfe7f,mobile,188,
user_00904,prod_00048,view,2026-01-08 11:41:18,sess_c00a55ef,mobile,293,
user_00340,prod_00374,view,2026-02-08 11:41:18,sess_7403ca84,desktop,9,
user_00828,prod_00285,like,2026-01-09 11:41:18,sess_2f8b6f1d,tablet,216,
user_00855,prod_00410,view,2026-01-05 11:41:18,sess_7aa6418c,mobile,90,
user_00377,prod_00397,like,2026-01-21 11:41:18,sess_1a6649a1,mobile,61,
user_00540,prod_00112,view,2026-03-04 11:41:18,sess_f4d21a9e,mobile,228,
user_00920,prod_00262,view,2026-02-20 11:41:18,sess_65e74c4b,tablet,221,
user_00497,prod_00465,view,2026-01-25 11:41:18,sess_522e199e,mobile,209,
user_00286,prod_00166,view,2026-02-24 11:41:18,sess_b03f1054,tablet,148,
user_00589,prod_00167,view,2026-03-20 11:41:18,sess_d7959c4d,mobile,187,
user_00652,prod_00103,like,2025-12-30 11:41:18,sess_aea11a09,desktop,86,
user_00946,prod_00258,view,2025-12-30 11:41:18,sess_5aa232f4,desktop,146,
user_00090,prod_00496,like,2026-01-02 11:41:18,sess_255dec72,mobile,224,
user_00455,prod_00166,like,2026-01-10 11:41:18,sess_cff960f3,desktop,222,
user_00264,prod_00172,view,2026-02-06 11:41:18,sess_3be1a6bc,desktop,167,
user_00074,prod_00393,like,2026-01-11 11:41:18,sess_00543798,desktop,230,
user_00543,prod_00307,view,2026-03-29 11:41:18,sess_88725b72,mobile,294,
user_00979,prod_00106,purchase,2026-03-16 11:41:18,sess_d5a7e732,desktop,103,4.3
user_00088,prod_00389,view,2026-01-06 11:41:18,sess_b07614a0,tablet,84,
user_00177,prod_00473,view,2026-01-22 11:41:18,sess_956e8b32,desktop,282,
user_00811,prod_00382,view,2026-01-05 11:41:18,sess_da132da0,tablet,90,
user_00492,prod_00196,view,2026-01-17 11:41:18,sess_154a3391,tablet,271,
user_00785,prod_00131,view,2026-03-24 11:41:18,sess_019844b2,mobile,264,
user_00995,prod_00018,view,2026-03-04 11:41:18,sess_07a3d87a,mobile,158,
user_00567,prod_00003,like,2026-02-28 11:41:18,sess_5a842029,desktop,274,
user_00409,prod_00205,view,2026-02-14 11:41:18,sess_c00f3471,desktop,138,
user_00280,prod_00214,view,2026-01-15 11:41:18,sess_86fd7d76,mobile,206,
user_00042,prod_00315,view,2026-02-24 11:41:18,sess_564be02e,tablet,211,
user_00649,prod_00359,view,2026-03-24 11:41:18,sess_2fbf6df8,tablet,175,
user_00768,prod_00106,like,2026-01-16 11:41:18,sess_f1c702a6,mobile,59,
user_00614,prod_00354,like,2026-02-02 11:41:18,sess_b132dd00,tablet,83,
user_00823,prod_00257,purchase,2026-02-13 11:41:18,sess_5b7656fd,desktop,116,3.2
user_00882,prod_00011,view,2026-02-18 11:41:18,sess_ca19fc31,tablet,76,
user_00092,prod_00469,view,2026-02-05 11:41:18,sess_8de9ef8d,desktop,116,
user_00966,prod_00311,view,2026-01-07 11:41:18,sess_81bb5612,tablet,141,
user_00296,prod_00384,view,2026-01-18 11:41:18,sess_0b2e73d7,tablet,16,
user_00852,prod_00247,view,2026-01-17 11:41:18,sess_c2660722,tablet,296,
user_00961,prod_00052,view,2026-02-11 11:41:18,sess_001b0098,desktop,40,
user_00157,prod_00294,view,2026-02-19 11:41:18,sess_6c766c9e,tablet,89,
user_00348,prod_00106,view,2026-02-23 11:41:18,sess_f422c74a,tablet,282,
user_00183,prod_00267,view,2026-01-07 11:41:18,sess_c6f3a2d4,desktop,297,
user_00488,prod_00140,view,2026-02-14 11:41:18,sess_90a332dd,desktop,168,
user_00597,prod_00460,view,2026-02-12 11:41:18,sess_cbfd4c78,desktop,160,
user_00743,prod_00314,view,2025-12-30 11:41:18,sess_458ba4f2,mobile,161,
user_00228,prod_00393,view,2026-01-05 11:41:18,sess_b9a1b6b6,desktop,57,
user_00345,prod_00441,like,2026-03-30 11:41:18,sess_6f86ab50,tablet,141,
user_00787,prod_00314,view,2026-01-01 11:41:18,sess_c74fb749,mobile,157,
user_00886,prod_00058,view,2026-01-14 11:41:18,sess_ae0b8df9,desktop,243,
user_00128,prod_00027,view,2026-02-16 11:41:18,sess_8b60906b,tablet,134,
user_00474,prod_00233,like,2026-01-05 11:41:18,sess_d5ccc66b,mobile,139,
user_00711,prod_00275,view,2026-02-13 11:41:18,sess_f7117f1a,desktop,244,
user_00986,prod_00257,view,2026-03-17 11:41:18,sess_9eb72e33,mobile,180,
user_00277,prod_00332,view,2026-02-08 11:41:18,sess_27e44c80,tablet,173,
user_00897,prod_00333,view,2026-01-10 11:41:18,sess_485176a7,tablet,165,
user_00156,prod_00122,view,2026-02-11 11:41:18,sess_daf5b724,desktop,287,
user_00019,prod_00428,view,2026-01-13 11:41:18,sess_1561336e,desktop,254,
user_00371,prod_00476,view,2026-02-07 11:41:18,sess_42cc07c0,mobile,84,
user_00807,prod_00460,view,2026-03-15 11:41:18,sess_e37048a2,mobile,215,
user_00172,prod_00123,like,2026-02-20 11:41:18,sess_247814ac,desktop,5,
user_00308,prod_00010,view,2026-02-07 11:41:18,sess_5963ba03,tablet,232,
user_00649,prod_00367,view,2026-01-26 11:41:18,sess_e31f6145,tablet,255,
user_00738,prod_00415,cart,2026-02-14 11:41:18,sess_b25145ff,tablet,168,
user_00586,prod_00175,view,2026-03-03 11:41:18,sess_a0d27d4e,desktop,150,
user_00382,prod_00366,view,2026-01-30 11:41:18,sess_81b33be8,mobile,102,
user_00624,prod_00423,view,2026-03-21 11:41:18,sess_b6a85752,desktop,183,
user_00631,prod_00348,view,2026-03-25 11:41:18,sess_ffe6bd95,mobile,229,
user_00768,prod_00019,view,2026-01-07 11:41:18,sess_24d16f6a,desktop,299,
user_00035,prod_00251,like,2026-02-18 11:41:18,sess_be5b8a51,tablet,55,
user_00408,prod_00463,view,2026-02-12 11:41:18,sess_a295d0a4,tablet,126,
user_00681,prod_00282,view,2026-01-03 11:41:18,sess_5f39dfc6,mobile,185,
user_00203,prod_00405,view,2026-02-28 11:41:18,sess_697401ad,desktop,187,
user_00721,prod_00270,view,2026-03-23 11:41:18,sess_ff9cbf52,desktop,70,
user_00137,prod_00274,view,2026-03-20 11:41:18,sess_ee00845e,mobile,123,
user_00821,prod_00177,purchase,2026-03-06 11:41:18,sess_2ad0b734,mobile,244,4.6
user_00318,prod_00085,view,2026-01-11 11:41:18,sess_536dfb85,mobile,226,
user_00415,prod_00436,view,2026-01-17 11:41:18,sess_9abe261b,desktop,231,
user_00788,prod_00420,like,2026-03-05 11:41:18,sess_fef6df0e,tablet,10,
user_00681,prod_00027,view,2026-03-01 11:41:18,sess_f09cb03e,desktop,228,
user_00864,prod_00187,view,2026-03-27 11:41:18,sess_edb77ae6,tablet,94,
user_00998,prod_00436,view,2026-01-04 11:41:18,sess_60d176ef,desktop,126,
user_00919,prod_00374,like,2026-03-22 11:41:18,sess_bfdf094b,mobile,264,
user_00885,prod_00391,view,2026-01-15 11:41:18,sess_65e19a97,mobile,50,
user_00830,prod_00065,like,2026-02-25 11:41:18,sess_8caf0529,tablet,90,
user_00331,prod_00444,cart,2026-03-17 11:41:18,sess_527bb23c,tablet,255,
user_00809,prod_00329,like,2026-02-08 11:41:18,sess_a2ba9916,desktop,236,
user_00987,prod_00136,view,2026-02-11 11:41:18,sess_1ae7f7d2,tablet,114,
user_00186,prod_00192,view,2026-03-21 11:41:18,sess_afb28d38,mobile,271,
user_00100,prod_00409,view,2026-02-10 11:41:18,sess_53ed9aa7,desktop,101,
user_00524,prod_00495,view,2026-03-12 11:41:18,sess_17ad9518,mobile,110,
user_00566,prod_00423,view,2026-03-03 11:41:18,sess_c61aaaf3,desktop,224,
user_00526,prod_00155,view,2026-02-23 11:41:18,sess_e7f24af6,desktop,46,
user_00267,prod_00196,view,2026-03-21 11:41:18,sess_b6d624e1,desktop,272,
user_00250,prod_00102,view,2026-03-23 11:41:18,sess_5df35ca5,mobile,61,
user_00190,prod_00227,view,2026-02-09 11:41:18,sess_01ff80d8,mobile,105,
user_00002,prod_00261,like,2026-01-28 11:41:18,sess_4268b02f,mobile,298,
user_00011,prod_00216,view,2026-01-20 11:41:18,sess_f794802d,mobile,243,
user_00387,prod_00074,view,2026-02-05 11:41:18,sess_e70d9a0e,tablet,252,
user_00706,prod_00430,view,2026-03-07 11:41:18,sess_f85d110b,mobile,260,
user_00151,prod_00022,view,2026-01-23 11:41:18,sess_3be7aeca,desktop,292,
user_00051,prod_00337,view,2026-02-09 11:41:18,sess_ee2ed5b2,tablet,118,
user_00046,prod_00116,view,2026-02-20 11:41:18,sess_ecf4e4fe,tablet,173,
user_00815,prod_00206,view,2026-01-30 11:41:18,sess_00c75966,desktop,60,
user_00603,prod_00314,view,2026-02-17 11:41:18,sess_b4cfc500,tablet,123,
user_00624,prod_00350,view,2026-02-26 11:41:18,sess_863217c5,tablet,21,
user_00989,prod_00290,view,2026-03-01 11:41:18,sess_be91b78d,desktop,71,
user_00345,prod_00417,like,2026-03-15 11:41:18,sess_e1e94b94,tablet,40,
user_00756,prod_00443,view,2026-03-18 11:41:18,sess_3bcd097d,mobile,208,
user_00558,prod_00073,view,2026-03-29 11:41:18,sess_70b50733,desktop,146,
user_00180,prod_00061,cart,2026-02-27 11:41:18,sess_9bdb6d8e,tablet,208,
user_00747,prod_00071,purchase,2026-03-08 11:41:18,sess_9a1fcbc6,mobile,221,3.3
user_00952,prod_00388,view,2026-01-24 11:41:18,sess_084f07c3,desktop,192,
user_00812,prod_00142,view,2026-01-12 11:41:18,sess_b43873a6,mobile,106,
user_00792,prod_00189,like,2026-01-10 11:41:18,sess_ea8f750c,tablet,47,
user_00005,prod_00210,view,2026-02-17 11:41:18,sess_e39f664b,mobile,250,
user_00319,prod_00174,view,2026-03-03 11:41:18,sess_08183d09,tablet,181,
user_00126,prod_00014,like,2026-03-19 11:41:18,sess_1edbd537,mobile,283,
user_00251,prod_00097,view,2026-02-11 11:41:18,sess_35bf3f04,tablet,251,
user_00580,prod_00297,like,2026-01-12 11:41:18,sess_26624936,desktop,56,
user_00505,prod_00476,view,2026-01-27 11:41:18,sess_cc19e2a6,tablet,18,
user_00197,prod_00017,view,2026-02-01 11:41:18,sess_1eeace1e,mobile,298,
user_00311,prod_00038,view,2025-12-31 11:41:18,sess_c3b2a96e,desktop,7,
user_00338,prod_00048,view,2026-03-01 11:41:18,sess_b36466c3,tablet,289,
user_00605,prod_00165,view,2026-02-09 11:41:18,sess_99f09b64,tablet,137,
user_00119,prod_00388,like,2026-01-04 11:41:18,sess_e713462f,desktop,36,
user_00010,prod_00199,view,2026-02-17 11:41:18,sess_0a669b09,tablet,237,
user_00693,prod_00326,like,2026-02-28 11:41:18,sess_59ddc13f,mobile,121,
user_00232,prod_00091,view,2026-02-05 11:41:18,sess_bd45914e,tablet,236,
user_00342,prod_00468,like,2026-03-16 11:41:18,sess_b3b0a3e1,mobile,159,
user_00556,prod_00144,view,2025-12-31 11:41:18,sess_69832875,desktop,116,
user_00864,prod_00060,like,2026-02-21 11:41:18,sess_91fbb94f,mobile,252,
user_00053,prod_00233,like,2026-01-28 11:41:18,sess_48e99686,desktop,65,
user_00108,prod_00056,view,2026-01-16 11:41:18,sess_b57d99a7,desktop,205,
user_00315,prod_00452,view,2026-01-03 11:41:18,sess_207b7e54,tablet,184,
user_00429,prod_00175,view,2026-01-17 11:41:18,sess_d205f444,desktop,82,
user_00171,prod_00199,view,2026-02-15 11:41:18,sess_f3c320b4,desktop,17,
user_00777,prod_00105,view,2026-02-25 11:41:18,sess_c6370b89,tablet,199,
user_00542,prod_00440,cart,2026-02-03 11:41:18,sess_d191d368,desktop,98,
user_00945,prod_00444,view,2026-01-23 11:41:18,sess_9f5838dd,mobile,214,
user_00801,prod_00281,view,2026-02-02 11:41:18,sess_696c7b80,desktop,238,
user_00450,prod_00306,view,2026-01-06 11:41:18,sess_30cafcf0,mobile,296,
user_00579,prod_00458,view,2026-03-02 11:41:18,sess_9de40223,desktop,244,
user_00604,prod_00095,view,2026-03-20 11:41:18,sess_4079f788,mobile,229,
user_00778,prod_00123,view,2026-01-19 11:41:18,sess_43a2053c,tablet,219,
user_00177,prod_00096,view,2026-01-06 11:41:18,sess_42820b38,mobile,152,
user_00207,prod_00084,view,2026-02-28 11:41:18,sess_7473be32,mobile,78,
user_00221,prod_00316,view,2026-02-10 11:41:18,sess_76f1b339,mobile,210,
user_00834,prod_00363,like,2026-02-25 11:41:18,sess_2857b01e,tablet,121,
user_00697,prod_00470,view,2026-02-14 11:41:18,sess_b5854a9a,tablet,71,
user_00196,prod_00175,view,2026-02-08 11:41:18,sess_c48f96ba,desktop,76,
user_00614,prod_00157,view,2026-02-15 11:41:18,sess_61bf0b28,mobile,251,
user_00733,prod_00428,view,2026-02-10 11:41:18,sess_1580e618,desktop,134,
user_00544,prod_00454,view,2026-01-28 11:41:18,sess_771815c8,desktop,130,
user_00110,prod_00060,view,2026-02-12 11:41:18,sess_1a6f0bdc,desktop,164,
user_00927,prod_00074,view,2026-02-02 11:41:18,sess_862dc645,desktop,159,
user_00994,prod_00068,view,2026-03-27 11:41:18,sess_ab485891,desktop,290,
user_00881,prod_00498,view,2026-01-08 11:41:18,sess_349697a2,desktop,283,
user_00407,prod_00015,view,2026-01-14 11:41:18,sess_dbbf52a1,mobile,91,
user_00126,prod_00128,cart,2026-03-19 11:41:18,sess_c03b1af8,tablet,171,
user_00574,prod_00206,like,2026-01-05 11:41:18,sess_1216715f,mobile,281,
user_00831,prod_00242,view,2026-01-23 11:41:18,sess_8e0fe17a,desktop,108,
user_00847,prod_00409,view,2026-03-10 11:41:18,sess_e7ab98c4,desktop,295,
user_00371,prod_00409,view,2026-03-16 11:41:18,sess_3e5123ed,desktop,300,
user_00402,prod_00159,view,2026-03-29 11:41:18,sess_54e727b2,mobile,104,
user_00779,prod_00094,view,2026-03-28 11:41:18,sess_d99a4c2d,desktop,45,
user_00719,prod_00022,view,2026-02-19 11:41:18,sess_b3a86a10,desktop,45,
user_00154,prod_00481,view,2026-03-10 11:41:18,sess_b58b79f8,tablet,6,
user_00085,prod_00371,view,2026-02-12 11:41:18,sess_8a45443b,desktop,39,
user_00408,prod_00142,view,2026-01-05 11:41:18,sess_300d7c40,tablet,39,
user_00057,prod_00445,view,2026-03-14 11:41:18,sess_5674f6ab,desktop,168,
user_00666,prod_00379,like,2026-01-02 11:41:18,sess_5864be06,tablet,234,
user_00259,prod_00142,like,2026-03-23 11:41:18,sess_2397b21d,desktop,278,
user_00931,prod_00393,view,2026-01-20 11:41:18,sess_cbb2497c,mobile,108,
user_00014,prod_00294,view,2026-01-26 11:41:18,sess_1c3ba4e9,mobile,126,
user_00706,prod_00285,view,2025-12-30 11:41:18,sess_9e9340d3,tablet,10,
user_00437,prod_00026,like,2026-03-11 11:41:18,sess_d22f103d,mobile,73,
user_00411,prod_00249,view,2026-01-05 11:41:18,sess_ea708c82,tablet,180,
user_00513,prod_00361,view,2026-01-31 11:41:18,sess_d6c65684,mobile,53,
user_00374,prod_00023,view,2026-01-26 11:41:18,sess_6223f782,tablet,252,
user_00686,prod_00068,view,2026-02-14 11:41:18,sess_d7d50b73,mobile,297,
user_00134,prod_00024,like,2026-02-13 11:41:18,sess_bb678544,mobile,126,
user_00233,prod_00361,purchase,2026-02-24 11:41:18,sess_3a080f6e,tablet,106,4.0
user_00600,prod_00175,view,2026-03-17 11:41:18,sess_77edda42,desktop,279,
user_00988,prod_00481,purchase,2026-03-03 11:41:18,sess_16f9b60f,tablet,232,1.3
user_00616,prod_00085,like,2026-01-31 11:41:18,sess_50a6f1a5,desktop,61,
user_00811,prod_00494,like,2026-02-28 11:41:18,sess_c77ccf9b,tablet,215,
user_00163,prod_00198,view,2026-03-20 11:41:18,sess_8bd51876,tablet,284,
user_00244,prod_00355,view,2026-01-06 11:41:18,sess_20ff8b7f,tablet,245,
user_00746,prod_00231,like,2026-01-30 11:41:18,sess_f92ab7c7,desktop,92,
user_00904,prod_00385,view,2026-01-08 11:41:18,sess_347cb7a8,desktop,106,
user_00645,prod_00453,like,2026-01-26 11:41:18,sess_b0377977,mobile,197,
user_00371,prod_00244,view,2026-02-07 11:41:18,sess_1cd5007f,tablet,162,
user_00229,prod_00458,like,2026-03-02 11:41:18,sess_51eebf12,desktop,278,
user_00663,prod_00010,view,2026-01-29 11:41:18,sess_e7829670,tablet,219,
user_00985,prod_00026,purchase,2026-03-22 11:41:18,sess_803182f2,desktop,186,2.9
user_00490,prod_00213,view,2026-03-09 11:41:18,sess_453b56b3,desktop,200,
user_00712,prod_00399,view,2026-02-25 11:41:18,sess_8cef1624,tablet,83,
user_00945,prod_00017,view,2026-01-13 11:41:18,sess_7a991682,mobile,32,
user_00610,prod_00390,like,2026-03-23 11:41:18,sess_d544a1df,mobile,175,
user_00152,prod_00239,view,2025-12-30 11:41:18,sess_19786eb8,mobile,240,
user_00189,prod_00420,view,2026-03-22 11:41:18,sess_11af438f,desktop,256,
user_00984,prod_00444,view,2026-03-29 11:41:18,sess_0acf440f,mobile,38,
user_00535,prod_00137,like,2026-02-16 11:41:18,sess_8b679b04,tablet,275,
user_00755,prod_00140,like,2026-01-08 11:41:18,sess_28072c34,mobile,170,
user_00632,prod_00214,like,2026-03-20 11:41:18,sess_2f4f0e7b,desktop,132,
user_00884,prod_00305,like,2026-03-10 11:41:18,sess_91ab5628,tablet,159,
user_00477,prod_00374,view,2026-03-29 11:41:18,sess_f7cb7bf6,mobile,108,
user_00147,prod_00310,view,2025-12-30 11:41:18,sess_23a4127e,tablet,33,
user_00443,prod_00154,view,2026-01-07 11:41:18,sess_9e4624a0,desktop,159,
user_00150,prod_00232,view,2025-12-30 11:41:18,sess_bbcc2463,desktop,167,
user_00267,prod_00338,like,2026-03-15 11:41:18,sess_61344282,desktop,257,
user_00614,prod_00074,like,2026-02-24 11:41:18,sess_5cad6e8b,tablet,120,
user_00637,prod_00101,like,2026-03-28 11:41:18,sess_22b66827,desktop,168,
user_00875,prod_00109,like,2026-01-29 11:41:18,sess_408d223b,tablet,118,
user_00343,prod_00234,view,2026-01-24 11:41:18,sess_dc353e32,mobile,118,
user_00253,prod_00011,view,2026-02-15 11:41:18,sess_125bb2e5,mobile,111,
user_00052,prod_00093,view,2026-03-18 11:41:18,sess_ac1a6ed8,mobile,83,
user_00301,prod_00389,cart,2026-01-17 11:41:18,sess_47d2a671,tablet,196,
user_00196,prod_00366,view,2026-02-28 11:41:18,sess_b2caa91f,mobile,182,
user_00046,prod_00166,view,2026-03-14 11:41:18,sess_894985e5,mobile,72,
user_00335,prod_00050,view,2026-03-19 11:41:18,sess_496538ba,desktop,187,
user_00333,prod_00274,view,2026-01-14 11:41:18,sess_738df076,desktop,31,
user_00280,prod_00078,like,2026-02-15 11:41:18,sess_2f0a750e,desktop,161,
user_00073,prod_00041,view,2026-02-11 11:41:18,sess_6a2ad919,mobile,72,
user_00329,prod_00120,purchase,2026-03-19 11:41:18,sess_e51da314,mobile,181,4.6
user_00358,prod_00367,like,2026-03-22 11:41:18,sess_b3a1feb1,tablet,245,
user_00113,prod_00171,like,2026-03-15 11:41:18,sess_815cd22b,desktop,226,
user_00817,prod_00119,like,2026-02-23 11:41:18,sess_7d402f49,desktop,130,
user_00018,prod_00431,view,2026-02-06 11:41:18,sess_619f2082,mobile,43,
user_00688,prod_00343,like,2026-03-14 11:41:18,sess_ce8fdadc,mobile,5,
user_00470,prod_00224,view,2026-02-21 11:41:18,sess_270c65ea,mobile,33,
user_00322,prod_00311,view,2026-02-13 11:41:18,sess_24570b51,tablet,220,
user_00610,prod_00229,like,2026-01-01 11:41:18,sess_2b3a477b,desktop,17,
user_00935,prod_00478,like,2026-03-20 11:41:18,sess_a2b31811,desktop,218,
user_00751,prod_00050,like,2026-01-24 11:41:18,sess_cc0e604c,tablet,261,
user_00571,prod_00051,view,2026-02-08 11:41:18,sess_b4401ae8,tablet,63,
user_00396,prod_00481,view,2026-03-16 11:41:18,sess_e7f1b6d3,desktop,265,
user_00485,prod_00363,view,2026-01-02 11:41:18,sess_698e8f81,desktop,220,
user_00954,prod_00306,like,2026-02-10 11:41:18,sess_8ab61e4e,desktop,209,
user_00777,prod_00286,view,2026-03-08 11:41:18,sess_5acb7416,tablet,22,
user_00013,prod_00246,purchase,2026-01-08 11:41:18,sess_7053f290,tablet,62,3.7
user_00967,prod_00443,view,2026-01-09 11:41:18,sess_0956da60,mobile,239,
user_00216,prod_00181,view,2026-01-30 11:41:18,sess_f39f279d,tablet,119,
user_00745,prod_00371,like,2026-01-12 11:41:18,sess_05320f96,desktop,271,
user_00779,prod_00307,view,2026-02-26 11:41:18,sess_40e71b7d,desktop,150,
user_00623,prod_00281,view,2026-03-20 11:41:18,sess_07adde2d,desktop,203,
user_00493,prod_00135,like,2026-02-05 11:41:18,sess_e25ef7ef,desktop,195,
user_00071,prod_00445,purchase,2026-02-20 11:41:18,sess_62fd615c,desktop,225,1.2
user_00685,prod_00312,like,2026-03-19 11:41:18,sess_ac7406a3,tablet,29,
user_00939,prod_00321,view,2026-03-12 11:41:18,sess_dfceb5c9,mobile,21,
user_00138,prod_00179,view,2026-03-03 11:41:18,sess_1964c1da,mobile,245,
user_00721,prod_00245,cart,2026-03-05 11:41:18,sess_d8068f68,mobile,198,
user_00508,prod_00353,view,2026-03-10 11:41:18,sess_5512b9ee,desktop,60,
user_00381,prod_00145,view,2026-03-29 11:41:18,sess_c24a084e,mobile,78,
user_00269,prod_00341,view,2026-02-11 11:41:18,sess_929808d3,desktop,177,
user_00329,prod_00013,like,2026-01-25 11:41:18,sess_753571e6,tablet,23,
user_00682,prod_00289,view,2026-01-26 11:41:18,sess_cf08d808,desktop,239,
user_00243,prod_00267,view,2026-02-10 11:41:18,sess_21b48156,mobile,205,
user_00220,prod_00007,like,2026-03-02 11:41:18,sess_daca6cf1,tablet,35,
user_00029,prod_00016,view,2026-02-18 11:41:18,sess_896c77cc,mobile,162,
user_00634,prod_00480,like,2026-02-23 11:41:18,sess_397a47d7,mobile,229,
user_00582,prod_00290,view,2026-02-24 11:41:18,sess_0612909a,desktop,203,
user_00157,prod_00263,view,2026-02-13 11:41:18,sess_1b8aee79,mobile,272,
user_00621,prod_00409,view,2026-02-15 11:41:18,sess_fe963b1c,mobile,236,
user_00797,prod_00168,view,2026-03-09 11:41:18,sess_a5f78c9a,mobile,132,
user_00039,prod_00067,like,2026-01-30 11:41:18,sess_bf32753d,desktop,57,
user_00189,prod_00185,view,2026-01-23 11:41:18,sess_90e56965,tablet,27,
user_00846,prod_00135,like,2026-01-25 11:41:18,sess_10b4f5f0,mobile,177,
user_00072,prod_00212,view,2025-12-30 11:41:18,sess_8a7ddc3a,tablet,63,
user_00871,prod_00093,view,2026-01-27 11:41:18,sess_43cb666f,tablet,288,
user_00301,prod_00395,view,2026-01-11 11:41:18,sess_a6b51c19,mobile,290,
user_00391,prod_00410,view,2026-02-17 11:41:18,sess_a62eeff2,mobile,247,
user_00401,prod_00314,like,2026-02-22 11:41:18,sess_9bdd2df1,desktop,160,
user_00160,prod_00008,view,2026-02-25 11:41:18,sess_7236b1a6,tablet,289,
user_00153,prod_00129,view,2026-03-21 11:41:18,sess_05c927a6,mobile,241,
user_00241,prod_00237,view,2026-03-25 11:41:18,sess_c3dbc04c,mobile,42,
user_00858,prod_00428,cart,2026-03-11 11:41:18,sess_a9c27f45,desktop,199,
user_00647,prod_00301,like,2026-02-27 11:41:18,sess_b018a462,tablet,298,
user_00419,prod_00004,view,2026-02-25 11:41:18,sess_0bd6d8b8,desktop,52,
user_00895,prod_00257,like,2026-01-11 11:41:18,sess_70e33737,mobile,166,
user_00868,prod_00486,like,2026-02-20 11:41:18,sess_14d3b219,tablet,253,
user_00420,prod_00287,view,2026-03-25 11:41:18,sess_53a5cfdf,mobile,139,
user_00081,prod_00144,view,2026-03-22 11:41:18,sess_11c0b0f5,tablet,58,
user_00114,prod_00484,view,2026-02-15 11:41:18,sess_5f5ebb5a,mobile,123,
user_00161,prod_00162,view,2026-01-14 11:41:18,sess_9b4bfdcc,tablet,6,
user_00318,prod_00160,view,2026-02-12 11:41:18,sess_39e940c4,desktop,5,
user_00587,prod_00382,like,2026-01-31 11:41:18,sess_eddec670,mobile,156,
user_00677,prod_00419,view,2026-03-22 11:41:18,sess_1af680b9,mobile,106,
user_00108,prod_00135,like,2026-03-14 11:41:18,sess_5fe09b83,mobile,239,
user_00336,prod_00339,view,2026-03-24 11:41:18,sess_135493d3,desktop,142,
user_00028,prod_00114,like,2026-01-10 11:41:18,sess_84183c8d,tablet,273,
user_00461,prod_00002,view,2026-03-17 11:41:18,sess_f6726158,tablet,122,
user_00403,prod_00383,view,2026-01-09 11:41:18,sess_aa3fd757,desktop,158,
user_00073,prod_00003,view,2026-03-09 11:41:18,sess_3e8f0123,desktop,235,
user_00360,prod_00120,like,2026-02-08 11:41:18,sess_2a2605d4,mobile,49,
user_00702,prod_00429,view,2026-01-21 11:41:18,sess_63b44cae,tablet,212,
user_00660,prod_00171,view,2026-03-18 11:41:18,sess_aaa0c2ad,mobile,169,
user_00232,prod_00203,view,2026-02-22 11:41:18,sess_af917a5b,mobile,36,
user_00288,prod_00226,like,2026-01-18 11:41:18,sess_b0ec6bb8,desktop,270,
user_00606,prod_00140,view,2026-01-30 11:41:18,sess_1f3d0c8a,mobile,131,
user_00416,prod_00414,view,2026-03-24 11:41:18,sess_99f6cb56,desktop,244,
user_00005,prod_00386,view,2026-03-02 11:41:18,sess_bf47c863,tablet,251,
user_00321,prod_00294,view,2026-03-05 11:41:18,sess_1a556425,mobile,232,
user_00541,prod_00053,cart,2026-03-17 11:41:18,sess_20419515,tablet,221,
user_00853,prod_00027,view,2026-03-27 11:41:18,sess_68f79323,mobile,52,
user_00275,prod_00147,view,2026-02-13 11:41:18,sess_97475afd,desktop,221,
user_00459,prod_00144,view,2026-01-04 11:41:18,sess_062d2f54,tablet,270,
user_00311,prod_00340,like,2026-03-10 11:41:18,sess_729ac5be,mobile,295,
user_00112,prod_00246,like,2026-03-30 11:41:18,sess_eadd7770,mobile,164,
user_00633,prod_00356,view,2026-02-07 11:41:18,sess_ce0e16f0,desktop,114,
user_00737,prod_00198,like,2026-01-31 11:41:18,sess_4b7cea67,mobile,58,
user_00466,prod_00111,like,2026-01-25 11:41:18,sess_ff9db9c9,desktop,82,
user_00952,prod_00471,like,2026-01-22 11:41:18,sess_94cad48d,desktop,173,
user_00994,prod_00339,like,2026-02-09 11:41:18,sess_b2c4b1b5,tablet,237,
user_00680,prod_00048,like,2026-02-23 11:41:18,sess_bb93e4b3,tablet,107,
user_00811,prod_00064,like,2026-02-03 11:41:18,sess_ef2b4cf3,mobile,192,
user_00373,prod_00287,view,2026-03-01 11:41:18,sess_f31fea47,desktop,241,
user_00623,prod_00065,cart,2026-03-13 11:41:18,sess_c38ff907,desktop,17,
user_00403,prod_00358,like,2026-02-20 11:41:18,sess_fedbb8c8,desktop,111,
user_00840,prod_00304,view,2026-02-21 11:41:18,sess_a4f0c5d3,tablet,172,
user_00370,prod_00249,like,2026-02-26 11:41:18,sess_0e9f8a10,tablet,72,
user_00487,prod_00357,like,2026-01-15 11:41:18,sess_6335a245,mobile,190,
user_00330,prod_00065,view,2026-01-10 11:41:18,sess_b2c724d6,mobile,204,
user_00055,prod_00004,view,2026-03-16 11:41:18,sess_220e9957,tablet,33,
user_00086,prod_00419,view,2026-02-05 11:41:18,sess_bca88f62,mobile,240,
user_00198,prod_00288,like,2026-01-09 11:41:18,sess_f012f154,tablet,46,
user_00143,prod_00486,cart,2026-01-03 11:41:18,sess_f225f54c,tablet,289,
user_00525,prod_00072,view,2026-02-20 11:41:18,sess_ece613de,tablet,197,
user_00853,prod_00294,like,2025-12-30 11:41:18,sess_569c94bf,tablet,212,
user_00490,prod_00066,view,2026-03-03 11:41:18,sess_e9113a54,mobile,36,
user_00271,prod_00341,view,2026-01-26 11:41:18,sess_752b651a,tablet,243,
user_00972,prod_00322,view,2026-02-06 11:41:18,sess_ae2c3f15,desktop,167,
user_00743,prod_00215,view,2026-03-14 11:41:18,sess_7098b533,mobile,276,
user_00561,prod_00070,view,2026-03-03 11:41:18,sess_1e63095b,mobile,274,
user_00745,prod_00204,view,2026-02-09 11:41:18,sess_3ffa4222,mobile,119,
user_00849,prod_00015,view,2026-02-25 11:41:18,sess_d14586cb,mobile,228,
user_00623,prod_00123,view,2026-02-18 11:41:18,sess_e5ce3f00,tablet,38,
user_00424,prod_00434,view,2026-03-29 11:41:18,sess_cb80eced,mobile,80,
user_00231,prod_00401,like,2026-02-15 11:41:18,sess_488c1d11,mobile,278,
user_00153,prod_00454,like,2026-01-12 11:41:18,sess_251db968,mobile,241,
user_00598,prod_00134,like,2026-03-07 11:41:18,sess_7b04650e,tablet,217,
user_00780,prod_00132,view,2026-01-23 11:41:18,sess_f4912583,desktop,132,
user_00821,prod_00472,like,2026-03-16 11:41:18,sess_c6a5390b,mobile,43,
user_00317,prod_00401,view,2026-02-04 11:41:18,sess_49608490,desktop,17,
user_00620,prod_00363,view,2026-01-26 11:41:18,sess_bb2f8ce4,desktop,48,
user_00862,prod_00171,like,2026-01-01 11:41:18,sess_453eee53,mobile,203,
user_00716,prod_00456,like,2026-03-24 11:41:18,sess_db65994b,mobile,187,
user_00591,prod_00051,view,2026-02-24 11:41:18,sess_03d6a692,desktop,125,
user_00480,prod_00087,view,2026-02-08 11:41:18,sess_d3edfcbe,desktop,16,
user_00222,prod_00075,view,2026-02-20 11:41:18,sess_e725a556,mobile,279,
user_00816,prod_00004,view,2026-02-14 11:41:18,sess_2b961f4b,tablet,295,
user_00975,prod_00251,like,2026-01-16 11:41:18,sess_5d58095d,mobile,188,
user_00501,prod_00437,cart,2026-01-07 11:41:18,sess_443a6bd3,mobile,135,
user_00738,prod_00232,view,2026-03-21 11:41:18,sess_399e3675,mobile,250,
user_00692,prod_00111,like,2026-01-22 11:41:18,sess_639ab077,desktop,80,
user_00985,prod_00182,like,2026-03-17 11:41:18,sess_f3110b89,mobile,191,
user_00971,prod_00285,like,2026-03-29 11:41:18,sess_88d76125,tablet,26,
user_00371,prod_00204,view,2026-01-24 11:41:18,sess_41a940c9,tablet,79,
user_00592,prod_00494,view,2026-01-08 11:41:18,sess_bc93425e,tablet,76,
user_00524,prod_00239,like,2026-03-16 11:41:18,sess_91ea202b,mobile,246,
user_00700,prod_00367,view,2026-01-08 11:41:18,sess_02265c9f,desktop,122,
user_00734,prod_00219,like,2026-03-07 11:41:18,sess_4998260b,mobile,246,
user_00137,prod_00004,view,2026-03-28 11:41:18,sess_c8fe387d,tablet,156,
user_00142,prod_00279,view,2026-01-03 11:41:18,sess_eec5519d,mobile,228,
user_00699,prod_00367,view,2025-12-31 11:41:18,sess_654d2dd1,desktop,112,
user_00645,prod_00203,view,2026-01-10 11:41:18,sess_cb11c108,tablet,172,
user_00362,prod_00170,view,2026-03-28 11:41:18,sess_fb5cae49,mobile,191,
user_00907,prod_00042,view,2026-01-10 11:41:18,sess_a3689c14,desktop,280,
user_00788,prod_00132,view,2026-03-08 11:41:18,sess_5cb83c14,mobile,29,
user_00014,prod_00108,view,2026-02-01 11:41:18,sess_b5fa4c54,mobile,71,
user_00247,prod_00165,view,2026-01-06 11:41:18,sess_c36a80c6,tablet,123,
user_00003,prod_00362,view,2026-01-02 11:41:18,sess_34963a8e,mobile,145,
user_00203,prod_00234,like,2026-01-16 11:41:18,sess_72e8a4a7,mobile,291,
user_00031,prod_00443,like,2026-02-04 11:41:18,sess_64dd9e5f,desktop,202,
user_00857,prod_00286,like,2026-03-30 11:41:18,sess_89ffe2e7,desktop,196,
user_00286,prod_00466,view,2026-03-28 11:41:18,sess_092ca1d8,desktop,55,
user_00447,prod_00201,view,2026-03-30 11:41:18,sess_55cea372,mobile,284,
user_00295,prod_00149,view,2026-03-18 11:41:18,sess_a61ba8f5,desktop,53,
user_00502,prod_00209,view,2026-02-06 11:41:18,sess_70ff61b7,tablet,92,
user_00529,prod_00002,view,2026-03-15 11:41:18,sess_6b0a2f47,desktop,8,
user_00326,prod_00419,view,2026-02-06 11:41:18,sess_dafb83d7,tablet,298,
user_00723,prod_00213,like,2026-03-10 11:41:18,sess_5c988260,tablet,174,
user_00382,prod_00082,view,2026-03-13 11:41:18,sess_0b79f023,tablet,287,
user_00958,prod_00025,view,2026-01-19 11:41:18,sess_e0418fe7,mobile,238,
user_00664,prod_00228,view,2026-02-24 11:41:18,sess_d8f8f232,tablet,34,
user_00978,prod_00359,view,2026-02-07 11:41:18,sess_db4ded4f,mobile,179,
user_00765,prod_00446,view,2026-03-25 11:41:18,sess_c134078b,mobile,49,
user_00119,prod_00469,like,2026-01-02 11:41:18,sess_69824aca,desktop,97,
user_00475,prod_00229,view,2026-03-02 11:41:18,sess_43985312,mobile,232,
user_00283,prod_00273,cart,2026-02-13 11:41:18,sess_571963c9,tablet,264,
user_00008,prod_00362,view,2026-01-20 11:41:18,sess_35f1ee31,desktop,39,
user_00819,prod_00456,cart,2026-01-12 11:41:18,sess_8170ad58,mobile,193,
user_00981,prod_00360,like,2026-02-12 11:41:18,sess_cc565159,tablet,97,
user_00047,prod_00167,view,2026-02-02 11:41:18,sess_06cc2285,desktop,232,
user_00508,prod_00307,view,2026-03-06 11:41:18,sess_30886603,desktop,285,
user_00229,prod_00010,like,2026-02-02 11:41:18,sess_a3e948c4,desktop,171,
user_00786,prod_00445,view,2026-02-09 11:41:18,sess_b2a1a7e7,mobile,286,
user_00584,prod_00457,like,2026-03-26 11:41:18,sess_11af383b,mobile,183,
user_00676,prod_00476,view,2026-03-04 11:41:18,sess_54bc5ad8,mobile,199,
user_00727,prod_00268,view,2026-01-24 11:41:18,sess_81d66804,mobile,144,
user_00470,prod_00222,view,2026-01-25 11:41:18,sess_4ef30e12,tablet,300,
user_00910,prod_00265,view,2026-01-26 11:41:18,sess_b349c312,desktop,204,
user_00925,prod_00055,like,2026-01-08 11:41:18,sess_5f680c11,desktop,300,
user_00906,prod_00441,view,2026-01-08 11:41:18,sess_56ef2714,desktop,206,
user_00958,prod_00025,view,2026-01-03 11:41:18,sess_f3f76943,desktop,281,
user_00904,prod_00266,cart,2026-02-12 11:41:18,sess_f9647ef6,tablet,292,
user_00882,prod_00315,view,2026-03-17 11:41:18,sess_f9548149,tablet,137,
user_00795,prod_00121,view,2026-02-27 11:41:18,sess_21e1af76,mobile,296,
user_00009,prod_00331,view,2026-01-26 11:41:18,sess_5536afa5,tablet,150,
user_00631,prod_00299,like,2026-01-07 11:41:18,sess_99b1b24f,tablet,134,
user_00891,prod_00410,view,2026-03-25 11:41:18,sess_ed121a9a,desktop,211,
user_00596,prod_00464,cart,2026-01-08 11:41:18,sess_10ef112f,desktop,150,
user_00670,prod_00119,like,2026-03-17 11:41:18,sess_958bff90,tablet,205,
user_00032,prod_00480,view,2026-01-15 11:41:18,sess_3320c75a,tablet,268,
user_00215,prod_00472,like,2026-03-24 11:41:18,sess_317de71c,desktop,298,
user_00990,prod_00220,view,2026-02-18 11:41:18,sess_c22a0007,desktop,264,
user_00775,prod_00115,view,2026-01-04 11:41:18,sess_72002062,tablet,41,
user_00388,prod_00245,like,2026-03-26 11:41:18,sess_b1018fe7,desktop,112,
user_00059,prod_00227,like,2026-02-09 11:41:18,sess_3c4d831c,mobile,103,
user_00324,prod_00337,view,2026-03-30 11:41:18,sess_df8df525,desktop,265,
user_00548,prod_00112,view,2026-03-11 11:41:18,sess_11abab92,mobile,106,
user_00733,prod_00365,view,2026-02-28 11:41:18,sess_0b710611,mobile,214,
user_00596,prod_00301,view,2026-01-19 11:41:18,sess_1350324c,desktop,27,
user_00746,prod_00096,view,2026-03-13 11:41:18,sess_1de4e7ac,tablet,206,
user_00323,prod_00101,view,2026-02-18 11:41:18,sess_5d17f215,tablet,174,
user_00829,prod_00061,view,2026-03-11 11:41:18,sess_49d73ee1,desktop,32,
user_00193,prod_00072,view,2026-01-28 11:41:18,sess_c2c49c7a,desktop,43,
user_00300,prod_00218,like,2026-02-18 11:41:18,sess_34391156,desktop,181,
user_00712,prod_00232,cart,2026-03-25 11:41:18,sess_d35e22e7,desktop,63,
user_00482,prod_00129,view,2026-02-19 11:41:18,sess_c90247fc,desktop,189,
user_00578,prod_00141,cart,2026-03-10 11:41:18,sess_7f1247e1,mobile,287,
user_00578,prod_00128,cart,2026-01-03 11:41:18,sess_50da7b7d,tablet,12,
user_00863,prod_00215,view,2026-02-07 11:41:18,sess_d5e50959,mobile,83,
user_00173,prod_00446,like,2025-12-30 11:41:18,sess_b61ef048,tablet,18,
user_00374,prod_00198,view,2026-01-18 11:41:18,sess_d3f02822,tablet,185,
user_00255,prod_00344,like,2026-02-15 11:41:18,sess_322d9159,tablet,175,
user_00053,prod_00065,view,2026-02-16 11:41:18,sess_f1444b36,desktop,8,
user_00512,prod_00256,like,2026-03-03 11:41:18,sess_dad47252,mobile,75,
user_00500,prod_00210,view,2026-01-13 11:41:18,sess_7f6a5f57,mobile,139,
user_00695,prod_00422,view,2026-01-23 11:41:18,sess_bf86b34a,mobile,130,
user_00410,prod_00290,like,2026-02-04 11:41:18,sess_82664a26,tablet,13,
user_00189,prod_00485,view,2026-01-17 11:41:18,sess_00a6b6f8,desktop,196,
user_00972,prod_00173,view,2026-01-31 11:41:18,sess_f33f318c,tablet,24,
user_00443,prod_00330,view,2026-03-22 11:41:18,sess_cb0bba32,desktop,60,
user_00177,prod_00020,view,2026-03-04 11:41:18,sess_6d4b1d2c,desktop,163,
user_00627,prod_00017,view,2026-01-29 11:41:18,sess_2a25462d,mobile,63,
user_00392,prod_00094,view,2026-03-06 11:41:18,sess_41a552ad,tablet,126,
user_00774,prod_00352,view,2026-01-08 11:41:18,sess_0ec03f6d,mobile,85,
user_00592,prod_00471,like,2026-02-15 11:41:18,sess_8d2f0b24,mobile,17,
user_00492,prod_00044,view,2026-02-05 11:41:18,sess_8fe8293f,mobile,33,
user_00920,prod_00287,like,2026-02-02 11:41:18,sess_86921e52,tablet,148,
user_00187,prod_00233,view,2026-01-10 11:41:18,sess_c6ac90f8,tablet,170,
user_00503,prod_00377,like,2026-03-23 11:41:18,sess_158eab89,desktop,104,
user_00155,prod_00082,like,2026-01-16 11:41:18,sess_5600c6e1,tablet,32,
user_00924,prod_00150,view,2026-02-05 11:41:18,sess_d4aba113,desktop,262,
user_00594,prod_00166,like,2026-01-17 11:41:18,sess_d6362ef8,desktop,14,
user_00663,prod_00219,view,2026-01-01 11:41:18,sess_15beb41e,tablet,136,
user_00939,prod_00419,view,2026-01-30 11:41:18,sess_cf4dad83,mobile,236,
user_00564,prod_00239,view,2026-01-19 11:41:18,sess_0f4a77ad,tablet,138,
user_00015,prod_00227,like,2026-02-18 11:41:18,sess_2b64985e,desktop,244,
user_00470,prod_00398,cart,2026-01-11 11:41:18,sess_b0aca655,tablet,261,
user_00622,prod_00233,view,2026-03-11 11:41:18,sess_b1f079fb,desktop,272,
user_00063,prod_00408,view,2026-03-12 11:41:18,sess_eec02513,desktop,41,
user_00725,prod_00330,view,2026-02-02 11:41:18,sess_88b4c2bc,mobile,5,
user_00350,prod_00101,view,2026-01-23 11:41:18,sess_e40d4e04,desktop,22,
user_00343,prod_00199,view,2026-03-29 11:41:18,sess_7acbdf41,mobile,43,
user_00707,prod_00430,view,2026-01-29 11:41:18,sess_e63b1358,tablet,193,
user_00652,prod_00033,view,2026-01-22 11:41:18,sess_46721787,mobile,68,
user_00902,prod_00090,view,2026-01-02 11:41:18,sess_ccbebd5d,desktop,126,
user_00383,prod_00345,view,2026-02-07 11:41:18,sess_c537796a,mobile,48,
user_00591,prod_00310,like,2026-03-28 11:41:18,sess_a3b5b6d6,tablet,230,
user_00003,prod_00477,view,2026-01-01 11:41:18,sess_77449e6b,tablet,209,
user_00498,prod_00447,view,2026-03-25 11:41:18,sess_2e77ba82,desktop,244,
user_00665,prod_00053,view,2026-02-22 11:41:18,sess_5cf82d73,mobile,150,
user_00232,prod_00116,like,2026-01-13 11:41:18,sess_bfb35a6b,desktop,236,
user_00717,prod_00078,view,2026-01-04 11:41:18,sess_4b0051d2,mobile,172,
user_00998,prod_00035,view,2026-01-16 11:41:18,sess_817c8f26,mobile,31,
user_00693,prod_00241,like,2026-03-27 11:41:18,sess_1c7f2f86,tablet,95,
user_00013,prod_00191,view,2026-01-04 11:41:18,sess_323a6091,desktop,294,
user_00485,prod_00084,purchase,2026-03-29 11:41:18,sess_df96918e,tablet,93,3.5
user_00907,prod_00241,like,2026-01-07 11:41:18,sess_967d42a3,desktop,175,
user_00656,prod_00118,view,2026-02-01 11:41:18,sess_a1070d24,tablet,163,
user_00261,prod_00426,view,2026-02-09 11:41:18,sess_54b0cbdf,tablet,137,
user_00686,prod_00333,view,2026-03-20 11:41:18,sess_d0f03434,desktop,150,
user_00116,prod_00179,view,2026-03-25 11:41:18,sess_35bfbd84,tablet,192,
user_00096,prod_00462,view,2026-01-11 11:41:18,sess_2e841cc1,mobile,232,
user_00809,prod_00217,like,2026-02-01 11:41:18,sess_78118d9c,desktop,278,
user_00118,prod_00381,cart,2026-01-22 11:41:18,sess_64628065,desktop,180,
user_00509,prod_00393,like,2026-03-25 11:41:18,sess_3a70f4c2,desktop,271,
user_00306,prod_00316,view,2026-03-20 11:41:18,sess_de323d66,desktop,144,
user_00603,prod_00314,view,2026-03-03 11:41:18,sess_f351270a,desktop,262,
user_00411,prod_00088,like,2026-02-25 11:41:18,sess_950a0fc0,desktop,18,
user_00579,prod_00317,view,2026-02-25 11:41:18,sess_bfd9ea1a,desktop,129,
user_00325,prod_00075,cart,2026-03-16 11:41:18,sess_ba78efb1,mobile,34,
user_00933,prod_00359,like,2026-02-26 11:41:18,sess_8d9060c3,desktop,222,
user_00919,prod_00262,view,2026-03-09 11:41:18,sess_af1187e7,mobile,129,
user_00366,prod_00424,view,2026-01-04 11:41:18,sess_b544f2dc,mobile,31,
user_00839,prod_00338,like,2026-01-21 11:41:18,sess_8477db36,mobile,25,
user_00906,prod_00080,view,2026-02-05 11:41:18,sess_fb176c56,desktop,84,
user_00355,prod_00316,view,2026-03-13 11:41:18,sess_d5cf4425,mobile,176,
user_00872,prod_00170,view,2026-03-10 11:41:18,sess_1d8b1755,tablet,269,
user_00891,prod_00453,like,2026-01-11 11:41:18,sess_d6d826bb,mobile,37,
user_00875,prod_00389,view,2026-01-02 11:41:18,sess_2e782225,desktop,281,
user_00287,prod_00229,view,2026-02-21 11:41:18,sess_b5f118d0,mobile,131,
user_00958,prod_00234,view,2026-01-19 11:41:18,sess_477c7faf,desktop,247,
user_00814,prod_00451,view,2026-02-03 11:41:18,sess_ab10fd98,mobile,239,
user_00188,prod_00256,view,2026-02-24 11:41:18,sess_b5cdf593,desktop,78,
user_00637,prod_00427,view,2026-02-04 11:41:18,sess_48483896,tablet,262,
user_00531,prod_00333,view,2026-01-20 11:41:18,sess_72e8f8ea,tablet,241,
user_00964,prod_00241,view,2026-02-16 11:41:18,sess_c0820870,tablet,137,
user_00905,prod_00232,purchase,2026-01-11 11:41:18,sess_e23b6bbd,mobile,114,2.7
user_00912,prod_00470,view,2026-01-12 11:41:18,sess_3205ac99,desktop,98,
user_00713,prod_00233,view,2026-03-22 11:41:18,sess_c965638c,tablet,111,
user_00258,prod_00193,view,2026-03-27 11:41:18,sess_78adef0e,mobile,83,
user_00861,prod_00143,like,2026-01-04 11:41:18,sess_e7ab8df9,desktop,213,
user_00122,prod_00472,like,2026-03-13 11:41:18,sess_a6fdc4ba,tablet,72,
user_00719,prod_00472,cart,2026-01-30 11:41:18,sess_6a019141,mobile,219,
user_00344,prod_00315,view,2026-02-18 11:41:18,sess_f0a16813,mobile,57,
user_00388,prod_00018,like,2026-02-28 11:41:18,sess_1e0fc26a,mobile,32,
user_00219,prod_00429,like,2026-01-06 11:41:18,sess_504084da,tablet,256,
user_00070,prod_00275,view,2026-03-10 11:41:18,sess_f84071bf,desktop,157,
user_00468,prod_00447,view,2026-03-22 11:41:18,sess_4001cc4f,mobile,71,
user_00641,prod_00040,view,2026-03-29 11:41:18,sess_53ae1253,desktop,283,
user_00868,prod_00096,view,2026-03-24 11:41:18,sess_4bf4f10e,desktop,218,
user_00080,prod_00164,view,2026-01-24 11:41:18,sess_f72ec659,desktop,267,
user_00411,prod_00193,view,2026-02-17 11:41:18,sess_284e963b,tablet,156,
user_00082,prod_00268,view,2026-01-19 11:41:18,sess_106b9095,tablet,272,
user_00181,prod_00174,view,2026-03-09 11:41:18,sess_d3df21f5,tablet,272,
user_00722,prod_00277,view,2026-03-25 11:41:18,sess_9b9c754e,desktop,144,
user_00400,prod_00302,view,2026-01-25 11:41:18,sess_7b6941fd,mobile,277,
user_00294,prod_00230,view,2026-03-25 11:41:18,sess_8fb6c235,mobile,45,
user_00686,prod_00113,like,2026-01-31 11:41:18,sess_da3dfd17,mobile,90,
user_00215,prod_00382,like,2026-02-10 11:41:18,sess_c5f7550b,tablet,228,
user_00301,prod_00065,like,2026-03-13 11:41:18,sess_99c24a5a,desktop,282,
user_00720,prod_00340,view,2026-03-12 11:41:18,sess_52567003,tablet,241,
user_00757,prod_00194,cart,2026-01-25 11:41:18,sess_5080a430,desktop,234,
user_00575,prod_00116,view,2026-03-20 11:41:18,sess_d8c5145a,tablet,8,
user_00417,prod_00094,like,2026-01-08 11:41:18,sess_c008f66c,tablet,193,
user_00492,prod_00125,like,2026-03-14 11:41:18,sess_f162843f,desktop,260,
user_00660,prod_00366,view,2026-02-16 11:41:18,sess_f88553a8,mobile,178,
user_00544,prod_00183,view,2026-03-14 11:41:18,sess_0d1bd7e7,desktop,117,
user_00764,prod_00326,view,2026-02-14 11:41:18,sess_a23b3a56,desktop,16,
user_00320,prod_00364,cart,2026-03-11 11:41:18,sess_60696d64,desktop,180,
user_00346,prod_00149,view,2025-12-31 11:41:18,sess_3f02c42c,tablet,119,
user_00593,prod_00408,like,2026-02-21 11:41:18,sess_61477a91,mobile,58,
user_00426,prod_00245,view,2026-01-15 11:41:18,sess_54c5f272,desktop,151,
user_00410,prod_00446,view,2026-02-08 11:41:18,sess_14407871,desktop,199,
user_00624,prod_00006,like,2026-02-25 11:41:18,sess_8c500f1f,tablet,225,
user_00512,prod_00383,view,2026-03-08 11:41:18,sess_46026967,tablet,41,
user_00988,prod_00354,view,2026-01-12 11:41:18,sess_aba9c55a,desktop,185,
user_00548,prod_00239,view,2026-01-05 11:41:18,sess_d5651724,desktop,87,
user_00245,prod_00347,like,2026-02-23 11:41:18,sess_de5023c6,mobile,220,
user_00282,prod_00017,view,2026-01-08 11:41:18,sess_c431c00a,tablet,170,
user_00212,prod_00031,view,2026-03-24 11:41:18,sess_50ae0cfd,mobile,130,
user_00590,prod_00262,view,2026-02-28 11:41:18,sess_46430b93,tablet,263,
user_00511,prod_00047,view,2026-03-02 11:41:18,sess_5f638fe4,mobile,187,
user_00435,prod_00282,view,2026-01-19 11:41:18,sess_b8060eb4,mobile,24,
user_00554,prod_00345,like,2026-01-31 11:41:18,sess_57906962,desktop,106,
user_00334,prod_00207,view,2026-01-08 11:41:18,sess_38f8891b,tablet,235,
user_00503,prod_00085,view,2026-02-18 11:41:18,sess_1db0e297,desktop,192,
user_00623,prod_00221,view,2026-01-15 11:41:18,sess_4a09dd1b,tablet,156,
user_00362,prod_00492,view,2026-02-15 11:41:18,sess_e4baa7d5,tablet,296,
user_00380,prod_00500,view,2026-02-15 11:41:18,sess_326f0a5b,desktop,127,
user_00705,prod_00323,view,2025-12-30 11:41:18,sess_df1cec4c,tablet,47,
user_00454,prod_00059,view,2026-02-22 11:41:18,sess_cdaec854,mobile,291,
user_00230,prod_00320,like,2026-01-05 11:41:18,sess_6f2e20c4,desktop,78,
user_00829,prod_00478,like,2026-01-07 11:41:18,sess_57d696f5,tablet,88,
user_00794,prod_00389,view,2026-02-18 11:41:18,sess_78aa4087,mobile,39,
user_00625,prod_00323,view,2026-02-11 11:41:18,sess_ede5e5ed,desktop,156,
user_00728,prod_00152,view,2026-03-04 11:41:18,sess_2a3a3aed,mobile,74,
user_00485,prod_00323,like,2026-03-27 11:41:18,sess_4278ead0,tablet,285,
user_00145,prod_00154,view,2026-02-12 11:41:18,sess_bd6a56f4,tablet,128,
user_00177,prod_00371,like,2026-02-22 11:41:18,sess_698c7741,mobile,93,
user_00597,prod_00103,view,2026-01-07 11:41:18,sess_3754b705,mobile,299,
user_00257,prod_00047,cart,2026-01-19 11:41:18,sess_8bc3d706,mobile,190,
user_00736,prod_00426,view,2026-01-16 11:41:18,sess_fe3967c6,desktop,295,
user_00063,prod_00363,view,2026-01-28 11:41:18,sess_c3789dbd,tablet,134,
user_00091,prod_00070,like,2026-03-19 11:41:18,sess_d0c7d9b8,tablet,49,
user_00978,prod_00495,view,2026-02-20 11:41:18,sess_ad4d74ad,tablet,124,
user_00269,prod_00411,view,2026-03-05 11:41:18,sess_51893fec,mobile,226,
user_00709,prod_00091,view,2026-02-05 11:41:18,sess_6f606560,mobile,100,
user_00506,prod_00123,cart,2026-03-16 11:41:18,sess_55da56bb,mobile,18,
user_00792,prod_00085,like,2026-03-02 11:41:18,sess_c1391470,mobile,52,
user_00297,prod_00304,view,2026-03-10 11:41:18,sess_89a3907c,tablet,274,
user_00974,prod_00309,view,2026-01-07 11:41:18,sess_f9d11d20,tablet,40,
user_00593,prod_00195,view,2026-02-12 11:41:18,sess_7dc40859,mobile,101,
user_00120,prod_00423,view,2026-01-14 11:41:18,sess_47f3b076,mobile,267,
user_00158,prod_00036,view,2026-02-08 11:41:18,sess_fc62d1bf,tablet,110,
user_00097,prod_00227,view,2026-02-03 11:41:18,sess_672f2763,tablet,209,
user_00501,prod_00028,like,2026-03-22 11:41:18,sess_ea27be14,desktop,48,
user_00012,prod_00440,view,2026-01-17 11:41:18,sess_d79a8bd7,mobile,63,
user_00910,prod_00260,view,2026-02-17 11:41:18,sess_d0161efe,mobile,62,
user_00245,prod_00370,cart,2026-02-27 11:41:18,sess_9bf31cd4,desktop,139,
user_00607,prod_00189,view,2026-01-26 11:41:18,sess_65a508cc,mobile,136,
user_00916,prod_00266,like,2026-01-26 11:41:18,sess_092aa691,desktop,182,
user_00770,prod_00361,view,2026-01-06 11:41:18,sess_d339b477,desktop,82,
user_00232,prod_00039,like,2026-03-05 11:41:18,sess_190ef9ac,tablet,259,
user_00983,prod_00329,view,2026-01-04 11:41:18,sess_3d9d7bea,tablet,33,
user_00324,prod_00395,like,2026-01-16 11:41:18,sess_8b8556ad,tablet,199,
user_00881,prod_00396,view,2026-02-07 11:41:18,sess_39f66e8b,desktop,16,
user_00014,prod_00177,view,2026-01-13 11:41:18,sess_3616dba2,desktop,208,
user_00703,prod_00310,cart,2026-02-27 11:41:18,sess_7aa60be7,mobile,241,
user_00061,prod_00015,view,2026-01-02 11:41:18,sess_ee1799e9,desktop,272,
user_00839,prod_00005,view,2026-03-22 11:41:18,sess_e540f5e7,desktop,29,
user_00573,prod_00216,view,2026-03-03 11:41:18,sess_8cb66c5d,desktop,115,
user_00865,prod_00016,view,2026-01-21 11:41:18,sess_73914175,desktop,155,
user_00293,prod_00452,view,2026-01-06 11:41:18,sess_08f59503,mobile,129,
user_00480,prod_00172,like,2026-02-17 11:41:18,sess_8e12fca7,tablet,77,
user_00703,prod_00192,like,2026-03-16 11:41:18,sess_17be1100,mobile,63,
user_00916,prod_00295,like,2026-01-23 11:41:18,sess_452b1522,mobile,125,
user_00439,prod_00254,view,2026-01-27 11:41:18,sess_e69a5ed0,mobile,207,
user_00900,prod_00289,view,2026-02-28 11:41:18,sess_5d1aab61,tablet,13,
user_00034,prod_00133,view,2026-02-02 11:41:18,sess_ce0442ac,desktop,270,
user_00319,prod_00212,like,2026-01-28 11:41:18,sess_64c944d0,tablet,141,
user_00101,prod_00202,view,2026-03-19 11:41:18,sess_d653aa49,mobile,24,
user_00410,prod_00117,view,2026-02-14 11:41:18,sess_15cc78b9,mobile,299,
user_00453,prod_00247,view,2026-02-25 11:41:18,sess_71fd2a23,desktop,267,
user_00310,prod_00003,view,2026-02-24 11:41:18,sess_443536cb,desktop,45,
user_00379,prod_00225,view,2025-12-30 11:41:18,sess_760686a6,desktop,114,
user_00720,prod_00195,view,2026-01-21 11:41:18,sess_4235037b,desktop,65,
user_00105,prod_00158,like,2026-03-21 11:41:18,sess_f41a5a3d,mobile,269,
user_00623,prod_00086,cart,2026-02-16 11:41:18,sess_32b67471,desktop,178,
user_00727,prod_00323,view,2026-02-14 11:41:18,sess_27037d00,desktop,94,
user_00760,prod_00204,view,2026-02-26 11:41:18,sess_656c2826,mobile,260,
user_00463,prod_00046,like,2026-01-03 11:41:18,sess_dfac6e68,desktop,166,
user_00288,prod_00174,view,2026-02-04 11:41:18,sess_940df364,mobile,9,
user_00237,prod_00004,view,2026-02-06 11:41:18,sess_e30dbe0e,tablet,75,
user_00156,prod_00255,like,2026-01-14 11:41:18,sess_0d43910f,desktop,141,
user_00704,prod_00065,view,2026-02-02 11:41:18,sess_cf82ec41,tablet,111,
user_00400,prod_00409,view,2026-01-05 11:41:18,sess_757d1689,mobile,171,
user_00858,prod_00348,view,2026-01-15 11:41:18,sess_5b04b9f4,mobile,137,
user_00031,prod_00400,view,2026-02-12 11:41:18,sess_97190f15,mobile,283,
user_00117,prod_00036,view,2026-01-01 11:41:18,sess_5e4c8977,desktop,14,
user_00247,prod_00141,view,2026-03-06 11:41:18,sess_65ca753a,tablet,247,
user_00833,prod_00238,view,2026-02-05 11:41:18,sess_02b183ab,mobile,254,
user_00951,prod_00293,like,2026-03-15 11:41:18,sess_e8128713,desktop,97,
user_00609,prod_00489,view,2026-01-11 11:41:18,sess_fd54826e,tablet,203,
user_00439,prod_00295,view,2026-03-20 11:41:18,sess_21796dd7,tablet,248,
user_00863,prod_00357,cart,2026-02-15 11:41:18,sess_fad37709,mobile,261,
user_00008,prod_00496,view,2026-03-22 11:41:18,sess_af216699,tablet,233,
user_00210,prod_00139,view,2026-01-05 11:41:18,sess_c1497eb3,desktop,168,
user_00600,prod_00095,view,2026-03-15 11:41:18,sess_3b08d041,desktop,113,
user_00565,prod_00117,view,2026-01-24 11:41:18,sess_33794776,tablet,254,
user_00736,prod_00047,view,2026-02-02 11:41:18,sess_c5a1d4cc,mobile,243,
user_00570,prod_00495,view,2026-01-10 11:41:18,sess_9ac35773,desktop,177,
user_00460,prod_00208,like,2026-01-17 11:41:18,sess_7e900855,desktop,291,
user_00289,prod_00047,view,2025-12-30 11:41:18,sess_19c1e23d,tablet,130,
user_00321,prod_00366,like,2026-01-20 11:41:18,sess_f279e81d,mobile,114,
user_00495,prod_00087,like,2026-01-16 11:41:18,sess_5b9707fc,tablet,68,
user_00676,prod_00107,like,2026-02-23 11:41:18,sess_21727fb0,tablet,238,
user_00974,prod_00365,view,2026-03-20 11:41:18,sess_d89efd8e,desktop,270,
user_00574,prod_00067,like,2026-03-26 11:41:18,sess_93335b3f,tablet,272,
user_00810,prod_00305,view,2026-03-30 11:41:18,sess_1340fce4,desktop,300,
user_00124,prod_00060,view,2026-02-20 11:41:18,sess_de415226,desktop,136,
user_00261,prod_00196,like,2026-02-28 11:41:18,sess_f213bf0b,mobile,300,
user_00469,prod_00186,view,2026-02-20 11:41:18,sess_d1ffbdcc,desktop,113,
user_00983,prod_00375,like,2026-01-04 11:41:18,sess_2ba061a8,desktop,154,
user_00573,prod_00346,view,2026-03-23 11:41:18,sess_3729e2fc,desktop,291,
user_00574,prod_00455,view,2026-02-15 11:41:18,sess_9c28ed78,mobile,93,
user_00343,prod_00477,view,2026-01-06 11:41:18,sess_4d9614d7,tablet,289,
user_00849,prod_00016,like,2026-01-15 11:41:18,sess_bec6f445,mobile,214,
user_00682,prod_00208,cart,2026-02-03 11:41:18,sess_7e802cb8,desktop,109,
user_00563,prod_00111,view,2026-02-06 11:41:18,sess_68571faf,desktop,211,
user_00777,prod_00423,purchase,2026-03-29 11:41:18,sess_70119249,mobile,246,1.0
user_00776,prod_00384,view,2026-02-27 11:41:18,sess_3f395dba,desktop,271,
user_00796,prod_00032,like,2026-01-15 11:41:18,sess_b89eff38,mobile,89,
user_00038,prod_00256,view,2026-01-24 11:41:18,sess_a96fe221,mobile,144,
user_00517,prod_00139,view,2026-01-01 11:41:18,sess_bf183165,desktop,256,
user_00740,prod_00156,like,2026-02-06 11:41:18,sess_037843d3,desktop,35,
user_00873,prod_00244,view,2026-02-24 11:41:18,sess_21dfab8b,desktop,207,
user_00325,prod_00227,view,2026-02-08 11:41:18,sess_ac3906d1,desktop,146,
user_00092,prod_00396,view,2026-02-01 11:41:18,sess_39974e78,tablet,143,
user_00511,prod_00245,view,2026-03-25 11:41:18,sess_99071c48,mobile,162,
user_00342,prod_00392,cart,2026-02-03 11:41:18,sess_11a89858,mobile,208,
user_00627,prod_00116,view,2026-02-09 11:41:18,sess_f5e7145a,tablet,135,
user_00354,prod_00088,purchase,2026-03-26 11:41:18,sess_c5b6c46e,desktop,137,4.1
user_00041,prod_00376,view,2026-03-19 11:41:18,sess_796391c6,desktop,268,
user_00352,prod_00076,view,2026-02-07 11:41:18,sess_93385e8f,tablet,250,
user_00377,prod_00063,view,2026-01-18 11:41:18,sess_ff1aaf43,mobile,251,
user_00779,prod_00325,view,2026-02-13 11:41:18,sess_34cc1b65,mobile,209,
user_00741,prod_00474,view,2026-03-04 11:41:18,sess_ca1815ca,mobile,74,
user_00505,prod_00223,view,2026-02-25 11:41:18,sess_e46cecef,mobile,81,
user_00546,prod_00484,view,2026-03-10 11:41:18,sess_bc568d3b,tablet,123,
user_00477,prod_00072,view,2026-03-08 11:41:18,sess_bd05d824,mobile,177,
user_00769,prod_00297,view,2026-03-01 11:41:18,sess_c3c4901b,mobile,246,
user_00845,prod_00393,view,2026-01-01 11:41:18,sess_6a33d805,tablet,164,
user_00146,prod_00336,view,2026-03-26 11:41:18,sess_3c23c77c,mobile,233,
user_00012,prod_00137,view,2026-03-05 11:41:18,sess_78c6b54b,tablet,68,
user_00648,prod_00321,view,2026-02-12 11:41:18,sess_1bda1443,desktop,47,
user_00131,prod_00185,purchase,2026-01-30 11:41:18,sess_79d18cf1,mobile,230,1.4
user_00537,prod_00411,like,2026-02-05 11:41:18,sess_b158ea54,tablet,202,
user_00554,prod_00009,view,2025-12-30 11:41:18,sess_c6186fe9,desktop,162,
user_00310,prod_00373,view,2026-01-27 11:41:18,sess_1ba60874,tablet,281,
user_00811,prod_00114,view,2026-03-10 11:41:18,sess_dd949289,desktop,153,
user_00031,prod_00166,like,2026-01-07 11:41:18,sess_d29ec8d9,tablet,224,
user_00535,prod_00272,view,2026-02-25 11:41:18,sess_8f316873,tablet,72,
user_00539,prod_00285,view,2026-01-16 11:41:18,sess_c3b05b65,mobile,118,
user_00618,prod_00234,like,2026-03-03 11:41:18,sess_b9e889f8,tablet,113,
user_00083,prod_00356,view,2026-03-09 11:41:18,sess_4374a727,mobile,266,
user_00384,prod_00388,like,2026-01-02 11:41:18,sess_b0e25eb3,tablet,20,
user_00131,prod_00170,view,2026-02-03 11:41:18,sess_52d2c2ac,tablet,273,
user_00415,prod_00327,view,2026-01-31 11:41:18,sess_05c938bb,mobile,157,
user_00507,prod_00214,view,2026-02-20 11:41:18,sess_132d8c1c,tablet,300,
user_00695,prod_00273,view,2026-01-18 11:41:18,sess_9556f61d,tablet,188,
user_00742,prod_00316,cart,2026-01-22 11:41:18,sess_b95cced5,desktop,99,
user_00318,prod_00076,view,2026-03-11 11:41:18,sess_39ec5b13,mobile,171,
user_00361,prod_00290,view,2026-01-03 11:41:18,sess_08ab1c8a,desktop,156,
user_00211,prod_00294,view,2026-01-12 11:41:18,sess_2e74e887,desktop,177,
user_00939,prod_00306,view,2026-01-18 11:41:18,sess_0f5ddca2,tablet,183,
user_00329,prod_00404,view,2026-02-03 11:41:18,sess_bbcba85f,tablet,193,
user_00204,prod_00039,view,2026-01-27 11:41:18,sess_9e540fef,mobile,21,
user_00055,prod_00077,view,2026-03-12 11:41:18,sess_f5b1a991,tablet,244,
user_00963,prod_00105,view,2026-03-02 11:41:18,sess_ec60688d,tablet,90,
user_00360,prod_00377,view,2026-01-30 11:41:18,sess_9f5eaf1b,mobile,100,
user_00175,prod_00485,view,2026-01-25 11:41:18,sess_b577f59a,desktop,142,
user_00578,prod_00110,view,2026-02-08 11:41:18,sess_511175d6,mobile,54,
user_00595,prod_00064,view,2026-02-20 11:41:18,sess_b895216a,tablet,270,
user_00442,prod_00203,like,2026-03-11 11:41:18,sess_4f2074bb,desktop,163,
user_00312,prod_00474,like,2026-01-01 11:41:18,sess_ed205654,mobile,245,
user_00527,prod_00183,view,2026-02-23 11:41:18,sess_57129983,mobile,252,
user_00442,prod_00408,purchase,2026-03-05 11:41:18,sess_69e63552,desktop,54,4.7
user_00300,prod_00469,view,2026-01-18 11:41:18,sess_f04bc000,mobile,12,
user_00293,prod_00180,like,2026-01-16 11:41:18,sess_13cf6d4e,desktop,135,
user_00937,prod_00253,view,2026-03-01 11:41:18,sess_a19d4ad9,tablet,230,
user_00787,prod_00282,like,2026-02-17 11:41:18,sess_7becf14f,mobile,261,
user_00967,prod_00294,view,2026-02-09 11:41:18,sess_b91b5ab0,desktop,181,
user_00941,prod_00045,view,2026-02-20 11:41:18,sess_e07618f9,tablet,235,
user_00454,prod_00047,like,2026-02-13 11:41:18,sess_34e2f7da,mobile,211,
user_00521,prod_00164,view,2026-02-08 11:41:18,sess_0254571d,mobile,170,
user_00060,prod_00077,view,2026-01-16 11:41:18,sess_e45fd787,tablet,204,
user_00288,prod_00202,view,2026-03-02 11:41:18,sess_818d2195,desktop,123,
user_00367,prod_00129,view,2026-03-08 11:41:18,sess_47cba493,mobile,100,
user_00840,prod_00053,view,2026-02-28 11:41:18,sess_858426b8,tablet,236,
user_00066,prod_00003,view,2026-02-19 11:41:18,sess_7106da00,desktop,153,
user_00391,prod_00219,purchase,2026-01-28 11:41:18,sess_08f4d13a,desktop,137,2.8
user_00471,prod_00221,view,2026-03-20 11:41:18,sess_643dd1b1,desktop,46,
user_00191,prod_00091,cart,2026-02-28 11:41:18,sess_ae9c5715,tablet,299,
user_00836,prod_00349,view,2026-02-14 11:41:18,sess_90f6191e,tablet,214,
user_00728,prod_00258,view,2026-01-08 11:41:18,sess_c3807cdb,mobile,26,
user_00807,prod_00425,view,2026-01-23 11:41:18,sess_a9189a53,tablet,118,
user_00221,prod_00111,view,2026-01-20 11:41:18,sess_f962c0ba,desktop,210,
user_00002,prod_00052,view,2026-02-18 11:41:18,sess_34c6b3c4,tablet,5,
user_00785,prod_00442,view,2026-02-15 11:41:18,sess_3e152780,desktop,103,
user_00809,prod_00266,view,2026-03-27 11:41:18,sess_b180544b,mobile,99,
user_00877,prod_00151,cart,2026-01-20 11:41:18,sess_3f11df56,mobile,196,
user_00573,prod_00029,purchase,2026-02-21 11:41:18,sess_7e3fe62d,tablet,295,4.1
user_00119,prod_00098,view,2026-02-11 11:41:18,sess_c2bb2c88,mobile,187,
user_00345,prod_00062,view,2026-01-14 11:41:18,sess_d929c2ab,mobile,300,
user_00422,prod_00273,view,2026-02-03 11:41:18,sess_f0bc1af4,tablet,257,
user_00079,prod_00248,view,2026-01-07 11:41:18,sess_b25e9430,desktop,80,
user_00612,prod_00436,like,2026-01-18 11:41:18,sess_5b7b72eb,tablet,192,
user_00018,prod_00252,view,2026-03-20 11:41:18,sess_b0285138,mobile,117,
user_00213,prod_00417,view,2026-03-06 11:41:18,sess_be36a1ca,desktop,300,
user_00362,prod_00084,view,2026-02-25 11:41:18,sess_267d1da6,mobile,31,
user_00967,prod_00424,view,2026-01-03 11:41:18,sess_aebddead,mobile,246,
user_00508,prod_00186,view,2026-02-01 11:41:18,sess_5d833d18,desktop,281,
user_00008,prod_00199,view,2026-01-01 11:41:18,sess_05b6f59f,mobile,217,
user_00808,prod_00500,like,2026-02-09 11:41:18,sess_200dc7d1,tablet,194,
user_00966,prod_00038,view,2026-01-03 11:41:18,sess_1b25dfa5,mobile,91,
user_00113,prod_00061,view,2026-01-07 11:41:18,sess_05fa87e3,mobile,282,
user_00084,prod_00461,view,2026-03-14 11:41:18,sess_d409532b,tablet,122,
user_00896,prod_00348,view,2026-03-07 11:41:18,sess_7338ad96,desktop,187,
user_00598,prod_00448,view,2026-03-13 11:41:18,sess_910d8979,mobile,224,
user_00807,prod_00078,view,2026-02-22 11:41:18,sess_50d2f55f,tablet,179,
user_00615,prod_00221,like,2026-01-08 11:41:18,sess_31cf6758,mobile,297,
user_00782,prod_00208,like,2026-03-19 11:41:18,sess_b00aeb6f,mobile,77,
user_00773,prod_00026,cart,2026-03-15 11:41:18,sess_645b6c72,desktop,145,
user_00795,prod_00053,view,2026-02-06 11:41:18,sess_1fb0a51a,mobile,282,
user_00719,prod_00039,like,2026-01-19 11:41:18,sess_6a4e3699,mobile,144,
user_00436,prod_00289,view,2026-01-17 11:41:18,sess_26402e46,desktop,20,
user_00840,prod_00207,view,2026-02-16 11:41:18,sess_fe97996b,tablet,22,
user_00424,prod_00424,view,2026-01-31 11:41:18,sess_fb260dba,desktop,179,
user_00408,prod_00222,view,2026-01-08 11:41:18,sess_9b3d0fdb,tablet,183,
user_00586,prod_00335,view,2026-03-12 11:41:18,sess_880c8a8c,tablet,145,
user_00081,prod_00157,view,2026-01-05 11:41:18,sess_6ef4385b,mobile,153,
user_00636,prod_00184,like,2026-02-03 11:41:18,sess_b50c36a0,mobile,166,
user_00869,prod_00098,view,2026-02-09 11:41:18,sess_db7166a6,tablet,48,
user_00900,prod_00308,view,2026-03-18 11:41:18,sess_15b58574,desktop,151,
user_00508,prod_00072,view,2026-02-21 11:41:18,sess_b32bfbe3,tablet,197,
user_00912,prod_00266,view,2026-03-29 11:41:18,sess_8ed65f9c,mobile,203,
user_00133,prod_00312,cart,2026-02-09 11:41:18,sess_1bd972c1,desktop,75,
user_00788,prod_00369,view,2026-03-06 11:41:18,sess_68174702,desktop,272,
user_00131,prod_00139,like,2026-01-03 11:41:18,sess_05a74528,desktop,252,
user_00667,prod_00024,view,2026-02-10 11:41:18,sess_4a664c0c,mobile,259,
user_00764,prod_00252,view,2026-03-22 11:41:18,sess_17e1a61e,desktop,259,
user_00975,prod_00068,view,2026-03-12 11:41:18,sess_5b916a2a,desktop,80,
user_00281,prod_00092,view,2026-02-15 11:41:18,sess_519a732d,tablet,204,
user_00852,prod_00018,view,2026-01-23 11:41:18,sess_1ece095c,tablet,163,
user_00615,prod_00200,view,2026-03-17 11:41:18,sess_be72daa8,desktop,33,
user_00348,prod_00396,view,2026-02-12 11:41:18,sess_00293896,tablet,121,
user_00339,prod_00102,view,2026-03-15 11:41:18,sess_e72a7c25,tablet,144,
user_00381,prod_00471,view,2026-01-11 11:41:18,sess_673910f7,tablet,122,
user_00296,prod_00340,view,2026-03-14 11:41:18,sess_b9c91020,tablet,68,
user_00007,prod_00310,like,2026-02-25 11:41:18,sess_e5e83cb2,tablet,120,
user_00743,prod_00056,purchase,2026-03-27 11:41:18,sess_c035f39d,tablet,253,3.0
user_00272,prod_00356,view,2026-01-08 11:41:18,sess_b81a326f,desktop,251,
user_00606,prod_00391,view,2026-02-20 11:41:18,sess_d586737f,mobile,81,
user_00099,prod_00476,view,2026-01-22 11:41:18,sess_d5691cdc,mobile,121,
user_00095,prod_00112,view,2026-01-17 11:41:18,sess_d4385050,tablet,269,
user_00083,prod_00258,view,2026-03-25 11:41:18,sess_1d52a894,tablet,295,
user_00393,prod_00078,view,2026-02-06 11:41:18,sess_55bf29f6,desktop,242,
user_00532,prod_00396,like,2026-01-29 11:41:18,sess_f6bcba6e,desktop,149,
user_00795,prod_00484,like,2026-02-20 11:41:18,sess_cf4468a4,tablet,272,
user_00974,prod_00273,view,2026-01-26 11:41:18,sess_c03e0c6d,tablet,81,
user_00323,prod_00160,cart,2026-02-17 11:41:18,sess_f4c09982,mobile,172,
user_00120,prod_00035,like,2026-01-19 11:41:18,sess_34bc7a13,mobile,174,
user_00048,prod_00128,view,2026-03-01 11:41:18,sess_9870e397,tablet,274,
user_00192,prod_00262,view,2026-02-25 11:41:18,sess_2117c8ca,desktop,208,
user_00485,prod_00223,like,2026-01-20 11:41:18,sess_2d801c91,tablet,258,
user_00307,prod_00165,view,2026-01-04 11:41:18,sess_749c1d22,mobile,33,
user_00641,prod_00242,view,2026-01-02 11:41:18,sess_9817b4ba,mobile,204,
user_00569,prod_00185,view,2025-12-30 11:41:18,sess_ea132fb1,mobile,207,
user_00132,prod_00049,view,2026-02-21 11:41:18,sess_18748f50,tablet,47,
user_00264,prod_00405,view,2026-01-08 11:41:18,sess_94a2dd6d,mobile,12,
user_00825,prod_00199,view,2026-02-22 11:41:18,sess_87c78364,desktop,77,
user_00606,prod_00404,like,2026-02-24 11:41:18,sess_c7979042,mobile,114,
user_00071,prod_00305,view,2026-03-15 11:41:18,sess_b45b01f6,tablet,190,
user_00233,prod_00117,like,2026-03-09 11:41:18,sess_d5690f7c,tablet,226,
user_00863,prod_00316,view,2026-03-27 11:41:18,sess_f048827d,mobile,110,
user_00811,prod_00325,view,2026-02-20 11:41:18,sess_8f106137,tablet,259,
user_00374,prod_00379,like,2026-01-22 11:41:18,sess_9025326b,tablet,264,
user_00095,prod_00429,view,2026-03-24 11:41:18,sess_b913914b,tablet,71,
user_00119,prod_00188,view,2026-02-26 11:41:18,sess_62acda05,mobile,238,
user_00448,prod_00471,view,2026-01-27 11:41:18,sess_87113d35,desktop,28,
user_00976,prod_00471,view,2026-03-10 11:41:18,sess_d30078ca,mobile,100,
user_00235,prod_00446,view,2026-03-25 11:41:18,sess_1cf540fb,desktop,12,
user_00297,prod_00231,view,2026-02-19 11:41:18,sess_99834bd6,tablet,273,
user_00224,prod_00409,view,2026-02-19 11:41:18,sess_1e20710a,desktop,246,
user_00741,prod_00440,view,2026-01-31 11:41:18,sess_3194f089,mobile,118,
user_00413,prod_00198,like,2026-03-29 11:41:18,sess_4c026ef2,mobile,235,
user_00387,prod_00493,view,2026-01-19 11:41:18,sess_295d6be1,mobile,66,
user_00887,prod_00496,like,2026-01-15 11:41:18,sess_685fbc42,mobile,262,
user_00426,prod_00443,view,2026-02-25 11:41:18,sess_04313065,desktop,73,
user_00437,prod_00134,view,2026-03-05 11:41:18,sess_ae13f69b,mobile,158,
user_00740,prod_00399,view,2026-02-03 11:41:18,sess_2ec9f1f4,tablet,90,
user_00679,prod_00390,like,2026-03-26 11:41:18,sess_1bfca8b8,desktop,283,
user_00361,prod_00119,view,2026-02-26 11:41:18,sess_c5279a75,tablet,140,
user_00211,prod_00175,view,2026-01-18 11:41:18,sess_98b81f31,mobile,62,
user_00990,prod_00267,like,2026-03-11 11:41:18,sess_b7a9af37,desktop,97,
user_00122,prod_00015,like,2026-01-29 11:41:18,sess_c1f1717b,tablet,14,
user_00315,prod_00287,like,2026-03-18 11:41:18,sess_d60ccf59,mobile,215,
user_00745,prod_00174,like,2026-01-09 11:41:18,sess_0d92b18f,tablet,195,
user_00587,prod_00478,view,2026-01-10 11:41:18,sess_0d099e28,mobile,260,
user_00588,prod_00387,like,2026-03-06 11:41:18,sess_dc1475c1,tablet,206,
user_00345,prod_00296,view,2026-02-07 11:41:18,sess_9f470a03,desktop,223,
user_00533,prod_00253,view,2026-01-17 11:41:18,sess_d0672962,mobile,189,
user_00808,prod_00287,view,2026-02-19 11:41:18,sess_801b8d83,mobile,253,
user_00264,prod_00305,view,2026-03-02 11:41:18,sess_62b6747c,tablet,17,
user_00983,prod_00281,view,2026-01-27 11:41:18,sess_dc10e29f,mobile,103,
user_00206,prod_00312,view,2026-01-27 11:41:18,sess_40212b78,desktop,63,
user_00373,prod_00444,view,2026-03-21 11:41:18,sess_434ed68f,mobile,119,
user_00625,prod_00055,view,2026-03-30 11:41:18,sess_3da5beb4,desktop,149,
user_00188,prod_00384,view,2026-02-26 11:41:18,sess_79b0b39b,desktop,85,
user_00777,prod_00039,purchase,2026-01-22 11:41:18,sess_80576c14,desktop,54,4.2
user_00394,prod_00398,purchase,2026-01-09 11:41:18,sess_a5e5ce5b,tablet,297,4.8
user_00351,prod_00464,view,2026-01-05 11:41:18,sess_7cc8cbae,mobile,200,
user_00466,prod_00314,view,2026-03-01 11:41:18,sess_c1aef044,desktop,236,
user_00186,prod_00019,view,2026-03-07 11:41:18,sess_410bd09a,mobile,239,
user_00186,prod_00222,view,2026-03-08 11:41:18,sess_e3769f2d,mobile,191,
user_00522,prod_00409,view,2026-02-02 11:41:18,sess_d3c9bc77,mobile,141,
user_00934,prod_00186,view,2026-01-07 11:41:18,sess_b785f3d9,desktop,190,
user_00937,prod_00350,view,2026-03-10 11:41:18,sess_100f8ccd,desktop,244,
user_00008,prod_00061,view,2026-02-19 11:41:18,sess_ee7238d8,tablet,54,
user_00854,prod_00495,view,2026-03-04 11:41:18,sess_62388707,tablet,98,
user_00748,prod_00429,view,2026-01-14 11:41:18,sess_314e347f,desktop,265,
user_00349,prod_00209,cart,2026-01-22 11:41:18,sess_4fad6967,desktop,247,
user_00206,prod_00483,view,2026-01-28 11:41:18,sess_5c9c2358,tablet,155,
user_00850,prod_00109,like,2026-01-26 11:41:18,sess_a2ce17df,mobile,91,
user_00392,prod_00103,view,2026-01-26 11:41:18,sess_5f2d0845,tablet,222,
user_00907,prod_00411,view,2026-02-25 11:41:18,sess_8acb0720,tablet,176,
user_00531,prod_00228,view,2026-02-25 11:41:18,sess_389039e2,tablet,140,
user_00996,prod_00227,view,2026-01-09 11:41:18,sess_e0b03209,tablet,127,
user_00282,prod_00438,like,2026-01-08 11:41:18,sess_4bab128d,mobile,134,
user_00025,prod_00397,view,2026-01-26 11:41:18,sess_dcb19f77,mobile,7,
user_00573,prod_00372,view,2026-01-22 11:41:18,sess_1dcac772,tablet,208,
user_00323,prod_00450,view,2026-02-25 11:41:18,sess_cfd406ea,desktop,18,
user_00243,prod_00226,view,2026-03-26 11:41:18,sess_6c171d36,desktop,273,
user_00008,prod_00192,view,2026-03-05 11:41:18,sess_dc9ae6d7,tablet,278,
user_00381,prod_00474,view,2026-03-07 11:41:18,sess_af43bfb3,tablet,66,
user_00254,prod_00209,view,2026-01-22 11:41:18,sess_2bdd1c78,mobile,146,
user_00831,prod_00400,view,2026-01-31 11:41:18,sess_36287297,mobile,33,
user_00991,prod_00412,view,2026-03-30 11:41:18,sess_c2f91360,tablet,202,
user_00224,prod_00091,purchase,2026-03-12 11:41:18,sess_ba60bece,desktop,189,3.1
user_00891,prod_00273,view,2026-02-03 11:41:18,sess_0ca2caa2,mobile,108,
user_00913,prod_00150,view,2026-01-07 11:41:18,sess_c66a06a9,desktop,141,
user_00709,prod_00404,like,2026-03-13 11:41:18,sess_ba4a0813,desktop,105,
user_00842,prod_00402,view,2026-02-16 11:41:18,sess_3f09fe1e,tablet,80,
user_00802,prod_00028,cart,2026-03-19 11:41:18,sess_feda1c12,mobile,96,
user_00644,prod_00251,view,2026-01-21 11:41:18,sess_86738a16,mobile,172,
user_00118,prod_00201,like,2026-01-29 11:41:18,sess_38b0704d,tablet,245,
user_00208,prod_00266,purchase,2026-03-19 11:41:18,sess_64746788,desktop,133,1.9
user_00330,prod_00229,view,2026-01-29 11:41:18,sess_a88810ae,tablet,112,
user_00876,prod_00175,like,2026-01-07 11:41:18,sess_3d808e1c,tablet,98,
user_00420,prod_00017,cart,2026-02-07 11:41:18,sess_708eae19,tablet,245,
user_00343,prod_00222,view,2026-03-20 11:41:18,sess_db6bfb55,tablet,282,
user_00697,prod_00483,like,2026-02-07 11:41:18,sess_3016b660,mobile,116,
user_00584,prod_00057,view,2026-01-30 11:41:18,sess_9cf81108,desktop,191,
user_00613,prod_00331,cart,2026-03-04 11:41:18,sess_1a7d194a,mobile,260,
user_00422,prod_00479,view,2026-01-01 11:41:18,sess_64098c89,tablet,10,
user_00502,prod_00297,like,2026-01-07 11:41:18,sess_e36bd787,desktop,65,
user_00908,prod_00016,view,2026-01-26 11:41:18,sess_01efaad2,mobile,237,
user_00541,prod_00105,view,2026-02-24 11:41:18,sess_f3501aed,tablet,105,
user_00825,prod_00006,view,2026-02-14 11:41:18,sess_17e948ad,desktop,114,
user_00444,prod_00477,view,2026-01-01 11:41:18,sess_514556f7,tablet,8,
user_00889,prod_00150,view,2026-01-28 11:41:18,sess_3b5017b6,mobile,268,
user_00060,prod_00315,view,2026-02-01 11:41:18,sess_abef174d,tablet,264,
user_00251,prod_00406,like,2026-03-20 11:41:18,sess_6547bcfc,desktop,257,
user_00763,prod_00266,like,2026-02-25 11:41:18,sess_e643df96,desktop,26,
user_00565,prod_00288,purchase,2026-03-07 11:41:18,sess_3d270ce1,tablet,22,2.8
user_00909,prod_00191,view,2026-02-15 11:41:18,sess_37f7f11d,mobile,221,
user_00635,prod_00320,view,2026-02-12 11:41:18,sess_c37b95da,mobile,110,
user_00854,prod_00467,like,2026-01-10 11:41:18,sess_2daa03ef,desktop,200,
user_00201,prod_00113,like,2026-02-27 11:41:18,sess_f98d48f8,desktop,209,
user_00362,prod_00136,cart,2026-01-13 11:41:18,sess_87b2c02f,tablet,65,
user_00823,prod_00181,like,2026-01-02 11:41:18,sess_e8dcfd88,desktop,111,
user_00947,prod_00084,view,2026-01-09 11:41:18,sess_c62a96ca,tablet,187,
user_00221,prod_00048,view,2026-02-21 11:41:18,sess_46350673,mobile,107,
user_00081,prod_00341,view,2026-01-01 11:41:18,sess_02f01fff,desktop,269,
user_00130,prod_00414,view,2026-03-15 11:41:18,sess_2af4edc6,tablet,21,
user_00581,prod_00122,like,2025-12-30 11:41:18,sess_2c7d660d,desktop,116,
user_00938,prod_00265,view,2026-01-27 11:41:18,sess_7de60eab,tablet,233,
user_00907,prod_00105,view,2026-02-16 11:41:18,sess_8d1dc0b3,tablet,172,
user_00243,prod_00270,view,2026-03-20 11:41:18,sess_af6a7655,tablet,85,
user_00498,prod_00075,like,2026-02-23 11:41:18,sess_74eef8dc,mobile,186,
user_00889,prod_00490,view,2026-03-07 11:41:18,sess_6dbbbb32,desktop,191,
user_00663,prod_00240,like,2026-03-20 11:41:18,sess_e2944233,desktop,178,
user_00606,prod_00022,view,2026-01-24 11:41:18,sess_41c45056,mobile,299,
user_00434,prod_00373,like,2026-02-09 11:41:18,sess_4904bfb2,mobile,178,
user_00016,prod_00423,view,2026-02-22 11:41:18,sess_40362f98,tablet,63,
user_00907,prod_00366,like,2026-02-26 11:41:18,sess_6117c868,desktop,213,
user_00729,prod_00149,view,2026-02-16 11:41:18,sess_023ddaf3,mobile,232,
user_00956,prod_00436,view,2026-02-12 11:41:18,sess_b122ea49,desktop,185,
user_00616,prod_00358,view,2026-02-16 11:41:18,sess_d7efe502,tablet,266,
user_00080,prod_00440,view,2026-03-13 11:41:18,sess_77e22952,tablet,83,
user_00458,prod_00225,view,2026-02-01 11:41:18,sess_0135467a,tablet,259,
user_00957,prod_00253,view,2026-03-07 11:41:18,sess_7a28128e,desktop,150,
user_00901,prod_00363,view,2026-01-24 11:41:18,sess_81d8b238,desktop,80,
user_00872,prod_00148,view,2026-01-29 11:41:18,sess_c2916b4b,tablet,24,
user_00018,prod_00253,like,2026-01-13 11:41:18,sess_7a45c464,desktop,285,
user_00853,prod_00159,view,2026-02-25 11:41:18,sess_27667b11,tablet,59,
user_00447,prod_00219,view,2026-01-17 11:41:18,sess_6b03d099,desktop,220,
user_00675,prod_00433,view,2026-02-16 11:41:18,sess_c479b78a,desktop,118,
user_00352,prod_00462,like,2026-02-25 11:41:18,sess_3d11d7b8,tablet,15,
user_00385,prod_00155,like,2026-01-27 11:41:18,sess_9f80f849,mobile,252,
user_00407,prod_00185,like,2026-03-16 11:41:18,sess_d7da33a4,tablet,108,
user_00283,prod_00053,purchase,2026-02-15 11:41:18,sess_1bcaa0a7,desktop,191,2.3
user_00247,prod_00405,view,2026-01-10 11:41:18,sess_6de345a1,desktop,191,
user_00946,prod_00223,like,2026-01-05 11:41:18,sess_c7e2f85c,mobile,109,
user_00382,prod_00407,view,2026-02-05 11:41:18,sess_cc75a49c,desktop,265,
user_00056,prod_00287,like,2026-01-15 11:41:18,sess_72fbc417,mobile,20,
user_00515,prod_00214,view,2026-03-20 11:41:18,sess_dbdf7b10,desktop,50,
user_00380,prod_00467,view,2026-01-18 11:41:18,sess_b52c813e,desktop,86,
user_00096,prod_00321,view,2026-03-02 11:41:18,sess_e3b7c992,desktop,289,
user_00393,prod_00455,like,2026-03-22 11:41:18,sess_53f76446,tablet,220,
user_00037,prod_00269,view,2026-03-27 11:41:18,sess_bdc93181,mobile,22,
user_00378,prod_00191,view,2026-03-19 11:41:18,sess_57d6dacd,mobile,194,
user_00862,prod_00105,view,2026-02-07 11:41:18,sess_8eaf511e,desktop,29,
user_00034,prod_00313,view,2026-02-28 11:41:18,sess_85772fec,tablet,116,
user_00964,prod_00293,view,2026-01-14 11:41:18,sess_20464b9f,mobile,99,
user_00932,prod_00002,view,2026-01-08 11:41:18,sess_c9a4b618,desktop,270,
user_00174,prod_00484,view,2026-01-11 11:41:18,sess_e35e1f5d,mobile,275,
user_00305,prod_00146,view,2026-02-06 11:41:18,sess_45fe0ac0,desktop,226,
user_00414,prod_00128,like,2026-01-20 11:41:18,sess_bca7a835,mobile,158,
user_00525,prod_00359,view,2026-03-07 11:41:18,sess_416ac939,tablet,212,
user_00446,prod_00150,view,2026-02-06 11:41:18,sess_eb390abc,desktop,145,
user_00869,prod_00016,view,2026-01-18 11:41:18,sess_daa0cc91,mobile,90,
user_00780,prod_00254,view,2026-02-02 11:41:18,sess_ed97ddd3,tablet,172,
user_00531,prod_00048,view,2026-02-20 11:41:18,sess_9fdf9b58,desktop,295,
user_00173,prod_00160,view,2026-01-05 11:41:18,sess_3d7ee96a,mobile,161,
user_00955,prod_00487,view,2026-01-11 11:41:18,sess_d7722acb,mobile,296,
user_00632,prod_00361,view,2026-02-17 11:41:18,sess_01a5ffd3,desktop,228,
user_00414,prod_00160,view,2026-02-23 11:41:18,sess_1602c199,mobile,83,
user_00642,prod_00194,like,2026-02-24 11:41:18,sess_f4a6fb00,tablet,203,
user_00400,prod_00215,cart,2026-01-21 11:41:18,sess_b2cbcd4c,mobile,76,
user_00591,prod_00401,view,2026-01-06 11:41:18,sess_8119658d,tablet,74,
user_00273,prod_00197,view,2026-03-24 11:41:18,sess_2fc40f30,mobile,244,
user_00213,prod_00118,purchase,2026-02-09 11:41:18,sess_c549b2c5,tablet,37,1.8
user_00424,prod_00252,like,2026-01-26 11:41:18,sess_567e736f,tablet,130,
user_00053,prod_00476,like,2026-02-17 11:41:18,sess_712249a3,tablet,235,
user_00679,prod_00205,like,2026-01-03 11:41:18,sess_d42e421d,mobile,32,
user_00908,prod_00181,view,2026-03-14 11:41:18,sess_d7cea9e0,desktop,250,
user_00668,prod_00218,view,2026-01-12 11:41:18,sess_cbad0a0f,desktop,114,
user_00992,prod_00213,view,2026-03-26 11:41:18,sess_5338c318,desktop,215,
user_00110,prod_00131,view,2026-02-26 11:41:18,sess_b95e78f4,desktop,95,
user_00044,prod_00032,view,2026-01-02 11:41:18,sess_b33a2557,tablet,225,
user_00454,prod_00129,like,2026-02-27 11:41:18,sess_ec20c784,desktop,47,
user_00647,prod_00295,view,2026-01-22 11:41:18,sess_6ac93387,desktop,16,
user_00824,prod_00175,view,2026-03-18 11:41:18,sess_46156cb9,mobile,119,
user_00325,prod_00451,view,2026-03-19 11:41:18,sess_35aae1b7,tablet,139,
user_00193,prod_00468,like,2026-01-29 11:41:18,sess_c3343391,desktop,215,
user_00728,prod_00105,like,2026-03-24 11:41:18,sess_7fb16309,desktop,70,
user_00213,prod_00105,view,2026-03-25 11:41:18,sess_97a3ddfd,tablet,263,
user_00631,prod_00497,purchase,2026-03-11 11:41:18,sess_5512d835,mobile,46,3.1
user_00358,prod_00236,view,2026-02-06 11:41:18,sess_10e5dcb9,desktop,15,
user_00342,prod_00434,view,2025-12-30 11:41:18,sess_5a3c3463,mobile,184,
user_00632,prod_00318,view,2026-03-16 11:41:18,sess_893368f5,desktop,115,
user_00325,prod_00463,view,2026-03-30 11:41:18,sess_f9468455,tablet,252,
user_00491,prod_00375,view,2026-03-25 11:41:18,sess_4ffeefaa,desktop,44,
user_00012,prod_00305,like,2026-01-19 11:41:18,sess_22f4ff24,tablet,238,
user_00295,prod_00174,cart,2026-02-01 11:41:18,sess_875e21e8,mobile,84,
user_00045,prod_00146,view,2026-03-14 11:41:18,sess_f2ffb904,desktop,149,
user_00255,prod_00410,view,2026-02-04 11:41:18,sess_85821838,desktop,184,
user_00408,prod_00439,view,2026-03-05 11:41:18,sess_905329a4,desktop,49,
user_00927,prod_00212,view,2026-03-28 11:41:18,sess_03d9c12b,desktop,79,
user_00257,prod_00233,view,2026-03-11 11:41:18,sess_617b4b5d,desktop,238,
user_00963,prod_00072,view,2026-02-07 11:41:18,sess_42e7364f,tablet,247,
user_00766,prod_00030,view,2026-02-18 11:41:18,sess_21cae675,mobile,8,
user_00008,prod_00456,like,2026-02-03 11:41:18,sess_3e0f43c4,tablet,254,
user_00043,prod_00219,view,2026-03-21 11:41:18,sess_f4623167,mobile,96,
user_00086,prod_00358,like,2026-03-05 11:41:18,sess_85324b74,mobile,128,
user_00374,prod_00410,view,2026-03-01 11:41:18,sess_68414579,tablet,123,
user_00018,prod_00323,view,2026-02-22 11:41:18,sess_b94e7e4d,tablet,168,
user_00992,prod_00042,view,2026-03-23 11:41:18,sess_644c1b9b,desktop,156,
user_00193,prod_00075,like,2026-03-08 11:41:18,sess_f73e0731,desktop,140,
user_00423,prod_00384,view,2026-01-02 11:41:18,sess_1aad2d58,desktop,61,
user_00588,prod_00013,like,2026-01-06 11:41:18,sess_4d0c80c4,mobile,170,
user_00728,prod_00157,cart,2026-01-12 11:41:18,sess_6e1616fc,mobile,102,
user_00292,prod_00201,like,2026-02-28 11:41:18,sess_94f34c9b,mobile,166,
user_00494,prod_00363,view,2026-03-06 11:41:18,sess_63f79bcb,desktop,32,
user_00003,prod_00296,view,2026-02-25 11:41:18,sess_0d37bed6,mobile,235,
user_00952,prod_00230,view,2026-03-12 11:41:18,sess_d55e1316,mobile,241,
user_00011,prod_00425,view,2026-03-16 11:41:18,sess_edbb8161,mobile,179,
user_00721,prod_00359,view,2026-01-02 11:41:18,sess_87460d85,mobile,113,
user_00943,prod_00467,view,2026-01-07 11:41:18,sess_66b67941,tablet,196,
user_00390,prod_00271,view,2026-01-12 11:41:18,sess_9fbbd645,desktop,196,
user_00038,prod_00182,view,2026-02-28 11:41:18,sess_257d5f3f,tablet,293,
user_00245,prod_00016,like,2026-01-14 11:41:18,sess_7c489510,mobile,198,
user_00622,prod_00394,view,2026-01-06 11:41:18,sess_bee34d39,mobile,254,
user_00603,prod_00109,view,2026-01-26 11:41:18,sess_8d99c337,mobile,270,
user_00617,prod_00366,cart,2026-02-14 11:41:18,sess_d83d3103,tablet,156,
user_00951,prod_00446,like,2026-03-05 11:41:18,sess_2411537f,desktop,244,
user_00022,prod_00340,like,2026-03-30 11:41:18,sess_04962ea1,tablet,138,
user_00402,prod_00093,view,2026-01-07 11:41:18,sess_68929327,desktop,222,
user_00151,prod_00335,view,2026-01-15 11:41:18,sess_0f9be1fb,tablet,86,
user_00421,prod_00014,like,2026-03-22 11:41:18,sess_517a0923,mobile,292,
user_00447,prod_00263,cart,2026-01-12 11:41:18,sess_6060e14a,mobile,228,
user_00859,prod_00002,view,2026-01-16 11:41:18,sess_f32bc7d0,mobile,289,
user_00069,prod_00335,view,2026-03-05 11:41:18,sess_51612093,mobile,260,
user_00707,prod_00208,view,2026-02-14 11:41:18,sess_6f897317,tablet,273,
user_00473,prod_00239,purchase,2026-01-04 11:41:18,sess_fc5bb1a5,tablet,242,1.5
user_00395,prod_00260,cart,2026-01-17 11:41:18,sess_e92f3897,desktop,223,
user_00664,prod_00336,view,2026-03-27 11:41:18,sess_6843c8c4,desktop,235,
user_00208,prod_00326,like,2026-01-17 11:41:18,sess_b0de4862,tablet,62,
user_00608,prod_00419,view,2026-02-13 11:41:18,sess_faa2ab1e,mobile,109,
user_00378,prod_00206,like,2026-01-05 11:41:18,sess_0a823129,desktop,149,
user_00749,prod_00272,view,2026-03-24 11:41:18,sess_78b1f5f7,desktop,187,
user_00109,prod_00218,like,2026-02-05 11:41:18,sess_57fbe60b,tablet,247,
user_00194,prod_00186,view,2026-03-16 11:41:18,sess_bb3dd097,desktop,259,
user_00269,prod_00261,like,2026-02-28 11:41:18,sess_46f8e1e4,desktop,175,
user_00671,prod_00282,view,2026-02-28 11:41:18,sess_282fdaa6,desktop,202,
user_00619,prod_00297,like,2026-03-26 11:41:18,sess_3e214cdf,mobile,107,
user_00064,prod_00357,like,2026-03-11 11:41:18,sess_1f3c0060,desktop,256,
user_00115,prod_00296,view,2026-01-15 11:41:18,sess_dee8e459,tablet,101,
user_00216,prod_00190,view,2026-03-03 11:41:18,sess_ff205907,tablet,44,
user_00252,prod_00392,view,2026-03-25 11:41:18,sess_c51e8577,desktop,206,
user_00544,prod_00068,view,2026-02-28 11:41:18,sess_26acc127,desktop,174,
user_00183,prod_00217,view,2026-01-13 11:41:18,sess_b2219d4d,tablet,146,
user_00795,prod_00282,view,2026-01-25 11:41:18,sess_d01806df,mobile,63,
user_00191,prod_00286,view,2026-01-04 11:41:18,sess_0e84b50a,tablet,105,
user_00298,prod_00382,view,2026-03-01 11:41:18,sess_78d7d782,tablet,89,
user_00820,prod_00066,view,2026-03-20 11:41:18,sess_744750e2,desktop,240,
user_00523,prod_00221,cart,2026-02-27 11:41:18,sess_a80b2630,tablet,146,
user_00703,prod_00370,view,2026-01-07 11:41:18,sess_3e2b7341,tablet,33,
user_00324,prod_00167,view,2026-01-26 11:41:18,sess_b86301b3,tablet,252,
user_00800,prod_00433,view,2026-03-04 11:41:18,sess_0dcad923,mobile,69,
user_00686,prod_00155,view,2026-02-18 11:41:18,sess_f7ba056d,mobile,184,
user_00254,prod_00258,view,2026-02-16 11:41:18,sess_8b427245,desktop,185,
user_00033,prod_00439,purchase,2026-02-24 11:41:18,sess_8d1efb02,tablet,22,3.9
user_00193,prod_00195,view,2026-02-13 11:41:18,sess_eb683aa7,desktop,100,
user_00904,prod_00314,view,2026-01-16 11:41:18,sess_626d7cda,mobile,213,
user_00549,prod_00194,like,2026-02-17 11:41:18,sess_46c7a7de,mobile,209,
user_00587,prod_00389,view,2026-01-15 11:41:18,sess_07bf66db,tablet,144,
user_00273,prod_00411,view,2026-03-22 11:41:18,sess_f04b773d,mobile,158,
user_00150,prod_00440,like,2026-03-06 11:41:18,sess_6966ed88,desktop,147,
user_00862,prod_00300,view,2026-03-30 11:41:18,sess_dec6079b,mobile,273,
user_00819,prod_00037,view,2026-01-10 11:41:18,sess_9240faf0,tablet,63,
user_00220,prod_00492,like,2026-02-11 11:41:18,sess_ef224cb5,desktop,169,
user_00216,prod_00271,purchase,2026-03-19 11:41:18,sess_e1a0908e,desktop,260,1.2
user_00194,prod_00154,view,2026-03-24 11:41:18,sess_1bb6a333,tablet,52,
user_00892,prod_00429,view,2026-01-02 11:41:18,sess_0f712016,mobile,201,
user_00192,prod_00155,like,2026-03-30 11:41:18,sess_32262cb3,mobile,68,
user_00851,prod_00119,like,2025-12-31 11:41:18,sess_4c6a778e,mobile,78,
user_00680,prod_00128,view,2026-03-20 11:41:18,sess_e80c3c92,desktop,131,
user_00683,prod_00152,view,2026-02-09 11:41:18,sess_f8a5abf3,mobile,179,
user_00854,prod_00475,view,2026-03-24 11:41:18,sess_32e33b32,tablet,30,
user_00428,prod_00026,like,2026-03-24 11:41:18,sess_05634310,desktop,300,
user_00793,prod_00184,view,2026-02-15 11:41:18,sess_0335deee,mobile,43,
user_00266,prod_00324,cart,2026-03-09 11:41:18,sess_0a2d3880,mobile,154,
user_00649,prod_00055,view,2026-03-22 11:41:18,sess_7019cd14,desktop,268,
user_00043,prod_00464,view,2026-01-04 11:41:18,sess_8813fab0,mobile,275,
user_00750,prod_00489,view,2026-03-06 11:41:18,sess_aa563c72,mobile,105,
user_00446,prod_00201,cart,2026-01-23 11:41:18,sess_afa7e5f3,desktop,39,
user_00337,prod_00464,view,2026-02-18 11:41:18,sess_622dbfe9,tablet,64,
user_00450,prod_00332,view,2026-01-29 11:41:18,sess_2d0944fa,tablet,92,
user_00580,prod_00031,view,2026-02-20 11:41:18,sess_08146cfe,tablet,96,
user_00175,prod_00044,view,2026-03-17 11:41:18,sess_1cc0772d,tablet,149,
user_00164,prod_00293,view,2026-02-21 11:41:18,sess_b4300f94,mobile,150,
user_00008,prod_00385,view,2026-01-24 11:41:18,sess_ca831907,desktop,208,
user_00923,prod_00296,view,2026-02-22 11:41:18,sess_3c802cdc,mobile,216,
user_00330,prod_00079,like,2026-03-27 11:41:18,sess_d27106b3,mobile,235,
user_00310,prod_00456,view,2026-01-10 11:41:18,sess_2ca54f5d,tablet,159,
user_00719,prod_00158,view,2026-01-25 11:41:18,sess_4d59cabc,tablet,271,
user_00401,prod_00207,view,2026-01-20 11:41:18,sess_e3646a5f,mobile,282,
user_00151,prod_00238,like,2026-02-09 11:41:18,sess_e6e40bc6,desktop,172,
user_00973,prod_00311,like,2026-01-08 11:41:18,sess_9d6a5f10,tablet,68,
user_00931,prod_00495,view,2026-03-11 11:41:18,sess_00d2c585,tablet,63,
user_00574,prod_00336,cart,2026-03-23 11:41:18,sess_982512b4,tablet,166,
user_00904,prod_00071,view,2026-02-07 11:41:18,sess_c2e079bb,tablet,92,
user_00909,prod_00494,view,2026-01-20 11:41:18,sess_55cbab67,desktop,11,
user_00745,prod_00065,like,2026-02-08 11:41:18,sess_6fb35e0c,mobile,206,
user_00489,prod_00427,view,2026-03-10 11:41:18,sess_5a45b728,mobile,76,
user_00321,prod_00127,view,2026-01-21 11:41:18,sess_ea0905a1,desktop,230,
user_00820,prod_00021,view,2026-03-27 11:41:18,sess_cf00dcf5,desktop,73,
user_00634,prod_00471,view,2026-01-08 11:41:18,sess_a8a26e00,tablet,279,
user_00506,prod_00328,like,2026-01-20 11:41:18,sess_f37d3d08,tablet,260,
user_00499,prod_00442,view,2026-02-01 11:41:18,sess_73b11d3e,tablet,178,
user_00183,prod_00407,cart,2026-02-28 11:41:18,sess_4c100b6a,mobile,23,
user_00904,prod_00406,cart,2026-01-03 11:41:18,sess_8fe735e4,tablet,257,
user_00990,prod_00470,view,2026-01-30 11:41:18,sess_898482cc,mobile,181,
user_00284,prod_00094,view,2026-03-22 11:41:18,sess_41998b69,desktop,277,
user_00607,prod_00344,view,2026-01-27 11:41:18,sess_875196a5,desktop,124,
user_00595,prod_00283,view,2026-03-02 11:41:18,sess_242e9a4b,tablet,57,
user_00825,prod_00283,like,2026-02-10 11:41:18,sess_1db273b3,tablet,103,
user_00994,prod_00344,like,2026-01-23 11:41:18,sess_795b8a78,mobile,249,
user_00906,prod_00378,view,2026-01-06 11:41:18,sess_427fd274,mobile,185,
user_00926,prod_00469,like,2026-01-12 11:41:18,sess_48a6caa6,desktop,125,
user_00073,prod_00421,like,2026-01-03 11:41:18,sess_36978975,mobile,102,
user_00327,prod_00128,like,2026-01-29 11:41:18,sess_e02bddeb,tablet,6,
user_00508,prod_00246,view,2026-01-18 11:41:18,sess_9fbca516,tablet,157,
user_00580,prod_00145,view,2026-02-14 11:41:18,sess_8afec04a,desktop,198,
user_00517,prod_00214,view,2026-03-21 11:41:18,sess_fbe45b45,mobile,284,
user_00957,prod_00006,like,2026-02-26 11:41:18,sess_07a02cff,tablet,148,
user_00758,prod_00184,like,2026-02-16 11:41:18,sess_b31cf5f8,desktop,56,
user_00201,prod_00419,like,2026-02-14 11:41:18,sess_b4f268cd,desktop,54,
user_00596,prod_00212,view,2026-02-13 11:41:18,sess_76e1a736,mobile,55,
user_00027,prod_00306,view,2026-02-15 11:41:18,sess_a8e13013,mobile,122,
user_00882,prod_00414,view,2026-02-13 11:41:18,sess_9c497d7f,tablet,10,
user_00966,prod_00437,like,2026-01-26 11:41:18,sess_6bfee3b5,mobile,77,
user_00243,prod_00134,view,2025-12-31 11:41:18,sess_d8283c3f,desktop,262,
user_00806,prod_00415,like,2026-03-05 11:41:18,sess_1b36a286,tablet,93,
user_00222,prod_00325,view,2026-03-20 11:41:18,sess_16f7a1cf,desktop,37,
user_00909,prod_00406,view,2026-02-19 11:41:18,sess_5844877b,tablet,231,
user_00760,prod_00350,like,2026-03-10 11:41:18,sess_be06a9ae,desktop,167,
user_00971,prod_00298,view,2026-01-26 11:41:18,sess_5cfce7ab,mobile,41,
user_00090,prod_00157,view,2026-03-17 11:41:18,sess_213f6ea1,mobile,278,
user_00516,prod_00207,cart,2026-02-03 11:41:18,sess_c9098eb4,tablet,176,
user_00801,prod_00498,view,2026-03-27 11:41:18,sess_bf571f0e,mobile,125,
user_00834,prod_00476,view,2026-03-28 11:41:18,sess_7a4ac9d6,mobile,218,
user_00305,prod_00281,like,2026-03-14 11:41:18,sess_d15cc560,mobile,261,
user_00157,prod_00156,cart,2026-03-19 11:41:18,sess_cd284b2b,desktop,28,
user_00138,prod_00266,cart,2026-01-08 11:41:18,sess_bd823cd0,tablet,245,
user_00546,prod_00229,view,2026-03-22 11:41:18,sess_46d8481a,desktop,295,
user_00622,prod_00294,like,2026-03-14 11:41:18,sess_208b8bb8,mobile,148,
user_00193,prod_00330,view,2026-02-26 11:41:18,sess_6f4a13db,mobile,109,
user_00315,prod_00157,view,2026-02-06 11:41:18,sess_efa906e9,desktop,38,
user_00892,prod_00024,view,2026-02-08 11:41:18,sess_a5058a45,mobile,38,
user_00013,prod_00323,view,2026-03-15 11:41:18,sess_7600ad1e,mobile,177,
user_00376,prod_00171,view,2026-03-13 11:41:18,sess_40c88715,mobile,246,
user_00779,prod_00500,view,2026-03-14 11:41:18,sess_5dfad585,tablet,123,
user_00612,prod_00492,view,2026-01-01 11:41:18,sess_6b17bfc8,desktop,71,
user_00673,prod_00044,view,2026-03-21 11:41:18,sess_4f3ca739,tablet,272,
user_00820,prod_00392,like,2026-01-27 11:41:18,sess_2f78e835,desktop,248,
user_00754,prod_00225,like,2026-01-05 11:41:18,sess_eb30fa70,mobile,70,
user_00809,prod_00110,view,2026-01-16 11:41:18,sess_6b07b370,mobile,238,
user_00659,prod_00326,view,2026-01-25 11:41:18,sess_276c0974,desktop,120,
user_00040,prod_00141,view,2026-02-26 11:41:18,sess_82136b0b,desktop,179,
user_00758,prod_00257,purchase,2026-01-31 11:41:18,sess_a935849d,tablet,119,2.1
user_00552,prod_00285,view,2026-01-15 11:41:18,sess_7bbc1f8a,tablet,211,
user_00798,prod_00160,view,2026-01-08 11:41:18,sess_201eea11,mobile,183,
user_00898,prod_00249,view,2026-01-10 11:41:18,sess_2019dbcc,mobile,296,
user_00109,prod_00393,view,2026-02-08 11:41:18,sess_036c4e62,tablet,76,
user_00034,prod_00186,like,2026-01-15 11:41:18,sess_09080eec,mobile,234,
user_00084,prod_00346,view,2026-02-06 11:41:18,sess_69d2b18f,mobile,269,
user_00322,prod_00434,cart,2026-03-24 11:41:18,sess_d804975d,tablet,244,
user_00987,prod_00326,like,2026-02-23 11:41:18,sess_1c7358f1,mobile,33,
user_00704,prod_00459,view,2026-01-06 11:41:18,sess_8ae2fef1,desktop,177,
user_00774,prod_00113,view,2026-03-26 11:41:18,sess_513aabf7,desktop,269,
user_00726,prod_00304,view,2025-12-31 11:41:18,sess_39b91f91,tablet,274,
user_00551,prod_00498,view,2026-03-13 11:41:18,sess_c95aa717,mobile,21,
user_00759,prod_00020,purchase,2026-02-23 11:41:18,sess_6dd94f65,mobile,163,3.0
user_00994,prod_00035,like,2026-02-02 11:41:18,sess_dc898931,desktop,256,
user_00551,prod_00355,like,2026-03-28 11:41:18,sess_4318693d,tablet,164,
user_00566,prod_00219,view,2026-01-23 11:41:18,sess_3ea6eb16,desktop,136,
user_00974,prod_00140,cart,2026-02-21 11:41:18,sess_d6f2e500,desktop,259,
user_00061,prod_00357,view,2026-02-05 11:41:18,sess_cf176f8b,desktop,47,
user_00118,prod_00413,like,2026-03-29 11:41:18,sess_914847c1,mobile,129,
user_00161,prod_00168,like,2026-03-02 11:41:18,sess_83fd2cea,mobile,242,
user_00251,prod_00069,like,2026-01-17 11:41:18,sess_66cafe33,tablet,252,
user_00674,prod_00457,view,2026-01-03 11:41:18,sess_18b12a84,mobile,114,
user_00655,prod_00398,view,2026-03-01 11:41:18,sess_0eb65e07,tablet,56,
user_00823,prod_00238,view,2026-01-25 11:41:18,sess_165f9be0,tablet,298,
user_00147,prod_00134,like,2026-02-22 11:41:18,sess_1665d6a8,tablet,67,
user_00108,prod_00476,view,2026-01-24 11:41:18,sess_e5bcb637,desktop,152,
user_00251,prod_00070,view,2026-02-25 11:41:18,sess_c765d148,desktop,199,
user_00836,prod_00191,view,2026-03-15 11:41:18,sess_9f81c38b,mobile,242,
user_00377,prod_00305,purchase,2026-02-24 11:41:18,sess_69b5f094,mobile,240,2.1
user_00747,prod_00432,view,2026-02-10 11:41:18,sess_6793992c,tablet,245,
user_00304,prod_00015,view,2026-03-13 11:41:18,sess_6ad88d9e,desktop,51,
user_00897,prod_00333,view,2026-03-21 11:41:18,sess_962a8508,desktop,137,
user_00112,prod_00327,view,2026-03-27 11:41:18,sess_a6e251dc,tablet,75,
user_00029,prod_00195,view,2026-02-27 11:41:18,sess_3f94911d,tablet,210,
user_00666,prod_00299,view,2026-03-26 11:41:18,sess_3d6c05e0,desktop,70,
user_00181,prod_00039,view,2026-01-07 11:41:18,sess_d8c305ed,desktop,229,
user_00670,prod_00485,like,2026-02-25 11:41:18,sess_de93db8b,tablet,74,
user_00324,prod_00397,view,2026-02-06 11:41:18,sess_14405c18,mobile,165,
user_00685,prod_00392,view,2026-03-12 11:41:18,sess_b418d01a,desktop,48,
user_00547,prod_00141,view,2026-02-02 11:41:18,sess_bd715230,desktop,279,
user_00995,prod_00079,view,2026-01-07 11:41:18,sess_27899b4a,tablet,193,
user_00062,prod_00274,view,2026-01-11 11:41:18,sess_581c9582,tablet,164,
user_00991,prod_00017,cart,2026-02-14 11:41:18,sess_0fe1c6ea,tablet,194,
user_00608,prod_00118,view,2026-01-01 11:41:18,sess_ca4f22d9,mobile,175,
user_00897,prod_00331,view,2026-03-27 11:41:18,sess_f38f1f34,desktop,19,
user_00949,prod_00413,view,2026-01-26 11:41:18,sess_fa6f8733,tablet,265,
user_00091,prod_00300,like,2026-02-21 11:41:18,sess_194a3cec,mobile,188,
user_00186,prod_00144,view,2026-01-28 11:41:18,sess_6a2cc664,desktop,151,
user_00798,prod_00466,view,2026-02-25 11:41:18,sess_848c1ca2,tablet,130,
user_00035,prod_00157,view,2026-03-24 11:41:18,sess_c7021949,mobile,227,
user_00009,prod_00198,view,2026-01-20 11:41:18,sess_0e02a0d6,desktop,69,
user_00984,prod_00380,view,2026-02-12 11:41:18,sess_934e6125,mobile,259,
user_00474,prod_00304,like,2026-01-06 11:41:18,sess_d3308c12,desktop,199,
user_00022,prod_00299,view,2026-03-28 11:41:18,sess_eda10efe,desktop,17,
user_00480,prod_00081,view,2026-02-13 11:41:18,sess_7b34297f,tablet,106,
user_00618,prod_00223,view,2026-02-03 11:41:18,sess_55b36f63,mobile,298,
user_00854,prod_00315,view,2026-01-09 11:41:18,sess_fbdb1a81,tablet,134,
user_00480,prod_00016,view,2026-02-08 11:41:18,sess_ac028d09,mobile,189,
user_00685,prod_00481,like,2026-02-08 11:41:18,sess_d23f2930,mobile,116,
user_00135,prod_00191,view,2026-03-01 11:41:18,sess_d55e7755,tablet,157,
user_00253,prod_00346,like,2026-01-16 11:41:18,sess_587cf7b5,desktop,84,
user_00703,prod_00474,view,2026-01-26 11:41:18,sess_8d67f1dd,tablet,140,
user_00584,prod_00213,view,2026-02-19 11:41:18,sess_833802d0,tablet,186,
user_00729,prod_00320,like,2026-03-08 11:41:18,sess_57ff4c15,desktop,103,
user_00744,prod_00056,like,2026-01-05 11:41:18,sess_8b96ff15,mobile,229,
user_00747,prod_00055,view,2026-03-12 11:41:18,sess_609504db,tablet,148,
user_00924,prod_00013,view,2026-03-04 11:41:18,sess_229278b3,desktop,71,
user_00488,prod_00199,view,2026-02-24 11:41:18,sess_ae027e5f,tablet,20,
user_00785,prod_00342,like,2026-02-15 11:41:18,sess_64c247e6,tablet,192,
user_00102,prod_00042,view,2026-03-01 11:41:18,sess_9e44e68a,tablet,45,
user_00980,prod_00063,view,2026-03-13 11:41:18,sess_6560f4b8,tablet,72,
user_00545,prod_00368,view,2026-01-06 11:41:18,sess_4d5dceb8,desktop,178,
user_00602,prod_00183,like,2026-03-13 11:41:18,sess_d6e11380,desktop,220,
user_00503,prod_00247,view,2026-01-10 11:41:18,sess_7f08cf05,mobile,167,
user_00716,prod_00136,like,2026-01-31 11:41:18,sess_1ad4bcdb,mobile,73,
user_00733,prod_00226,view,2026-01-15 11:41:18,sess_3e729959,mobile,45,
user_00845,prod_00491,view,2026-03-29 11:41:18,sess_1555d135,mobile,199,
user_00002,prod_00251,cart,2026-03-06 11:41:18,sess_ea00f944,tablet,133,
user_00977,prod_00357,like,2026-02-15 11:41:18,sess_fe01bee7,mobile,259,
user_00070,prod_00185,view,2026-03-16 11:41:18,sess_28aba3e6,mobile,187,
user_00186,prod_00003,view,2026-01-31 11:41:18,sess_0771c659,mobile,20,
user_00682,prod_00415,view,2026-01-10 11:41:18,sess_7077dd28,mobile,124,
user_00479,prod_00231,view,2026-03-14 11:41:18,sess_bd747c22,tablet,248,
user_00198,prod_00456,like,2026-03-24 11:41:18,sess_9aa1ccf7,mobile,237,
user_00686,prod_00468,view,2025-12-31 11:41:18,sess_56feab2a,mobile,274,
user_00153,prod_00211,view,2026-03-23 11:41:18,sess_3ff89119,desktop,82,
user_00177,prod_00015,view,2026-03-10 11:41:18,sess_61801343,mobile,272,
user_00599,prod_00433,view,2026-02-27 11:41:18,sess_3b6ee5fa,tablet,170,
user_00584,prod_00212,view,2026-03-04 11:41:18,sess_44b90d6e,mobile,172,
user_00831,prod_00318,cart,2026-02-12 11:41:18,sess_afadaeab,desktop,20,
user_00203,prod_00086,view,2026-01-19 11:41:18,sess_58934182,tablet,280,
user_00059,prod_00407,like,2026-03-22 11:41:18,sess_9076d33f,desktop,177,
user_00013,prod_00087,view,2026-03-02 11:41:18,sess_d3c42030,mobile,29,
user_00455,prod_00263,view,2026-02-14 11:41:18,sess_63bb3e07,tablet,253,
user_00333,prod_00175,cart,2026-02-15 11:41:18,sess_9ae1f295,tablet,54,
user_00311,prod_00172,view,2026-02-02 11:41:18,sess_7ce71c33,mobile,132,
user_00401,prod_00212,view,2026-03-14 11:41:18,sess_bda0b379,desktop,96,
user_00514,prod_00220,view,2026-03-15 11:41:18,sess_018442f0,desktop,73,
user_00041,prod_00158,view,2026-02-24 11:41:18,sess_4bada33e,tablet,170,
user_00936,prod_00024,cart,2026-01-27 11:41:18,sess_46aa7560,desktop,138,
user_00679,prod_00100,view,2026-03-05 11:41:18,sess_07a979f0,tablet,151,
user_00110,prod_00218,view,2026-03-26 11:41:18,sess_adc6330c,desktop,289,
user_00916,prod_00348,view,2025-12-31 11:41:18,sess_f9d8241f,desktop,277,
user_00323,prod_00229,view,2026-03-19 11:41:18,sess_dc7861c4,mobile,207,
user_00662,prod_00416,view,2026-03-11 11:41:18,sess_4ee56206,desktop,153,
user_00973,prod_00047,view,2026-01-06 11:41:18,sess_39c37200,tablet,235,
user_00551,prod_00313,view,2026-01-29 11:41:18,sess_cae94823,mobile,42,
user_00991,prod_00082,view,2026-03-16 11:41:18,sess_82ed79d7,desktop,141,
user_00365,prod_00347,like,2026-02-02 11:41:18,sess_e2caddf6,tablet,12,
user_00277,prod_00226,view,2026-01-28 11:41:18,sess_b3e1be94,tablet,107,
user_00399,prod_00177,like,2026-01-15 11:41:18,sess_4cc4300a,mobile,226,
user_00922,prod_00357,like,2026-03-02 11:41:18,sess_7a67f411,tablet,86,
user_00481,prod_00488,like,2026-02-12 11:41:18,sess_61373f67,desktop,252,
user_00190,prod_00038,cart,2026-01-19 11:41:18,sess_540ef975,desktop,239,
user_00676,prod_00260,cart,2026-03-01 11:41:18,sess_51493276,mobile,161,
user_00186,prod_00175,view,2026-03-30 11:41:18,sess_f05c71c1,tablet,281,
user_00804,prod_00371,like,2026-01-21 11:41:18,sess_cdfcfe69,mobile,213,
user_00670,prod_00311,view,2026-03-04 11:41:18,sess_c5ac109f,mobile,108,
user_00924,prod_00466,view,2026-02-27 11:41:18,sess_ce8aed84,tablet,212,
user_00347,prod_00335,view,2026-01-24 11:41:18,sess_7a754965,desktop,227,
user_00750,prod_00480,view,2026-01-03 11:41:18,sess_2e38e3f7,tablet,232,
user_00887,prod_00369,cart,2026-01-26 11:41:18,sess_0bad4f37,mobile,223,
user_00046,prod_00013,view,2026-02-10 11:41:18,sess_436ee1a2,mobile,147,
user_00807,prod_00123,cart,2026-03-24 11:41:18,sess_dffddc06,desktop,45,
user_00748,prod_00445,like,2026-02-09 11:41:18,sess_8e529043,tablet,229,
user_00085,prod_00339,view,2025-12-31 11:41:18,sess_8f1d4104,desktop,228,
user_00191,prod_00448,like,2026-02-20 11:41:18,sess_037eb795,mobile,171,
user_00262,prod_00498,like,2026-03-11 11:41:18,sess_77b26f58,desktop,281,
user_00742,prod_00256,view,2026-03-09 11:41:18,sess_97f47433,desktop,264,
user_00371,prod_00452,view,2026-02-26 11:41:18,sess_8db6e254,mobile,262,
user_00513,prod_00241,view,2025-12-30 11:41:18,sess_59ea3f3b,desktop,297,
user_00177,prod_00043,view,2026-03-02 11:41:18,sess_5d153754,tablet,273,
user_00919,prod_00431,view,2026-01-17 11:41:18,sess_8fab1c3e,mobile,12,
user_00473,prod_00358,view,2026-03-13 11:41:18,sess_49fe365e,tablet,8,
user_00297,prod_00368,like,2026-02-05 11:41:18,sess_4bc7904e,desktop,252,
user_00073,prod_00187,view,2026-01-30 11:41:18,sess_77f70be9,tablet,199,
user_00400,prod_00004,view,2026-01-19 11:41:18,sess_fd7fdaac,tablet,123,
user_00591,prod_00044,view,2026-02-19 11:41:18,sess_5982d7a2,desktop,230,
user_00669,prod_00206,like,2026-02-07 11:41:18,sess_3d1db478,desktop,247,
user_00737,prod_00222,view,2026-02-26 11:41:18,sess_f9aee09d,desktop,206,
user_00048,prod_00288,view,2026-01-25 11:41:18,sess_d52dc8cd,tablet,180,
user_00871,prod_00329,view,2026-02-19 11:41:18,sess_24cf4e7c,desktop,169,
user_00949,prod_00095,view,2026-03-23 11:41:18,sess_1fa2fe50,desktop,298,
user_00639,prod_00276,view,2026-01-14 11:41:18,sess_2d2aaa87,tablet,261,
user_00500,prod_00074,view,2026-02-23 11:41:18,sess_f508a4df,mobile,90,
user_00006,prod_00221,view,2026-01-19 11:41:18,sess_7e890ada,desktop,25,
user_00425,prod_00456,view,2026-01-21 11:41:18,sess_bc3aebbf,desktop,123,
user_00661,prod_00270,purchase,2026-01-28 11:41:18,sess_3ab6b115,mobile,161,2.7
user_00984,prod_00222,view,2026-02-27 11:41:18,sess_750bba56,mobile,49,
user_00264,prod_00127,view,2026-01-20 11:41:18,sess_de02a011,tablet,102,
user_00581,prod_00421,view,2026-03-28 11:41:18,sess_b8ccca55,mobile,60,
user_00944,prod_00058,view,2026-02-07 11:41:18,sess_861ec3ec,desktop,133,
user_00514,prod_00273,view,2026-01-26 11:41:18,sess_7078dcf5,desktop,195,
user_00137,prod_00357,view,2026-01-17 11:41:18,sess_47820036,desktop,58,
user_00352,prod_00039,view,2026-01-12 11:41:18,sess_6426175c,desktop,134,
user_00355,prod_00233,view,2026-02-01 11:41:18,sess_a5899741,tablet,284,
user_00205,prod_00333,cart,2026-02-28 11:41:18,sess_bbc3c8cf,desktop,183,
user_00993,prod_00204,like,2026-01-05 11:41:18,sess_96232db2,mobile,282,
user_00730,prod_00413,like,2026-02-26 11:41:18,sess_dc072c52,mobile,242,
user_00670,prod_00274,view,2026-01-02 11:41:18,sess_1b090152,desktop,28,
user_00710,prod_00063,like,2026-02-25 11:41:18,sess_50aa91c5,desktop,161,
user_00650,prod_00241,like,2026-01-02 11:41:18,sess_feaace94,tablet,150,
user_00141,prod_00221,like,2026-03-06 11:41:18,sess_feaad561,desktop,251,
user_00579,prod_00373,view,2026-03-30 11:41:18,sess_a892131e,mobile,258,
user_00833,prod_00040,view,2026-01-10 11:41:18,sess_875834ad,desktop,70,
user_00857,prod_00005,view,2026-01-05 11:41:18,sess_e2e81f8d,desktop,86,
user_00104,prod_00469,view,2026-02-12 11:41:18,sess_bc67e514,tablet,43,
user_00586,prod_00022,like,2026-02-19 11:41:18,sess_fe91cce7,tablet,143,
user_00428,prod_00353,view,2026-03-18 11:41:18,sess_5e7ca202,desktop,177,
user_00436,prod_00209,view,2026-02-28 11:41:18,sess_d757ef7e,tablet,113,
user_00695,prod_00181,view,2026-02-22 11:41:18,sess_63589182,mobile,72,
user_00393,prod_00066,view,2026-01-21 11:41:18,sess_72ed1798,mobile,146,
user_00015,prod_00121,view,2026-02-18 11:41:18,sess_ad44e606,desktop,274,
user_00859,prod_00146,view,2026-03-10 11:41:18,sess_ad74716d,mobile,77,
user_00906,prod_00145,view,2026-02-14 11:41:18,sess_297e4a9b,mobile,254,
user_00287,prod_00189,like,2026-02-27 11:41:18,sess_6b0c6686,mobile,268,
user_00056,prod_00438,view,2026-02-25 11:41:18,sess_e81ff0e0,desktop,7,
user_00310,prod_00476,view,2026-01-10 11:41:18,sess_08a9431d,mobile,244,
user_00496,prod_00050,view,2026-02-16 11:41:18,sess_338a1f45,tablet,128,
user_00962,prod_00476,like,2026-03-02 11:41:18,sess_fffa6541,desktop,228,
user_00364,prod_00176,view,2026-03-22 11:41:18,sess_0f34ec88,desktop,70,
user_00455,prod_00183,like,2026-03-17 11:41:18,sess_648a28c7,desktop,244,
user_00961,prod_00050,like,2026-01-02 11:41:18,sess_2857f9eb,mobile,116,
user_00818,prod_00396,view,2026-03-08 11:41:18,sess_78761d38,desktop,31,
user_00853,prod_00072,view,2026-01-07 11:41:18,sess_effd4b73,mobile,111,
user_00906,prod_00131,view,2026-01-17 11:41:18,sess_89427fb8,mobile,228,
user_00162,prod_00242,view,2026-02-22 11:41:18,sess_caeb8438,desktop,247,
user_00194,prod_00111,like,2026-03-25 11:41:18,sess_f240e251,mobile,235,
user_00942,prod_00058,view,2026-02-02 11:41:18,sess_8b436b3c,desktop,129,
user_00581,prod_00357,view,2026-01-04 11:41:18,sess_b1feb999,mobile,152,
user_00822,prod_00093,cart,2026-01-03 11:41:18,sess_bca5d41b,mobile,95,
user_00035,prod_00427,like,2026-03-19 11:41:18,sess_75666f8a,mobile,6,
user_00735,prod_00142,view,2026-02-26 11:41:18,sess_a4ed8e25,mobile,205,
user_00274,prod_00149,view,2026-03-10 11:41:18,sess_37101586,tablet,293,
user_00828,prod_00407,view,2026-02-26 11:41:18,sess_12da1ffc,mobile,85,
user_00707,prod_00390,view,2026-01-30 11:41:18,sess_88635361,tablet,81,
user_00170,prod_00471,view,2026-01-25 11:41:18,sess_f884a0c0,mobile,168,
user_00161,prod_00237,like,2026-02-01 11:41:18,sess_14858b61,tablet,168,
user_00685,prod_00247,view,2026-03-03 11:41:18,sess_21f40dd5,mobile,281,
user_00769,prod_00191,view,2026-03-25 11:41:18,sess_d85339a7,tablet,27,
user_00922,prod_00031,view,2026-03-13 11:41:18,sess_f516f00a,desktop,268,
user_00749,prod_00441,view,2026-01-29 11:41:18,sess_f69e90e7,desktop,174,
user_00291,prod_00207,view,2026-03-15 11:41:18,sess_658e2149,desktop,89,
user_00567,prod_00337,like,2026-02-23 11:41:18,sess_8ff71d54,desktop,115,
user_00226,prod_00095,like,2026-01-04 11:41:18,sess_fb719025,desktop,275,
user_00292,prod_00481,view,2026-02-06 11:41:18,sess_0f838ce1,tablet,107,
user_00341,prod_00062,view,2026-03-04 11:41:18,sess_1290a1ff,desktop,39,
user_00838,prod_00264,view,2026-01-26 11:41:18,sess_ba0a3e2c,desktop,296,
user_00691,prod_00198,like,2026-02-06 11:41:18,sess_ed2c244c,desktop,215,
user_00013,prod_00022,like,2026-03-07 11:41:18,sess_ee06e366,tablet,207,
user_00755,prod_00140,view,2026-03-19 11:41:18,sess_d62c624a,mobile,293,
user_00164,prod_00095,view,2026-02-25 11:41:18,sess_cff8ebd8,desktop,185,
user_00492,prod_00470,like,2026-03-01 11:41:18,sess_76280530,desktop,208,
user_00424,prod_00024,view,2026-03-12 11:41:18,sess_d33d2a7b,desktop,162,
user_00220,prod_00030,view,2026-01-29 11:41:18,sess_c0ce63d0,mobile,284,
user_00080,prod_00113,view,2026-01-14 11:41:18,sess_127ca14a,tablet,78,
user_00125,prod_00009,view,2026-03-11 11:41:18,sess_f1666320,desktop,102,
user_00621,prod_00079,view,2026-02-11 11:41:18,sess_ae1c3308,mobile,49,
user_00734,prod_00345,view,2026-03-13 11:41:18,sess_6a9b0a9f,tablet,138,
user_00027,prod_00236,view,2026-01-04 11:41:18,sess_5446839e,tablet,173,
user_00203,prod_00309,like,2026-01-05 11:41:18,sess_4a3833d6,tablet,155,
user_00770,prod_00256,view,2026-01-10 11:41:18,sess_475e3cbb,mobile,30,
user_00974,prod_00225,view,2026-02-07 11:41:18,sess_e3016acb,desktop,205,
user_00387,prod_00312,view,2026-03-02 11:41:18,sess_e30578d7,desktop,7,
user_00697,prod_00496,view,2026-02-06 11:41:18,sess_100c76d3,tablet,86,
user_00900,prod_00350,cart,2026-02-17 11:41:18,sess_6c42bdb3,desktop,97,
user_00343,prod_00404,view,2026-01-28 11:41:18,sess_d7b969f5,mobile,198,
user_00390,prod_00290,view,2026-03-12 11:41:18,sess_4dea336f,desktop,234,
user_00753,prod_00418,view,2026-01-09 11:41:18,sess_ce8fc400,desktop,216,
user_00944,prod_00277,view,2026-03-23 11:41:18,sess_14f65d05,tablet,143,
user_00479,prod_00091,like,2026-02-26 11:41:18,sess_fa525cc8,desktop,218,
user_00408,prod_00054,view,2026-02-20 11:41:18,sess_62d1a7be,tablet,202,
user_00090,prod_00280,like,2026-01-25 11:41:18,sess_a0a3121d,tablet,202,
user_00776,prod_00379,like,2026-02-26 11:41:18,sess_7782546f,tablet,135,
user_00911,prod_00010,view,2026-01-06 11:41:18,sess_d1fdbcda,tablet,189,
user_00086,prod_00267,view,2026-02-17 11:41:18,sess_06bdefb6,desktop,49,
user_00236,prod_00342,view,2026-01-18 11:41:18,sess_32fd29bc,tablet,121,
user_00713,prod_00336,like,2026-03-15 11:41:18,sess_3ad9df5d,desktop,102,
user_00275,prod_00241,view,2026-03-13 11:41:18,sess_bc9f4e8b,tablet,109,
user_00506,prod_00495,view,2026-02-27 11:41:18,sess_96224c0f,tablet,287,
user_00827,prod_00002,like,2026-03-27 11:41:18,sess_4e0bcacb,mobile,202,
user_00221,prod_00050,view,2026-03-30 11:41:18,sess_bc40f098,tablet,83,
user_00247,prod_00297,view,2026-03-03 11:41:18,sess_2992c342,mobile,104,
user_00249,prod_00417,view,2026-01-02 11:41:18,sess_0dcbc76f,mobile,39,
user_00299,prod_00394,view,2026-03-08 11:41:18,sess_2d83a728,mobile,90,
user_00497,prod_00024,view,2026-01-19 11:41:18,sess_c7f36fb3,tablet,223,
user_00496,prod_00096,like,2026-03-28 11:41:18,sess_25f27d17,mobile,55,
user_00680,prod_00396,view,2026-02-18 11:41:18,sess_958f2e3a,desktop,299,
user_00715,prod_00353,view,2026-03-30 11:41:18,sess_4d33b7d4,tablet,58,
user_00672,prod_00298,like,2026-03-03 11:41:18,sess_c47bb0a5,mobile,155,
user_00871,prod_00159,view,2026-03-03 11:41:18,sess_d2c66e58,tablet,251,
user_00117,prod_00191,view,2026-01-26 11:41:18,sess_4b1669e2,desktop,227,
user_00634,prod_00060,view,2026-01-09 11:41:18,sess_f814e157,mobile,287,
user_00464,prod_00006,view,2026-01-21 11:41:18,sess_60135819,mobile,21,
user_00865,prod_00131,view,2026-02-28 11:41:18,sess_34d7d7af,tablet,271,
user_00010,prod_00441,view,2026-01-17 11:41:18,sess_07fa6b18,tablet,63,
user_00184,prod_00429,view,2026-02-10 11:41:18,sess_3fad3249,tablet,11,
user_00026,prod_00192,view,2025-12-31 11:41:18,sess_1d5144e5,mobile,284,
user_00240,prod_00072,view,2026-02-01 11:41:18,sess_5b99a759,desktop,87,
user_00370,prod_00076,cart,2026-03-16 11:41:18,sess_52713843,mobile,228,
user_00479,prod_00289,like,2026-03-03 11:41:18,sess_7d71e0e8,mobile,202,
user_00506,prod_00348,view,2026-03-20 11:41:18,sess_09820b0e,desktop,233,
user_00518,prod_00057,like,2026-01-21 11:41:18,sess_bc6ab6d9,desktop,74,
user_00976,prod_00307,view,2026-03-18 11:41:18,sess_9fa7a1b8,desktop,101,
user_00520,prod_00204,like,2026-03-28 11:41:18,sess_63642309,mobile,92,
user_00042,prod_00315,view,2026-01-02 11:41:18,sess_43bbeeb2,desktop,111,
user_00657,prod_00439,view,2026-01-03 11:41:18,sess_eb6d2571,mobile,189,
user_00811,prod_00102,view,2026-02-23 11:41:18,sess_e6bc49be,mobile,36,
user_00681,prod_00176,view,2026-02-18 11:41:18,sess_753608f2,mobile,275,
user_00266,prod_00257,view,2026-02-21 11:41:18,sess_56f4faf0,desktop,255,
user_00458,prod_00032,like,2026-01-11 11:41:18,sess_52d2249c,desktop,30,
user_00752,prod_00004,like,2026-01-05 11:41:18,sess_e381bf0e,desktop,25,
user_00348,prod_00479,view,2026-03-30 11:41:18,sess_772e6d1e,mobile,259,
user_00925,prod_00084,view,2026-01-07 11:41:18,sess_cb03cccc,tablet,231,
user_00249,prod_00477,view,2026-01-17 11:41:18,sess_8ac39ed5,mobile,65,
user_00868,prod_00354,view,2026-02-12 11:41:18,sess_91e4de59,mobile,51,
user_00770,prod_00081,like,2026-03-05 11:41:18,sess_07747b5c,desktop,278,
user_00032,prod_00038,view,2026-03-08 11:41:18,sess_43097875,desktop,26,
user_00411,prod_00162,view,2026-01-29 11:41:18,sess_616cbb04,tablet,144,
user_00877,prod_00487,like,2026-01-04 11:41:18,sess_97ac9100,desktop,144,
user_00554,prod_00181,view,2026-01-24 11:41:18,sess_93089338,tablet,212,
user_00975,prod_00100,view,2026-02-26 11:41:18,sess_a2525349,mobile,234,
user_00756,prod_00339,view,2026-02-20 11:41:18,sess_8ff2282e,tablet,46,
user_00963,prod_00127,view,2026-03-15 11:41:18,sess_54a5a103,mobile,145,
user_00841,prod_00466,view,2026-01-26 11:41:18,sess_45b2e026,tablet,210,
user_00476,prod_00225,like,2026-02-24 11:41:18,sess_cbc8f14c,tablet,209,
user_00756,prod_00015,view,2026-01-17 11:41:18,sess_fece5ccc,mobile,53,
user_00461,prod_00217,view,2026-01-28 11:41:18,sess_94a18da1,desktop,25,
user_00133,prod_00453,view,2026-01-18 11:41:18,sess_56f4e750,mobile,133,
user_00721,prod_00180,view,2026-01-25 11:41:18,sess_ffa00aec,mobile,230,
user_00472,prod_00337,view,2026-03-06 11:41:18,sess_af8a4154,tablet,81,
user_00061,prod_00317,view,2026-01-07 11:41:18,sess_52b1beba,tablet,98,
user_00545,prod_00138,like,2026-03-08 11:41:18,sess_16452e81,desktop,92,
user_00635,prod_00312,view,2026-02-15 11:41:18,sess_04cf941c,tablet,246,
user_00914,prod_00351,view,2026-02-26 11:41:18,sess_01e589cf,mobile,129,
user_00590,prod_00258,view,2026-03-05 11:41:18,sess_7a5b35cd,tablet,275,
user_00316,prod_00393,view,2026-02-22 11:41:18,sess_0c0c722c,desktop,74,
user_00694,prod_00233,view,2026-03-01 11:41:18,sess_9557a074,desktop,206,
user_00816,prod_00347,view,2026-02-28 11:41:18,sess_07dc8233,tablet,44,
user_00567,prod_00376,view,2026-02-07 11:41:18,sess_8735a934,mobile,84,
user_00485,prod_00128,like,2026-02-19 11:41:18,sess_7d8d6323,mobile,204,
user_00646,prod_00081,like,2026-02-24 11:41:18,sess_41dbdce6,mobile,64,
user_00269,prod_00354,view,2026-02-08 11:41:18,sess_d6ebe14a,tablet,105,
user_00262,prod_00452,view,2026-02-05 11:41:18,sess_ead30a49,mobile,210,
user_00176,prod_00410,view,2026-03-03 11:41:18,sess_520798d9,mobile,191,
user_00471,prod_00017,view,2026-02-12 11:41:18,sess_b55c6996,desktop,65,
user_00758,prod_00465,view,2026-02-21 11:41:18,sess_bbb17237,mobile,48,
user_00080,prod_00054,view,2026-01-16 11:41:18,sess_4e03108a,desktop,155,
user_00582,prod_00171,view,2026-03-09 11:41:18,sess_5bdee55e,mobile,288,
user_00545,prod_00368,view,2026-01-09 11:41:18,sess_e1d89ae1,desktop,198,
user_00244,prod_00259,cart,2026-01-10 11:41:18,sess_60803881,mobile,67,
user_00932,prod_00209,like,2026-02-26 11:41:18,sess_ea5773d6,tablet,203,
user_00296,prod_00092,view,2026-02-02 11:41:18,sess_282bdfa9,tablet,109,
user_00331,prod_00110,view,2026-01-07 11:41:18,sess_0aaf82b3,tablet,65,
user_00369,prod_00123,view,2026-02-18 11:41:18,sess_b44b6902,mobile,138,
user_00378,prod_00484,like,2026-01-17 11:41:18,sess_3b6059af,mobile,125,
user_00050,prod_00174,like,2026-03-05 11:41:18,sess_36875cf8,mobile,18,
user_00742,prod_00258,view,2026-02-07 11:41:18,sess_28e44875,desktop,127,
user_00761,prod_00245,like,2026-01-08 11:41:18,sess_c18ccd54,mobile,142,
user_00648,prod_00213,view,2026-01-14 11:41:18,sess_19f59a53,desktop,63,
user_00743,prod_00014,like,2026-02-01 11:41:18,sess_636a5ea2,desktop,57,
user_00903,prod_00416,like,2026-01-27 11:41:18,sess_3abb50bb,tablet,23,
user_00396,prod_00174,view,2026-02-24 11:41:18,sess_67fafb9a,desktop,47,
user_00359,prod_00298,view,2026-03-09 11:41:18,sess_73fe15e2,desktop,6,
user_00143,prod_00373,view,2026-03-25 11:41:18,sess_1619d4d8,mobile,135,
user_00780,prod_00027,like,2026-01-10 11:41:18,sess_5ac5f3ed,tablet,217,
user_00809,prod_00493,view,2026-03-16 11:41:18,sess_c17e153e,mobile,35,
user_00568,prod_00201,view,2025-12-31 11:41:18,sess_0e41dc20,tablet,285,
user_00303,prod_00073,view,2026-01-30 11:41:18,sess_c5f7726d,tablet,207,
user_00782,prod_00195,view,2026-02-25 11:41:18,sess_73d0ffb0,mobile,21,
user_00954,prod_00032,view,2026-02-23 11:41:18,sess_8619ab0c,desktop,74,
user_00264,prod_00201,view,2026-03-02 11:41:18,sess_b2ab16de,desktop,91,
user_00253,prod_00362,view,2026-02-13 11:41:18,sess_3f06abd5,tablet,193,
user_00174,prod_00266,like,2026-01-31 11:41:18,sess_418f1002,desktop,245,
user_00715,prod_00224,like,2026-01-12 11:41:18,sess_f4cc4fb2,tablet,92,
user_00608,prod_00118,view,2026-01-26 11:41:18,sess_3c495c8a,desktop,299,
user_00481,prod_00338,view,2026-02-03 11:41:18,sess_7e517932,mobile,245,
user_00320,prod_00369,view,2026-01-14 11:41:18,sess_15f0593e,mobile,144,
user_00748,prod_00345,view,2026-02-23 11:41:18,sess_264dfd77,mobile,296,
user_00058,prod_00500,view,2026-02-03 11:41:18,sess_d27189b5,tablet,18,
user_00896,prod_00069,like,2026-02-09 11:41:18,sess_b4d4e3c9,desktop,12,
user_00876,prod_00317,view,2026-02-19 11:41:18,sess_66b4cc34,tablet,244,
user_00929,prod_00470,view,2026-01-27 11:41:18,sess_e96522d8,desktop,46,
user_00817,prod_00088,view,2026-01-25 11:41:18,sess_d301f8b8,desktop,71,
user_00399,prod_00085,view,2026-01-06 11:41:18,sess_2abee178,desktop,58,
user_00540,prod_00012,like,2026-01-25 11:41:18,sess_843f41d6,desktop,124,
user_00330,prod_00208,view,2026-03-10 11:41:18,sess_f320ab9c,desktop,130,
user_00482,prod_00396,like,2026-02-01 11:41:18,sess_605f28a5,tablet,218,
user_00944,prod_00350,like,2026-01-27 11:41:18,sess_b27fefc7,desktop,291,
user_00832,prod_00384,like,2026-03-09 11:41:18,sess_77c2cd05,mobile,174,
user_00961,prod_00419,view,2026-01-14 11:41:18,sess_d657c00f,tablet,31,
user_00085,prod_00338,like,2026-01-28 11:41:18,sess_a485dd17,tablet,94,
user_00637,prod_00141,view,2026-03-10 11:41:18,sess_acc40932,mobile,208,
user_00509,prod_00131,view,2026-03-02 11:41:18,sess_1466d17e,tablet,269,
user_00348,prod_00138,view,2026-03-23 11:41:18,sess_656d0bcc,tablet,139,
user_00778,prod_00046,view,2026-03-20 11:41:18,sess_b72708c6,mobile,149,
user_00147,prod_00213,view,2026-02-18 11:41:18,sess_96546488,mobile,283,
user_00349,prod_00036,view,2026-01-12 11:41:18,sess_714227ce,desktop,197,
user_00723,prod_00127,view,2026-02-22 11:41:18,sess_a406c3c0,desktop,41,
user_00320,prod_00067,cart,2026-03-23 11:41:18,sess_ac0d5178,tablet,186,
user_00145,prod_00012,like,2026-03-21 11:41:18,sess_562856c1,mobile,274,
user_00614,prod_00256,view,2026-03-12 11:41:18,sess_376472e1,tablet,96,
user_00667,prod_00196,like,2026-03-03 11:41:18,sess_c7a35430,tablet,264,
user_00043,prod_00147,like,2026-02-09 11:41:18,sess_eba445ac,mobile,130,
user_00208,prod_00425,view,2026-02-11 11:41:18,sess_aafad673,desktop,149,
user_00089,prod_00271,view,2026-01-06 11:41:18,sess_576c63b5,desktop,32,
user_00681,prod_00093,view,2026-03-05 11:41:18,sess_58e22611,mobile,118,
user_00483,prod_00467,purchase,2026-01-15 11:41:18,sess_98d5b9c5,mobile,217,2.9
user_01000,prod_00371,view,2026-01-31 11:41:18,sess_1c30ee92,desktop,237,
user_00246,prod_00437,view,2026-01-31 11:41:18,sess_65f19a79,desktop,164,
user_00366,prod_00179,view,2026-03-23 11:41:18,sess_6e3f415e,mobile,133,
user_00922,prod_00493,view,2025-12-31 11:41:18,sess_f73634f5,desktop,108,
user_00367,prod_00396,view,2026-03-24 11:41:18,sess_352a76e0,mobile,200,
user_00640,prod_00105,view,2026-02-28 11:41:18,sess_b2b08b73,mobile,280,
user_00634,prod_00375,view,2026-02-27 11:41:18,sess_175e9125,mobile,47,
user_00211,prod_00187,view,2026-01-06 11:41:18,sess_d03a1a06,tablet,166,
user_00345,prod_00383,view,2026-03-12 11:41:18,sess_ce68f717,desktop,133,
user_00018,prod_00222,like,2026-02-22 11:41:18,sess_306f4dc2,tablet,59,
user_00328,prod_00324,like,2026-01-28 11:41:18,sess_002e9d00,desktop,85,
user_00110,prod_00478,like,2026-02-26 11:41:18,sess_73345521,tablet,74,
user_00465,prod_00357,view,2026-03-08 11:41:18,sess_d072b74a,tablet,149,
user_00055,prod_00224,like,2026-01-04 11:41:18,sess_7fb40ed7,mobile,85,
user_00235,prod_00380,view,2026-03-04 11:41:18,sess_690c5f05,desktop,241,
user_00787,prod_00058,view,2026-03-07 11:41:18,sess_caf5e28b,tablet,140,
user_00544,prod_00393,view,2026-01-14 11:41:18,sess_0feb92ee,desktop,188,
user_00975,prod_00043,view,2026-02-16 11:41:18,sess_cb696e78,tablet,39,
user_00768,prod_00362,view,2026-02-08 11:41:18,sess_85acadbc,tablet,155,
user_00306,prod_00222,cart,2026-01-15 11:41:18,sess_a11615ef,mobile,20,
user_00265,prod_00038,view,2026-03-11 11:41:18,sess_81d08e59,tablet,274,
user_00385,prod_00254,view,2026-01-26 11:41:18,sess_3fbf9567,mobile,40,
user_00515,prod_00302,like,2026-03-25 11:41:18,sess_42bcfd54,mobile,159,
user_00385,prod_00232,like,2026-02-04 11:41:18,sess_f6b29d64,desktop,78,
user_00777,prod_00329,like,2025-12-31 11:41:18,sess_468e96fd,mobile,34,
user_00817,prod_00354,view,2026-01-30 11:41:18,sess_f3b3b0d4,desktop,21,
user_00849,prod_00326,view,2025-12-31 11:41:18,sess_cd8d340b,desktop,26,
user_00690,prod_00128,view,2026-03-02 11:41:18,sess_5cf604a8,tablet,157,
user_00013,prod_00383,view,2026-03-14 11:41:18,sess_75a2c2f4,tablet,49,
user_00395,prod_00454,view,2026-02-17 11:41:18,sess_e6e82571,mobile,254,
user_00354,prod_00148,like,2026-03-05 11:41:18,sess_7c98c95a,mobile,292,
user_00773,prod_00205,view,2026-01-25 11:41:18,sess_ac75d451,desktop,51,
user_00983,prod_00182,view,2026-02-08 11:41:18,sess_87ecec7f,tablet,265,
user_00072,prod_00178,cart,2026-02-17 11:41:18,sess_47f03eed,desktop,217,
user_00694,prod_00214,like,2026-02-20 11:41:18,sess_d699afd0,mobile,294,
user_00246,prod_00216,view,2026-02-06 11:41:18,sess_6bed5680,tablet,12,
user_00350,prod_00292,view,2025-12-31 11:41:18,sess_467e19e3,desktop,64,
user_00885,prod_00465,view,2026-01-14 11:41:18,sess_eccc5522,desktop,217,
user_00193,prod_00096,view,2026-02-11 11:41:18,sess_7bb4b232,mobile,266,
user_00153,prod_00192,view,2026-03-22 11:41:18,sess_bbfe1e91,tablet,70,
user_00084,prod_00486,view,2026-02-04 11:41:18,sess_51176936,tablet,235,
user_00866,prod_00379,view,2025-12-31 11:41:18,sess_cb6a31e3,desktop,253,
user_00567,prod_00156,view,2026-01-25 11:41:18,sess_9cc09053,tablet,214,
user_00758,prod_00102,view,2026-03-02 11:41:18,sess_a1698c6b,mobile,182,
user_00166,prod_00254,view,2026-03-04 11:41:18,sess_9abdea12,desktop,297,
user_00897,prod_00426,view,2026-02-14 11:41:18,sess_90b8127a,tablet,45,
user_00433,prod_00129,view,2026-03-15 11:41:18,sess_b3a0d446,mobile,252,
user_00289,prod_00208,view,2026-02-09 11:41:18,sess_571c4fed,mobile,60,
user_00772,prod_00311,view,2026-01-25 11:41:18,sess_f6ad6a51,desktop,129,
user_00478,prod_00350,like,2026-02-09 11:41:18,sess_dc2009e5,mobile,220,
user_00808,prod_00077,view,2026-02-06 11:41:18,sess_f312c3b7,mobile,183,
user_00428,prod_00241,view,2026-02-13 11:41:18,sess_d8d44e67,desktop,237,
user_00383,prod_00201,view,2026-01-12 11:41:18,sess_98ffc44c,tablet,163,
user_00820,prod_00034,like,2025-12-30 11:41:18,sess_3539abf8,mobile,116,
user_00876,prod_00382,view,2026-03-28 11:41:18,sess_9811c927,mobile,70,
user_00316,prod_00393,like,2026-02-10 11:41:18,sess_3694fbfe,mobile,171,
user_00131,prod_00350,purchase,2026-01-18 11:41:18,sess_2fb90204,tablet,82,1.1
user_00249,prod_00428,view,2026-02-04 11:41:18,sess_beb7722e,tablet,173,
user_00518,prod_00342,like,2026-03-05 11:41:18,sess_7b7449ac,tablet,37,
user_00728,prod_00053,view,2026-03-10 11:41:18,sess_bd454368,tablet,45,
user_00478,prod_00249,like,2026-02-09 11:41:18,sess_7ad38886,desktop,122,
user_00402,prod_00334,view,2026-01-25 11:41:18,sess_8d13740f,mobile,131,
user_00163,prod_00213,view,2026-02-23 11:41:18,sess_da9f3e3c,desktop,10,
user_00198,prod_00103,view,2026-03-08 11:41:18,sess_fb6dbe04,tablet,147,
user_00032,prod_00427,view,2026-03-03 11:41:18,sess_e632461d,desktop,106,
user_00683,prod_00381,view,2026-03-11 11:41:18,sess_610c13db,tablet,133,
user_00758,prod_00176,like,2026-02-05 11:41:18,sess_e8289e87,desktop,55,
user_00597,prod_00324,view,2026-02-27 11:41:18,sess_d4971121,mobile,194,
user_00413,prod_00257,view,2026-01-31 11:41:18,sess_6eb7baaa,mobile,69,
user_00718,prod_00440,view,2026-02-22 11:41:18,sess_78de7e5f,tablet,154,
user_00815,prod_00278,view,2026-03-10 11:41:18,sess_d7ea18ae,tablet,263,
user_00244,prod_00260,purchase,2026-03-15 11:41:18,sess_743ee7f7,desktop,244,2.8
user_00424,prod_00138,view,2026-03-20 11:41:18,sess_694f2ed7,desktop,185,
user_00452,prod_00212,view,2026-03-09 11:41:18,sess_4d02e3a3,mobile,203,
user_00112,prod_00430,view,2025-12-30 11:41:18,sess_397b7877,tablet,17,
user_00911,prod_00439,view,2026-01-18 11:41:18,sess_1ce2add9,desktop,156,
user_00195,prod_00344,like,2026-02-06 11:41:18,sess_9eb0a422,desktop,44,
user_00740,prod_00452,like,2026-01-09 11:41:18,sess_9b96d798,desktop,13,
user_00796,prod_00378,purchase,2026-02-11 11:41:18,sess_7c82ba97,tablet,182,3.9
user_00763,prod_00228,view,2026-03-04 11:41:18,sess_60375725,tablet,191,
user_00983,prod_00480,view,2026-03-29 11:41:18,sess_f12ca94c,mobile,150,
user_00090,prod_00079,view,2026-02-09 11:41:18,sess_77b83211,mobile,292,
user_00794,prod_00168,view,2025-12-30 11:41:18,sess_4d84b52f,tablet,257,
user_00548,prod_00022,view,2026-01-04 11:41:18,sess_c5936029,mobile,19,
user_00925,prod_00440,like,2026-01-19 11:41:18,sess_688144cf,mobile,39,
user_00162,prod_00006,view,2026-01-28 11:41:18,sess_03b3ea80,desktop,117,
user_00454,prod_00084,view,2026-02-02 11:41:18,sess_f7ac7a48,mobile,156,
user_00793,prod_00129,like,2026-03-30 11:41:18,sess_7ac0d4d5,desktop,56,
user_00594,prod_00323,view,2026-01-05 11:41:18,sess_d2e6cf65,desktop,256,
user_00825,prod_00147,view,2026-01-27 11:41:18,sess_c8674249,desktop,22,
user_00326,prod_00134,like,2026-02-08 11:41:18,sess_2d471dea,desktop,7,
user_00605,prod_00485,view,2026-02-04 11:41:18,sess_224ae98a,tablet,277,
user_00508,prod_00383,cart,2026-02-13 11:41:18,sess_55db56fc,tablet,262,
user_00440,prod_00274,view,2026-03-10 11:41:18,sess_ebc117d7,desktop,113,
user_00097,prod_00070,view,2026-02-05 11:41:18,sess_13a8e7d7,mobile,166,
user_00279,prod_00254,view,2026-01-17 11:41:18,sess_e25cfdee,desktop,269,
user_00053,prod_00157,like,2026-02-18 11:41:18,sess_0d2a4bc8,tablet,244,
user_00788,prod_00376,view,2026-03-21 11:41:18,sess_2ab79298,tablet,33,
user_00990,prod_00456,view,2026-01-23 11:41:18,sess_d68a3930,tablet,168,
user_00264,prod_00201,like,2026-01-26 11:41:18,sess_a01eedc0,desktop,129,
user_00865,prod_00206,purchase,2026-01-12 11:41:18,sess_a1c3d79a,desktop,58,1.8
user_00589,prod_00272,purchase,2026-03-02 11:41:18,sess_090eccd9,mobile,60,1.8
user_00014,prod_00180,view,2026-01-05 11:41:18,sess_22b96f71,tablet,134,
user_00671,prod_00406,view,2026-03-22 11:41:18,sess_c9b06242,mobile,49,
user_00990,prod_00463,view,2026-02-13 11:41:18,sess_54580a26,tablet,158,
user_00881,prod_00383,view,2026-03-09 11:41:18,sess_670e802b,tablet,300,
user_00290,prod_00033,view,2026-02-01 11:41:18,sess_65869cba,tablet,23,
user_00747,prod_00350,cart,2026-01-18 11:41:18,sess_d0ebcfd9,tablet,234,
user_00696,prod_00215,view,2026-02-03 11:41:18,sess_fccf51ce,mobile,203,
user_00852,prod_00085,like,2026-02-19 11:41:18,sess_573f5907,mobile,113,
user_00578,prod_00314,view,2026-01-21 11:41:18,sess_2b01dd68,desktop,151,
user_00298,prod_00343,view,2026-03-18 11:41:18,sess_97307854,tablet,105,
user_00418,prod_00123,view,2026-01-17 11:41:18,sess_16a92964,tablet,109,
user_00649,prod_00320,like,2026-02-27 11:41:18,sess_ec3aeed2,tablet,90,
user_00899,prod_00003,view,2026-02-19 11:41:18,sess_b156ce14,tablet,45,
user_00565,prod_00167,view,2026-03-17 11:41:18,sess_104bdb59,mobile,245,
user_00522,prod_00213,view,2026-02-01 11:41:18,sess_984deaef,desktop,236,
user_00506,prod_00037,like,2026-01-18 11:41:18,sess_af111b56,tablet,74,
user_00782,prod_00018,view,2026-03-11 11:41:18,sess_2ed47369,tablet,232,
user_00328,prod_00412,view,2026-02-13 11:41:18,sess_dbc53ab0,tablet,100,
user_00244,prod_00348,view,2026-03-29 11:41:18,sess_727c89bc,desktop,229,
user_00501,prod_00272,view,2026-01-07 11:41:18,sess_5d0d3c5f,mobile,141,
user_00778,prod_00306,view,2026-03-08 11:41:18,sess_bface9b2,desktop,170,
user_00350,prod_00385,view,2026-02-07 11:41:18,sess_f4504986,desktop,300,
user_00862,prod_00213,purchase,2026-02-19 11:41:18,sess_1b5ea5c3,desktop,122,2.8
user_00784,prod_00091,view,2026-02-20 11:41:18,sess_62bd7c86,desktop,270,
user_00545,prod_00075,view,2026-02-05 11:41:18,sess_6b487b7e,tablet,298,
user_00991,prod_00025,like,2026-03-17 11:41:18,sess_d00db37e,mobile,166,
user_00754,prod_00222,like,2026-02-14 11:41:18,sess_80856a09,mobile,168,
user_00471,prod_00220,purchase,2026-02-11 11:41:18,sess_31514f3f,mobile,216,4.0
user_00867,prod_00273,like,2026-03-04 11:41:18,sess_f376fdc9,mobile,119,
user_00266,prod_00223,like,2026-01-24 11:41:18,sess_2f2fc927,desktop,31,
user_00255,prod_00472,like,2026-01-01 11:41:18,sess_5c72c803,mobile,110,
user_00797,prod_00277,view,2026-01-10 11:41:18,sess_e687216a,desktop,75,
user_00286,prod_00394,view,2026-02-15 11:41:18,sess_1a6e606b,mobile,167,
user_00885,prod_00451,like,2026-01-08 11:41:18,sess_113b1a19,mobile,211,
user_00197,prod_00275,like,2026-02-24 11:41:18,sess_8943e527,tablet,79,
user_00476,prod_00046,view,2026-01-22 11:41:18,sess_dfc40a37,tablet,204,
user_00792,prod_00083,view,2026-01-30 11:41:18,sess_e557afe3,tablet,133,
user_00493,prod_00214,like,2026-03-27 11:41:18,sess_db7f1deb,mobile,289,
user_00353,prod_00334,view,2026-02-02 11:41:18,sess_87208838,tablet,99,
user_00424,prod_00270,view,2026-03-06 11:41:18,sess_cc26a199,mobile,84,
user_00184,prod_00371,view,2026-03-08 11:41:18,sess_e810a884,tablet,119,
user_00143,prod_00262,like,2026-03-07 11:41:18,sess_e67de854,desktop,128,
user_00702,prod_00297,cart,2026-01-25 11:41:18,sess_fb3ff439,desktop,145,
user_00350,prod_00189,view,2026-01-20 11:41:18,sess_61f3751e,tablet,89,
user_00326,prod_00276,view,2026-03-30 11:41:18,sess_d9f7554e,mobile,123,
user_00356,prod_00206,view,2026-03-10 11:41:18,sess_5e491502,tablet,82,
user_00442,prod_00244,view,2026-02-20 11:41:18,sess_bb9fa47e,tablet,9,
user_00316,prod_00229,view,2026-03-18 11:41:18,sess_fdcca62f,desktop,262,
user_00599,prod_00366,view,2026-03-19 11:41:18,sess_112f1d2e,mobile,80,
user_00799,prod_00379,view,2026-02-05 11:41:18,sess_29ee2039,mobile,281,
user_00418,prod_00465,view,2026-01-09 11:41:18,sess_97c6fce8,mobile,157,
user_00449,prod_00198,view,2026-01-22 11:41:18,sess_cc9ac514,tablet,94,
user_00216,prod_00011,like,2026-01-13 11:41:18,sess_e965a7f7,tablet,153,
user_00405,prod_00240,view,2026-03-21 11:41:18,sess_b1721ed9,desktop,108,
user_00250,prod_00009,view,2026-03-17 11:41:18,sess_9f65e077,desktop,85,
user_00763,prod_00202,view,2026-03-29 11:41:18,sess_5903e48a,mobile,111,
user_00718,prod_00456,view,2026-03-24 11:41:18,sess_507e8fad,tablet,150,
user_00802,prod_00454,view,2026-03-20 11:41:18,sess_d0dc78f2,tablet,51,
user_00444,prod_00414,view,2026-01-06 11:41:18,sess_6885f7cc,tablet,118,
user_00880,prod_00349,view,2026-03-18 11:41:18,sess_d441f0b1,mobile,55,
user_00398,prod_00211,like,2026-03-12 11:41:18,sess_e0c3973e,tablet,145,
user_00372,prod_00429,view,2026-02-21 11:41:18,sess_a8bab54f,mobile,278,
user_00651,prod_00170,view,2026-02-10 11:41:18,sess_eed065a6,mobile,88,
user_00917,prod_00295,view,2026-03-17 11:41:18,sess_c3c9c082,tablet,5,
user_00524,prod_00160,view,2026-02-10 11:41:18,sess_b06c9be6,tablet,217,
user_00766,prod_00023,view,2026-02-09 11:41:18,sess_1d4e976a,mobile,156,
user_00429,prod_00303,view,2026-02-02 11:41:18,sess_9273e005,desktop,176,
user_00205,prod_00262,like,2026-03-13 11:41:18,sess_0c84409d,desktop,147,
user_00075,prod_00494,view,2026-01-09 11:41:18,sess_56f25b41,desktop,284,
user_00558,prod_00148,like,2026-03-12 11:41:18,sess_322e41c9,mobile,225,
user_00358,prod_00029,like,2026-01-22 11:41:18,sess_4de1f1e9,tablet,104,
user_00355,prod_00137,cart,2026-03-21 11:41:18,sess_d5e7dc0f,mobile,12,
user_00704,prod_00238,view,2026-02-11 11:41:18,sess_fba8d803,mobile,91,
user_00250,prod_00339,like,2026-02-04 11:41:18,sess_294c1132,desktop,232,
user_00097,prod_00130,view,2026-03-02 11:41:18,sess_d2f02e31,tablet,106,
user_00795,prod_00063,like,2026-02-18 11:41:18,sess_e3a0ae5d,desktop,135,
user_00754,prod_00415,view,2026-01-19 11:41:18,sess_b652cb02,tablet,89,
user_00300,prod_00386,view,2026-03-07 11:41:18,sess_c7c7be6f,tablet,286,
user_00074,prod_00183,view,2026-01-14 11:41:18,sess_6dddefb6,tablet,186,
user_00143,prod_00057,like,2026-03-10 11:41:18,sess_f2879599,desktop,225,
user_00171,prod_00172,like,2026-03-01 11:41:18,sess_13c12700,tablet,74,
user_00286,prod_00384,view,2026-01-13 11:41:18,sess_761dd23a,desktop,127,
user_00056,prod_00127,view,2026-03-09 11:41:18,sess_69c59ebd,desktop,133,
user_00615,prod_00204,like,2026-02-22 11:41:18,sess_a8d1ae51,desktop,29,
user_00777,prod_00468,view,2026-02-08 11:41:18,sess_08ffebb3,desktop,136,
user_00216,prod_00306,view,2026-01-18 11:41:18,sess_cd4a92ca,desktop,273,
user_00020,prod_00098,like,2026-03-18 11:41:18,sess_6097f9d3,desktop,289,
user_00422,prod_00336,purchase,2026-02-18 11:41:18,sess_e909dc68,mobile,175,4.9
user_00773,prod_00425,like,2026-03-17 11:41:18,sess_b4379e1f,desktop,19,
user_00857,prod_00162,view,2026-03-03 11:41:18,sess_d8c61301,desktop,254,
user_00175,prod_00054,view,2026-01-28 11:41:18,sess_5bfa5c3b,desktop,152,
user_00264,prod_00241,view,2026-01-01 11:41:18,sess_a1b15adb,mobile,246,
user_00128,prod_00249,cart,2026-03-05 11:41:18,sess_63d1209d,tablet,136,
user_00366,prod_00202,like,2026-01-27 11:41:18,sess_e81226d0,mobile,250,
user_00301,prod_00400,view,2026-02-07 11:41:18,sess_8f4c80d3,desktop,7,
user_00454,prod_00070,view,2026-03-23 11:41:18,sess_c1f3d567,desktop,245,
user_00270,prod_00054,view,2026-03-17 11:41:18,sess_ebf3c868,tablet,5,
user_00198,prod_00224,view,2026-03-11 11:41:18,sess_59adebc4,desktop,72,
user_00810,prod_00274,view,2026-03-03 11:41:18,sess_45fd26b9,tablet,131,
user_00793,prod_00187,view,2026-03-13 11:41:18,sess_3e2016d5,desktop,173,
user_00495,prod_00499,view,2026-01-01 11:41:18,sess_c88ffe93,desktop,219,
user_00575,prod_00149,view,2026-03-18 11:41:18,sess_a257f662,desktop,105,
user_00410,prod_00241,view,2026-03-11 11:41:18,sess_67999790,desktop,288,
user_00069,prod_00128,view,2026-02-09 11:41:18,sess_587fc1a8,desktop,85,
user_00625,prod_00425,like,2026-01-10 11:41:18,sess_ffbe4c3a,desktop,128,
user_00614,prod_00188,like,2026-01-23 11:41:18,sess_e107f057,tablet,280,
user_00355,prod_00097,view,2026-01-18 11:41:18,sess_83ce3ba6,desktop,126,
user_00298,prod_00361,view,2026-02-26 11:41:18,sess_1c6f467a,tablet,255,
user_00856,prod_00369,view,2026-02-16 11:41:18,sess_341f8b61,desktop,255,
user_00207,prod_00345,cart,2026-01-14 11:41:18,sess_6063c233,tablet,25,
user_00590,prod_00214,view,2026-01-12 11:41:18,sess_34b440c9,desktop,191,
user_00843,prod_00406,like,2026-02-01 11:41:18,sess_9ce9db26,mobile,202,
user_00097,prod_00400,view,2026-01-02 11:41:18,sess_069a5d80,desktop,15,
user_00352,prod_00241,like,2026-01-15 11:41:18,sess_c9720b7e,mobile,31,
user_00532,prod_00444,view,2026-03-16 11:41:18,sess_7d631b42,tablet,259,
user_00990,prod_00453,view,2026-01-08 11:41:18,sess_6ad8c09d,desktop,114,
user_00033,prod_00243,like,2026-01-25 11:41:18,sess_ce5a9193,desktop,237,
user_00822,prod_00035,like,2026-02-18 11:41:18,sess_7cf20f05,tablet,241,
user_00186,prod_00119,view,2026-03-22 11:41:18,sess_f7d30b62,mobile,21,
user_00271,prod_00276,view,2026-01-18 11:41:18,sess_1fc483dd,tablet,219,
user_00461,prod_00478,like,2026-01-01 11:41:18,sess_cf754601,mobile,286,
user_00852,prod_00035,like,2026-01-27 11:41:18,sess_d968a298,tablet,278,
user_00522,prod_00188,view,2026-01-03 11:41:18,sess_eb43a74c,tablet,37,
user_00640,prod_00451,view,2026-01-22 11:41:18,sess_445f1bde,desktop,56,
user_00737,prod_00357,view,2026-01-18 11:41:18,sess_ba2fe416,desktop,193,
user_00198,prod_00239,view,2026-02-23 11:41:18,sess_b4fef521,mobile,238,
user_00921,prod_00214,view,2026-02-17 11:41:18,sess_e2ea6e7b,desktop,294,
user_00414,prod_00498,view,2026-03-15 11:41:18,sess_1958ddec,desktop,135,
user_00262,prod_00281,view,2026-02-19 11:41:18,sess_cf93c01b,mobile,7,
user_00061,prod_00383,view,2026-02-02 11:41:18,sess_8ef52bf5,desktop,215,
user_00047,prod_00077,purchase,2026-02-04 11:41:18,sess_e4a14545,desktop,25,2.8
user_00622,prod_00249,view,2026-01-22 11:41:18,sess_8875f7d4,tablet,87,
user_00181,prod_00376,like,2026-03-04 11:41:18,sess_9e3cdfce,tablet,141,
user_00265,prod_00302,view,2026-01-13 11:41:18,sess_226b1440,mobile,196,
user_00118,prod_00409,view,2026-02-06 11:41:18,sess_4660bcde,desktop,169,
user_00283,prod_00229,view,2026-01-30 11:41:18,sess_eb21e2c7,tablet,129,
user_00978,prod_00342,like,2026-02-17 11:41:18,sess_cef1090a,mobile,78,
user_00364,prod_00332,like,2026-03-15 11:41:18,sess_04b9bb32,tablet,170,
user_00200,prod_00366,view,2026-01-08 11:41:18,sess_26c85c4f,mobile,248,
user_00297,prod_00476,like,2026-03-10 11:41:18,sess_dc6e62a8,desktop,198,
user_00977,prod_00407,view,2026-03-15 11:41:18,sess_58e239dc,mobile,55,
user_00419,prod_00350,like,2026-03-30 11:41:18,sess_630e484a,desktop,61,
user_00160,prod_00452,view,2025-12-30 11:41:18,sess_b6568faf,tablet,244,
user_00106,prod_00225,view,2026-02-17 11:41:18,sess_b21b9c76,mobile,215,
user_00895,prod_00408,view,2025-12-31 11:41:18,sess_c1e2ea80,desktop,85,
user_00584,prod_00369,view,2026-03-04 11:41:18,sess_58384e2b,tablet,285,
user_00645,prod_00052,like,2026-03-09 11:41:18,sess_364e015d,desktop,22,
user_00148,prod_00378,view,2026-03-21 11:41:18,sess_dcc0686c,desktop,123,
user_00589,prod_00035,view,2026-02-05 11:41:18,sess_c4b52eea,desktop,252,
user_00130,prod_00172,view,2026-02-22 11:41:18,sess_57ad816f,desktop,244,
user_00913,prod_00263,cart,2026-03-04 11:41:18,sess_8718f83d,desktop,15,
user_00401,prod_00356,view,2025-12-31 11:41:18,sess_5a315cdf,desktop,21,
user_00680,prod_00417,view,2026-03-22 11:41:18,sess_d7571afd,mobile,136,
user_00031,prod_00360,view,2026-03-13 11:41:18,sess_eeae146b,mobile,33,
user_00836,prod_00417,view,2026-02-03 11:41:18,sess_f1b6df13,desktop,170,
user_00294,prod_00336,view,2026-01-08 11:41:18,sess_f7c53134,mobile,147,
user_00161,prod_00322,view,2026-02-06 11:41:18,sess_064d0a19,tablet,147,
user_00227,prod_00172,like,2026-02-03 11:41:18,sess_2f04ff9d,mobile,243,
user_00564,prod_00341,view,2026-03-22 11:41:18,sess_df84b5d4,mobile,270,
user_00033,prod_00489,view,2026-03-07 11:41:18,sess_ea61893c,mobile,119,
user_00388,prod_00398,like,2026-01-18 11:41:18,sess_dbffa020,desktop,156,
user_00366,prod_00171,view,2026-03-16 11:41:18,sess_cbe47112,desktop,66,
user_00031,prod_00226,like,2026-01-26 11:41:18,sess_3d95705c,mobile,191,
user_00988,prod_00490,view,2026-02-11 11:41:18,sess_41dac6ea,mobile,292,
user_00409,prod_00273,purchase,2026-03-06 11:41:18,sess_b0e36973,desktop,284,3.4
user_00672,prod_00089,view,2026-01-13 11:41:18,sess_7bebb6fc,mobile,209,
user_00253,prod_00161,view,2026-02-09 11:41:18,sess_1f8fce9c,tablet,100,
user_00343,prod_00341,view,2026-03-19 11:41:18,sess_4e433ad6,desktop,233,
user_00712,prod_00488,view,2026-01-15 11:41:18,sess_97ddaed5,mobile,248,
user_00899,prod_00267,view,2026-03-03 11:41:18,sess_e0526c79,mobile,93,
user_00466,prod_00411,view,2026-02-26 11:41:18,sess_2d6ed853,desktop,276,
user_00662,prod_00011,view,2026-01-26 11:41:18,sess_d00d5095,desktop,86,
user_00115,prod_00102,view,2026-03-19 11:41:18,sess_76436b25,desktop,146,
user_00700,prod_00193,view,2025-12-31 11:41:18,sess_60abd623,desktop,176,
user_00255,prod_00078,view,2026-01-03 11:41:18,sess_3dbe31b4,desktop,235,
user_00041,prod_00380,cart,2026-02-24 11:41:18,sess_d85c1850,tablet,60,
user_00172,prod_00299,view,2026-01-18 11:41:18,sess_e332d3ec,tablet,144,
user_00045,prod_00397,view,2026-02-20 11:41:18,sess_39dfac3b,tablet,66,
user_00829,prod_00070,view,2026-01-27 11:41:18,sess_d574dae2,tablet,132,
user_00009,prod_00373,view,2026-03-28 11:41:18,sess_04c722ca,desktop,268,
user_00555,prod_00413,view,2026-01-06 11:41:18,sess_28e29ed4,tablet,26,
user_00560,prod_00062,view,2026-03-03 11:41:18,sess_f54cc860,desktop,17,
user_00349,prod_00018,view,2026-03-24 11:41:18,sess_225fdf3b,desktop,197,
user_00972,prod_00364,view,2026-01-07 11:41:18,sess_ada4a2a2,tablet,226,
user_00830,prod_00411,view,2026-03-17 11:41:18,sess_1e57b952,mobile,40,
user_00100,prod_00211,view,2026-02-05 11:41:18,sess_4c8fed6c,mobile,75,
user_00984,prod_00326,view,2026-02-21 11:41:18,sess_02174e1a,desktop,234,
user_00850,prod_00217,view,2026-03-16 11:41:18,sess_c8888a17,mobile,182,
user_00580,prod_00269,view,2026-03-10 11:41:18,sess_17848380,mobile,239,
user_00838,prod_00415,view,2026-01-18 11:41:18,sess_c4ab7435,desktop,169,
user_00614,prod_00039,view,2026-01-15 11:41:18,sess_87941f73,mobile,5,
user_00251,prod_00115,like,2026-02-05 11:41:18,sess_016d950d,tablet,186,
user_00508,prod_00367,like,2026-01-24 11:41:18,sess_f70084a7,tablet,54,
user_00217,prod_00012,like,2026-02-20 11:41:18,sess_d346e1a1,mobile,261,
user_00584,prod_00346,view,2026-03-18 11:41:18,sess_406555c9,desktop,143,
user_00361,prod_00021,view,2025-12-30 11:41:18,sess_8efa2882,tablet,170,
user_00195,prod_00407,purchase,2026-03-12 11:41:18,sess_83ea7e71,desktop,287,4.7
user_00395,prod_00131,like,2026-01-04 11:41:18,sess_d28d296c,tablet,191,
user_00835,prod_00430,view,2026-02-17 11:41:18,sess_f8affa2a,tablet,208,
user_00122,prod_00259,view,2026-01-25 11:41:18,sess_3b0f1ba8,mobile,300,
user_00252,prod_00160,view,2026-02-11 11:41:18,sess_ca0e9b96,desktop,147,
user_00861,prod_00073,view,2026-02-13 11:41:18,sess_5cb808fe,tablet,284,
user_00951,prod_00262,view,2026-03-29 11:41:18,sess_84ede05b,desktop,201,
user_00382,prod_00196,view,2026-01-04 11:41:18,sess_fc712725,tablet,217,
user_00830,prod_00073,view,2026-03-10 11:41:18,sess_2e8fdf16,mobile,127,
user_00425,prod_00276,view,2026-03-08 11:41:18,sess_f2d614a6,desktop,179,
user_00237,prod_00464,view,2026-03-04 11:41:18,sess_9191ad34,tablet,181,
user_00989,prod_00174,like,2026-03-26 11:41:18,sess_a71888bf,mobile,73,
user_00916,prod_00264,view,2026-01-31 11:41:18,sess_8e4184f9,desktop,46,
user_00695,prod_00499,view,2026-01-17 11:41:18,sess_8469eef9,desktop,190,
user_00889,prod_00469,view,2026-02-09 11:41:18,sess_a000c147,tablet,297,
user_00294,prod_00137,view,2026-02-12 11:41:18,sess_d28b6e7d,tablet,114,
user_00285,prod_00049,view,2026-01-10 11:41:18,sess_64f9e9ce,mobile,20,
user_00761,prod_00112,like,2026-01-22 11:41:18,sess_c8f6af83,desktop,223,
user_00990,prod_00240,like,2026-02-26 11:41:18,sess_61b96bbf,desktop,251,
user_00662,prod_00325,purchase,2026-01-05 11:41:18,sess_1a7917a4,mobile,156,1.0
user_00236,prod_00261,view,2026-01-30 11:41:18,sess_d1b7c3eb,tablet,93,
user_00404,prod_00010,view,2026-02-01 11:41:18,sess_33fb1224,desktop,248,
user_00805,prod_00318,view,2026-03-06 11:41:18,sess_ac340cea,tablet,149,
user_00146,prod_00069,view,2026-03-02 11:41:18,sess_ce04c902,tablet,71,
user_00138,prod_00136,view,2026-01-26 11:41:18,sess_6b4afedf,desktop,235,
user_00789,prod_00093,view,2026-02-12 11:41:18,sess_92bba454,desktop,178,
user_00050,prod_00085,view,2026-01-23 11:41:18,sess_190b7520,tablet,181,
user_00192,prod_00048,like,2026-03-26 11:41:18,sess_c6f3daee,mobile,198,
user_00195,prod_00272,view,2026-02-08 11:41:18,sess_05912ce0,tablet,278,
user_00501,prod_00278,view,2026-03-28 11:41:18,sess_246eca61,tablet,151,
user_00474,prod_00170,view,2026-01-25 11:41:18,sess_096aaf8f,tablet,164,
user_00458,prod_00386,view,2026-02-09 11:41:18,sess_6c7eda8a,tablet,130,
user_00699,prod_00302,view,2026-02-28 11:41:18,sess_9d38594f,mobile,32,
user_00154,prod_00499,view,2026-03-20 11:41:18,sess_abf546fe,desktop,247,
user_00607,prod_00487,view,2026-02-02 11:41:18,sess_9afedba5,tablet,236,
user_00538,prod_00341,view,2026-01-17 11:41:18,sess_76d09ea8,tablet,227,
user_00221,prod_00368,cart,2026-03-02 11:41:18,sess_517c39ca,tablet,171,
user_00634,prod_00368,like,2026-03-13 11:41:18,sess_9049ea68,tablet,38,
user_00118,prod_00365,like,2026-02-16 11:41:18,sess_f0eefddb,tablet,31,
user_00090,prod_00317,view,2026-01-26 11:41:18,sess_7bedd592,desktop,297,
user_00433,prod_00071,view,2026-01-25 11:41:18,sess_280db2bb,tablet,199,
user_00905,prod_00426,view,2026-01-17 11:41:18,sess_fee41bf5,tablet,257,
user_00696,prod_00238,like,2026-03-13 11:41:18,sess_c225a5b5,mobile,27,
user_00564,prod_00368,view,2026-03-27 11:41:18,sess_f0df7aee,mobile,135,
user_00183,prod_00259,view,2026-01-13 11:41:18,sess_c760bf3e,mobile,207,
user_00187,prod_00164,view,2026-02-17 11:41:18,sess_331cdddf,tablet,179,
user_00111,prod_00130,view,2026-02-08 11:41:18,sess_84743332,desktop,55,
user_00648,prod_00358,view,2026-03-29 11:41:18,sess_24b056b2,mobile,140,
user_00647,prod_00482,view,2026-01-28 11:41:18,sess_a6c45c68,mobile,144,
user_00161,prod_00338,view,2026-01-03 11:41:18,sess_c6cca1f7,tablet,155,
user_00898,prod_00500,view,2025-12-30 11:41:18,sess_9b9c5f76,tablet,70,
user_00635,prod_00153,like,2026-01-31 11:41:18,sess_7cf8eb8c,mobile,242,
user_00160,prod_00381,view,2026-01-06 11:41:18,sess_2e2c8a9d,mobile,136,
user_00211,prod_00389,view,2026-02-03 11:41:18,sess_5fdcad03,desktop,196,
user_00692,prod_00230,view,2026-03-03 11:41:18,sess_7ab6fc1c,desktop,71,
user_00398,prod_00410,view,2026-01-28 11:41:18,sess_430bf09c,desktop,29,
user_00212,prod_00341,view,2025-12-30 11:41:18,sess_b7100bbb,tablet,229,
user_00614,prod_00048,view,2026-01-28 11:41:18,sess_4e9d5083,mobile,98,
user_00889,prod_00262,like,2026-01-16 11:41:18,sess_bec47712,tablet,23,
user_00493,prod_00432,like,2026-02-06 11:41:18,sess_9ca289ee,tablet,259,
user_00853,prod_00343,view,2026-03-19 11:41:18,sess_6a3a16e5,desktop,66,
user_00769,prod_00480,view,2026-03-01 11:41:18,sess_5fd034ad,desktop,204,
user_00434,prod_00257,like,2026-02-14 11:41:18,sess_72a80669,mobile,203,
user_00953,prod_00434,like,2026-02-01 11:41:18,sess_aab27581,tablet,199,
user_00502,prod_00106,like,2026-03-19 11:41:18,sess_127a8119,tablet,33,
user_00678,prod_00256,view,2026-03-02 11:41:18,sess_ac6b3ee9,tablet,157,
user_00832,prod_00237,view,2026-02-05 11:41:18,sess_550c7c3c,tablet,41,
user_00188,prod_00349,view,2026-01-11 11:41:18,sess_213c0db6,tablet,109,
user_00673,prod_00208,view,2026-01-16 11:41:18,sess_8da4c700,desktop,95,
user_00882,prod_00493,view,2025-12-31 11:41:18,sess_b0c46e43,desktop,135,
user_00229,prod_00298,view,2026-03-22 11:41:18,sess_46230a84,tablet,177,
user_00403,prod_00456,view,2026-03-28 11:41:18,sess_aa8fb999,mobile,206,
user_00206,prod_00200,cart,2026-03-24 11:41:18,sess_ef145b5c,desktop,44,
user_00399,prod_00133,view,2026-01-30 11:41:18,sess_125027b9,tablet,33,
user_00893,prod_00154,view,2026-01-06 11:41:18,sess_aee348b8,desktop,105,
user_00895,prod_00478,like,2026-01-12 11:41:18,sess_b1f5751d,desktop,191,
user_00954,prod_00082,like,2026-01-13 11:41:18,sess_d7fc13a5,desktop,283,
user_00402,prod_00226,view,2026-03-23 11:41:18,sess_877fea17,desktop,189,
user_00306,prod_00265,view,2026-03-07 11:41:18,sess_d8ec5d20,tablet,201,
user_00624,prod_00392,view,2025-12-30 11:41:18,sess_6193d10c,tablet,98,
user_00998,prod_00421,view,2026-01-05 11:41:18,sess_1ebedd0e,mobile,298,
user_00254,prod_00112,view,2026-03-14 11:41:18,sess_7b36bbb5,desktop,265,
user_00586,prod_00100,like,2026-02-27 11:41:18,sess_97df227f,desktop,284,
user_00865,prod_00275,view,2026-01-26 11:41:18,sess_263cb5e6,desktop,47,
user_00710,prod_00070,view,2026-03-08 11:41:18,sess_30708374,tablet,196,
user_00065,prod_00370,like,2026-01-04 11:41:18,sess_8c48cf1d,desktop,177,
user_00572,prod_00308,view,2026-01-01 11:41:18,sess_0cbfd573,desktop,190,
user_00905,prod_00067,view,2026-01-04 11:41:18,sess_f322291c,mobile,228,
user_00200,prod_00003,like,2026-03-08 11:41:18,sess_040b5412,tablet,119,
user_00817,prod_00121,like,2026-01-11 11:41:18,sess_1889918a,desktop,58,
user_00384,prod_00372,view,2026-01-13 11:41:18,sess_53d3aaaf,tablet,214,
user_00308,prod_00249,view,2026-01-04 11:41:18,sess_360e1a24,desktop,260,
user_00273,prod_00212,view,2026-02-17 11:41:18,sess_9eeb5ff8,mobile,237,
user_00701,prod_00078,view,2026-03-29 11:41:18,sess_c4a8d13a,mobile,286,
user_00972,prod_00181,view,2026-03-24 11:41:18,sess_4b871277,tablet,250,
user_00324,prod_00207,like,2026-01-03 11:41:18,sess_40e1e45d,desktop,282,
user_00114,prod_00334,view,2026-03-29 11:41:18,sess_bd05d97c,mobile,5,
user_00576,prod_00464,view,2026-01-27 11:41:18,sess_f2c30aee,desktop,134,
user_00512,prod_00223,view,2026-02-01 11:41:18,sess_341362d6,tablet,285,
user_00978,prod_00219,view,2026-02-09 11:41:18,sess_336dbb59,tablet,156,
user_00398,prod_00391,view,2026-03-02 11:41:18,sess_c57fdea2,mobile,158,
user_00837,prod_00228,view,2026-01-16 11:41:18,sess_b9b835c7,desktop,122,
user_00204,prod_00488,view,2026-03-12 11:41:18,sess_7a90c388,mobile,225,
user_00942,prod_00457,view,2026-01-11 11:41:18,sess_3666d1d9,mobile,181,
user_00001,prod_00093,view,2026-03-04 11:41:18,sess_1204f9c8,tablet,260,
user_00251,prod_00148,view,2026-03-09 11:41:18,sess_6fdac5d9,mobile,153,
user_00009,prod_00164,view,2026-03-14 11:41:18,sess_1bbbc2bd,desktop,18,
user_00640,prod_00245,view,2026-03-21 11:41:18,sess_157e43b8,desktop,186,
user_00973,prod_00301,view,2026-02-06 11:41:18,sess_6aac57a7,desktop,13,
user_00586,prod_00273,view,2026-01-12 11:41:18,sess_931924da,tablet,52,
user_00450,prod_00385,view,2026-03-01 11:41:18,sess_9e8158ee,desktop,228,
user_00374,prod_00105,view,2026-01-22 11:41:18,sess_d2be04a9,desktop,273,
user_00462,prod_00413,view,2026-01-13 11:41:18,sess_fdd46df9,tablet,182,
user_00925,prod_00336,view,2026-02-27 11:41:18,sess_e7d4b118,mobile,279,
user_00260,prod_00492,view,2026-01-13 11:41:18,sess_4e2842f7,desktop,38,
user_00941,prod_00223,like,2026-02-26 11:41:18,sess_d8f7aa24,desktop,249,
user_00495,prod_00143,view,2026-03-10 11:41:18,sess_f728e9d9,mobile,77,
user_00228,prod_00260,view,2026-02-02 11:41:18,sess_582b2194,desktop,201,
user_00925,prod_00418,purchase,2026-01-19 11:41:18,sess_bcab3266,tablet,270,2.9
user_00383,prod_00253,view,2026-03-07 11:41:18,sess_97bc35de,tablet,25,
user_00655,prod_00399,purchase,2026-02-22 11:41:18,sess_9fdb98df,desktop,63,2.8
user_00389,prod_00165,view,2026-02-17 11:41:18,sess_5ef4e8df,tablet,295,
user_00069,prod_00293,view,2026-03-07 11:41:18,sess_2d670267,desktop,214,
user_00129,prod_00441,view,2026-03-13 11:41:18,sess_7e3136c3,mobile,124,
user_00253,prod_00481,like,2026-03-05 11:41:18,sess_e72f9b8e,desktop,104,
user_00898,prod_00366,view,2026-01-29 11:41:18,sess_fd711d51,desktop,282,
user_00021,prod_00293,like,2025-12-30 11:41:18,sess_a952541d,mobile,211,
user_00939,prod_00001,view,2026-01-09 11:41:18,sess_a5b2be59,desktop,245,
user_00517,prod_00334,like,2026-01-30 11:41:18,sess_0cb07efc,desktop,131,
user_00049,prod_00302,view,2026-01-15 11:41:18,sess_f246bc70,tablet,268,
user_00743,prod_00127,like,2026-01-05 11:41:18,sess_ce957509,tablet,260,
user_00516,prod_00415,like,2026-03-23 11:41:18,sess_2fd85586,tablet,154,
user_00285,prod_00187,view,2026-03-13 11:41:18,sess_21afa378,tablet,209,
user_00161,prod_00484,view,2026-03-28 11:41:18,sess_f55de004,desktop,123,
user_00728,prod_00094,view,2026-03-12 11:41:18,sess_d8b27e22,desktop,269,
user_00163,prod_00177,view,2026-03-28 11:41:18,sess_8d2798f1,desktop,160,
user_00687,prod_00041,view,2026-03-15 11:41:18,sess_dbc04441,mobile,239,
user_00453,prod_00164,view,2026-02-02 11:41:18,sess_7b5e2213,mobile,147,
user_00821,prod_00327,view,2026-01-14 11:41:18,sess_7c841918,tablet,240,
user_00687,prod_00018,view,2026-02-16 11:41:18,sess_3d10a7df,tablet,166,
user_00784,prod_00103,view,2026-02-08 11:41:18,sess_0e379ae0,desktop,249,
user_00146,prod_00224,purchase,2026-01-31 11:41:18,sess_29f195f4,tablet,17,2.4
user_00817,prod_00098,view,2026-02-05 11:41:18,sess_ae373097,desktop,98,
user_00067,prod_00400,view,2026-02-18 11:41:18,sess_d35fb872,desktop,285,
user_00249,prod_00284,like,2026-01-23 11:41:18,sess_1155dafe,desktop,119,
user_00461,prod_00292,view,2026-01-16 11:41:18,sess_5c86cbac,mobile,163,
user_00087,prod_00115,view,2026-02-28 11:41:18,sess_14cc226a,mobile,223,
user_00706,prod_00099,like,2026-03-26 11:41:18,sess_4f7661f3,desktop,291,
user_00268,prod_00350,like,2026-01-23 11:41:18,sess_b8c19d66,mobile,221,
user_00454,prod_00083,view,2026-02-04 11:41:18,sess_f2108ba7,desktop,216,
user_00048,prod_00479,view,2026-02-11 11:41:18,sess_4c6e2495,desktop,293,
user_00365,prod_00230,like,2026-03-18 11:41:18,sess_9b327428,mobile,168,
user_00967,prod_00382,view,2026-01-05 11:41:18,sess_ad4b9bac,mobile,186,
user_00013,prod_00151,view,2026-01-01 11:41:18,sess_eb64ea09,tablet,277,
user_00667,prod_00315,view,2026-01-20 11:41:18,sess_1c48c871,desktop,171,
user_00542,prod_00230,view,2026-01-27 11:41:18,sess_fb3d217e,tablet,154,
user_00775,prod_00185,view,2026-03-25 11:41:18,sess_216a0980,tablet,15,
user_00157,prod_00148,view,2026-02-22 11:41:18,sess_e9a0ca91,mobile,194,
user_00061,prod_00405,like,2026-02-27 11:41:18,sess_ffd92d50,mobile,212,
user_00389,prod_00008,view,2026-01-02 11:41:18,sess_49f4e6af,mobile,49,
user_00352,prod_00326,view,2026-02-03 11:41:18,sess_7a5f9d89,mobile,123,
user_00664,prod_00146,like,2026-03-25 11:41:18,sess_fae51a9f,mobile,26,
user_00893,prod_00425,view,2026-02-20 11:41:18,sess_a42bf112,mobile,288,
user_00602,prod_00071,view,2026-03-28 11:41:18,sess_14b52dbd,desktop,297,
user_00638,prod_00350,like,2026-02-19 11:41:18,sess_a20083ef,tablet,128,
user_00341,prod_00224,like,2026-01-25 11:41:18,sess_bb6f9ebd,mobile,120,
user_00808,prod_00336,view,2026-03-03 11:41:18,sess_99a38b9b,desktop,154,
user_00499,prod_00072,view,2026-02-17 11:41:18,sess_a2580df4,tablet,54,
user_00497,prod_00020,view,2026-03-22 11:41:18,sess_7be520be,desktop,99,
user_00267,prod_00140,view,2026-02-27 11:41:18,sess_ed3f43d6,tablet,23,
user_00789,prod_00021,view,2026-03-03 11:41:18,sess_6aeeff14,tablet,285,
user_00019,prod_00140,view,2026-03-09 11:41:18,sess_c2220cb0,desktop,58,
user_00309,prod_00006,view,2026-02-02 11:41:18,sess_2c85578f,mobile,294,
user_00594,prod_00258,view,2026-01-26 11:41:18,sess_d5ee0e54,mobile,261,
user_00992,prod_00060,like,2026-03-17 11:41:18,sess_2599ea80,mobile,14,
user_00236,prod_00440,view,2026-03-17 11:41:18,sess_c5a56148,tablet,97,
user_00563,prod_00050,view,2026-02-10 11:41:18,sess_3dbc7819,desktop,171,
user_00268,prod_00475,view,2026-03-11 11:41:18,sess_b8147c00,desktop,229,
user_00238,prod_00058,like,2026-02-02 11:41:18,sess_ad0f9d2d,desktop,261,
user_00464,prod_00203,like,2026-01-15 11:41:18,sess_a2001674,desktop,260,
user_00811,prod_00382,view,2026-02-12 11:41:18,sess_845d9d43,mobile,289,
user_00062,prod_00324,view,2026-03-01 11:41:18,sess_231655da,tablet,117,
user_00092,prod_00389,cart,2026-02-04 11:41:18,sess_bf57fff1,mobile,147,
user_00177,prod_00196,view,2026-02-26 11:41:18,sess_ad91a3fd,desktop,49,
user_00919,prod_00214,view,2026-02-25 11:41:18,sess_251d2593,desktop,58,
user_00379,prod_00095,view,2026-02-14 11:41:18,sess_c118f344,tablet,261,
user_00758,prod_00325,view,2026-02-05 11:41:18,sess_5db6cf02,tablet,151,
user_00746,prod_00189,view,2026-01-03 11:41:18,sess_789871c8,tablet,63,
user_00856,prod_00113,view,2026-02-26 11:41:18,sess_99d8281f,tablet,264,
user_00497,prod_00425,view,2026-01-12 11:41:18,sess_09566e7e,mobile,285,
user_00828,prod_00099,view,2026-02-08 11:41:18,sess_0493baad,desktop,89,
user_00320,prod_00461,purchase,2026-01-27 11:41:18,sess_2bd8ff02,desktop,66,2.2
user_00268,prod_00433,view,2026-03-09 11:41:18,sess_6ba857e4,desktop,68,
user_00195,prod_00181,view,2026-02-17 11:41:18,sess_d4699e0a,desktop,179,
user_00395,prod_00045,view,2026-02-03 11:41:18,sess_3149f3ea,tablet,83,
user_00852,prod_00046,view,2026-03-15 11:41:18,sess_5a9ebc23,tablet,189,
user_00353,prod_00038,view,2026-02-13 11:41:18,sess_cb3fadb2,desktop,72,
user_00892,prod_00496,like,2026-02-11 11:41:18,sess_4ff36524,desktop,282,
user_00516,prod_00327,view,2026-02-23 11:41:18,sess_ad4ab013,tablet,274,
user_00945,prod_00089,view,2026-01-29 11:41:18,sess_61fa3665,mobile,82,
user_00401,prod_00097,view,2026-01-01 11:41:18,sess_f049f9ab,tablet,99,
user_00673,prod_00317,view,2026-03-17 11:41:18,sess_aa763cc9,tablet,132,
user_00156,prod_00209,view,2026-02-27 11:41:18,sess_d7f14bf9,mobile,84,
user_00900,prod_00210,view,2026-02-04 11:41:18,sess_fe00fc4f,desktop,154,
user_00445,prod_00452,like,2026-01-15 11:41:18,sess_ba519054,tablet,154,
user_00781,prod_00198,view,2026-01-31 11:41:18,sess_2679a302,desktop,82,
user_01000,prod_00295,view,2026-01-11 11:41:18,sess_22a31bba,mobile,42,
user_00207,prod_00214,view,2026-01-26 11:41:18,sess_0ec478c6,mobile,211,
user_00419,prod_00259,like,2026-01-02 11:41:18,sess_b3838ed0,desktop,122,
user_00415,prod_00333,like,2026-03-07 11:41:18,sess_deed4448,mobile,102,
user_00078,prod_00204,like,2026-03-17 11:41:18,sess_308bae3d,desktop,235,
user_00612,prod_00008,view,2026-03-25 11:41:18,sess_fd9e22fb,mobile,288,
user_00697,prod_00274,view,2026-03-17 11:41:18,sess_57a6c78f,tablet,168,
user_00815,prod_00499,view,2026-03-17 11:41:18,sess_acb3eca2,desktop,211,
user_00287,prod_00277,view,2026-02-04 11:41:18,sess_8e47fd80,mobile,280,
user_00060,prod_00445,like,2026-01-01 11:41:18,sess_1a040196,tablet,192,
user_00978,prod_00100,view,2026-02-23 11:41:18,sess_dcb2bc29,tablet,128,
user_00577,prod_00248,view,2026-02-27 11:41:18,sess_573f711c,desktop,49,
user_00881,prod_00163,view,2026-02-10 11:41:18,sess_1db7a914,desktop,11,
user_00513,prod_00216,view,2026-02-10 11:41:18,sess_277c8de0,desktop,35,
user_00297,prod_00204,like,2026-03-08 11:41:18,sess_38b46c4b,mobile,164,
user_00884,prod_00488,view,2026-01-12 11:41:18,sess_63fc8947,mobile,79,
user_00956,prod_00473,view,2026-01-19 11:41:18,sess_ddb0c44e,tablet,79,
user_00890,prod_00491,cart,2026-02-27 11:41:18,sess_73a4beb6,desktop,27,
user_00979,prod_00213,view,2026-01-22 11:41:18,sess_cbe009bd,desktop,21,
user_00080,prod_00166,like,2026-01-06 11:41:18,sess_fc4fd52d,mobile,207,
user_00140,prod_00364,view,2026-01-11 11:41:18,sess_5f09560b,desktop,186,
user_00189,prod_00445,view,2026-02-05 11:41:18,sess_2d8d0cd9,desktop,30,
user_00547,prod_00110,view,2026-02-08 11:41:18,sess_bae0657f,tablet,88,
user_00117,prod_00149,view,2026-03-02 11:41:18,sess_0915119e,desktop,105,
user_00056,prod_00270,view,2026-02-23 11:41:18,sess_889a8bb3,mobile,14,
user_00200,prod_00317,view,2026-03-11 11:41:18,sess_3427ec4f,mobile,31,
user_00350,prod_00433,view,2026-03-25 11:41:18,sess_a2fcb26d,desktop,8,
user_00648,prod_00091,view,2026-01-24 11:41:18,sess_6f77d1b1,desktop,234,
user_00639,prod_00268,view,2026-03-09 11:41:18,sess_6eb282e5,desktop,121,
user_00546,prod_00061,like,2026-03-04 11:41:18,sess_92213466,mobile,74,
user_00589,prod_00233,purchase,2026-02-21 11:41:18,sess_d11737f3,tablet,132,3.2
user_00974,prod_00434,view,2026-02-11 11:41:18,sess_952f1f1e,desktop,125,
user_00657,prod_00044,like,2026-01-20 11:41:18,sess_2e3f3db7,mobile,34,
user_00487,prod_00417,like,2026-02-07 11:41:18,sess_285461e2,desktop,272,
user_00248,prod_00245,view,2026-01-08 11:41:18,sess_705be441,tablet,192,
user_00664,prod_00009,like,2026-01-26 11:41:18,sess_63ec12a6,desktop,24,
user_00014,prod_00448,like,2026-03-24 11:41:18,sess_f4501ec0,tablet,101,
user_00119,prod_00228,view,2026-03-21 11:41:18,sess_5f36ae3e,mobile,190,
user_00602,prod_00362,view,2026-03-04 11:41:18,sess_e5f0641c,mobile,61,
user_00826,prod_00388,view,2026-01-15 11:41:18,sess_ddc90458,desktop,140,
user_00019,prod_00060,view,2026-02-07 11:41:18,sess_1e64b8ee,mobile,51,
user_00908,prod_00317,like,2026-03-30 11:41:18,sess_1f85e77d,desktop,90,
user_00179,prod_00415,view,2026-01-17 11:41:18,sess_de7960ec,mobile,44,
user_00398,prod_00381,view,2026-02-09 11:41:18,sess_79ba8cae,desktop,121,
user_00237,prod_00060,view,2026-03-24 11:41:18,sess_b6915d39,tablet,84,
user_00195,prod_00054,view,2026-03-20 11:41:18,sess_e410c40c,tablet,234,
user_00124,prod_00309,view,2026-02-26 11:41:18,sess_6b594878,mobile,176,
user_00781,prod_00057,view,2026-03-21 11:41:18,sess_54ae3666,tablet,10,
user_00006,prod_00431,view,2026-02-02 11:41:18,sess_c9035f35,mobile,188,
user_00162,prod_00411,like,2026-01-29 11:41:18,sess_ab083564,desktop,127,
user_00371,prod_00094,view,2026-01-06 11:41:18,sess_ddbd8b8b,mobile,81,
user_00722,prod_00096,view,2026-03-18 11:41:18,sess_fde71dde,mobile,208,
user_00425,prod_00168,view,2026-02-21 11:41:18,sess_80827201,tablet,90,
user_00991,prod_00099,like,2026-01-04 11:41:18,sess_dc6062c6,desktop,27,
user_00377,prod_00242,view,2026-03-06 11:41:18,sess_be524734,mobile,70,
user_00731,prod_00254,view,2026-01-03 11:41:18,sess_996f6861,desktop,88,
user_00404,prod_00063,view,2026-01-23 11:41:18,sess_c93edb4b,tablet,273,
user_00610,prod_00414,view,2026-01-19 11:41:18,sess_27381f1c,mobile,55,
user_00489,prod_00498,view,2026-03-16 11:41:18,sess_da58edf9,mobile,39,
user_00265,prod_00084,view,2026-02-21 11:41:18,sess_930f9951,tablet,261,
user_00320,prod_00187,purchase,2026-01-03 11:41:18,sess_8a6a5f26,mobile,232,1.3
user_00759,prod_00241,view,2026-03-30 11:41:18,sess_ddcca5ac,tablet,214,
user_00412,prod_00306,view,2026-02-18 11:41:18,sess_98fe052c,tablet,32,
user_00556,prod_00181,cart,2026-02-26 11:41:18,sess_fcd75f1e,mobile,67,
user_00666,prod_00408,like,2026-01-30 11:41:18,sess_64436020,mobile,203,
user_00107,prod_00106,view,2026-01-03 11:41:18,sess_6e8f7fd9,mobile,236,
user_00219,prod_00273,like,2026-01-06 11:41:18,sess_dde8c124,mobile,237,
user_00167,prod_00016,like,2026-02-04 11:41:18,sess_b4181127,desktop,11,
user_00032,prod_00033,view,2026-01-06 11:41:18,sess_a31f839e,tablet,167,
user_00298,prod_00439,like,2026-02-02 11:41:18,sess_95d515d5,tablet,81,
user_00873,prod_00149,view,2026-02-23 11:41:18,sess_c405bb60,mobile,143,
user_00781,prod_00353,view,2026-01-05 11:41:18,sess_5f65c22d,tablet,40,
user_00857,prod_00063,like,2026-01-05 11:41:18,sess_f655bf4b,desktop,228,
user_00148,prod_00141,view,2026-03-23 11:41:18,sess_94587a4c,tablet,222,
user_00917,prod_00452,view,2026-03-21 11:41:18,sess_88f4f644,mobile,221,
user_00943,prod_00262,view,2026-03-02 11:41:18,sess_afc978ee,tablet,183,
user_00101,prod_00322,view,2026-02-28 11:41:18,sess_db2099f5,desktop,221,
user_00401,prod_00164,view,2026-01-26 11:41:18,sess_0742cb34,desktop,222,
user_00264,prod_00167,like,2026-02-24 11:41:18,sess_3100549d,tablet,166,
user_00010,prod_00221,like,2026-03-18 11:41:18,sess_8490a681,tablet,114,
user_00488,prod_00476,like,2026-02-04 11:41:18,sess_e90dad91,tablet,128,
user_00648,prod_00054,like,2026-03-25 11:41:18,sess_95d17f06,tablet,252,
user_00549,prod_00220,view,2026-02-10 11:41:18,sess_3aa8e9b0,mobile,62,
user_00571,prod_00410,like,2026-02-17 11:41:18,sess_3fd25487,tablet,147,
user_00655,prod_00146,view,2026-01-26 11:41:18,sess_bac11a02,mobile,126,
user_00274,prod_00360,view,2026-01-06 11:41:18,sess_db1e00db,tablet,245,
user_00255,prod_00222,view,2026-01-04 11:41:18,sess_650b129b,desktop,262,
user_00791,prod_00185,like,2026-01-04 11:41:18,sess_8ceee879,tablet,252,
user_00817,prod_00442,view,2026-03-30 11:41:18,sess_0a56eaa0,tablet,114,
user_00486,prod_00010,cart,2026-02-17 11:41:18,sess_2992da5b,tablet,208,
user_00571,prod_00294,view,2026-03-28 11:41:18,sess_4e5fd29d,tablet,188,
user_00174,prod_00290,view,2026-01-05 11:41:18,sess_160d98d2,desktop,21,
user_00614,prod_00180,purchase,2026-02-24 11:41:18,sess_dd7679de,desktop,83,2.6
user_00518,prod_00026,like,2026-01-08 11:41:18,sess_d7232eb0,mobile,152,
user_00079,prod_00219,view,2026-02-14 11:41:18,sess_5555d60e,desktop,23,
user_00832,prod_00354,view,2026-01-27 11:41:18,sess_ad8ef836,tablet,18,
user_00523,prod_00273,view,2026-03-05 11:41:18,sess_7363b4c3,mobile,67,
user_00154,prod_00492,view,2026-01-15 11:41:18,sess_f7c905e7,desktop,76,
user_00900,prod_00284,like,2026-03-20 11:41:18,sess_1fcb637a,mobile,173,
user_00400,prod_00249,view,2026-03-30 11:41:18,sess_ddc0c1a9,tablet,114,
user_00532,prod_00436,like,2026-03-08 11:41:18,sess_523be3f2,tablet,240,
user_00717,prod_00060,view,2026-02-23 11:41:18,sess_a3e91e55,mobile,259,
user_00669,prod_00363,view,2026-03-05 11:41:18,sess_6fa2da56,desktop,256,
user_00239,prod_00359,like,2026-01-03 11:41:18,sess_0cdc6ea2,desktop,82,
user_00013,prod_00312,view,2026-02-02 11:41:18,sess_3e8722bc,tablet,127,
user_00918,prod_00247,view,2026-01-06 11:41:18,sess_b0c2b70c,tablet,238,
user_00068,prod_00317,view,2026-03-24 11:41:18,sess_c3f1946b,tablet,173,
user_00581,prod_00070,view,2026-01-07 11:41:18,sess_100b5c4c,mobile,299,
user_00373,prod_00184,view,2025-12-30 11:41:18,sess_bd7c7a0c,tablet,119,
user_00405,prod_00152,view,2026-01-31 11:41:18,sess_8a3a8d45,tablet,183,
user_00465,prod_00077,view,2026-01-09 11:41:18,sess_625bd004,mobile,221,
user_00984,prod_00349,view,2026-03-11 11:41:18,sess_08e45ef1,mobile,127,
user_00329,prod_00054,view,2026-01-08 11:41:18,sess_3f51bdfc,mobile,127,
user_00672,prod_00107,view,2026-01-29 11:41:18,sess_d1375b20,desktop,101,
user_00382,prod_00485,view,2026-02-25 11:41:18,sess_48a1e7cd,desktop,300,
user_00286,prod_00489,like,2026-03-13 11:41:18,sess_2ff66bbf,tablet,69,
user_00186,prod_00117,like,2026-01-22 11:41:18,sess_2096f866,desktop,247,
user_00061,prod_00482,view,2026-03-17 11:41:18,sess_2e6e2b17,mobile,250,
user_00013,prod_00270,view,2026-02-02 11:41:18,sess_a666ed9e,tablet,110,
user_00492,prod_00317,view,2026-03-16 11:41:18,sess_a7f1578b,desktop,288,
user_00191,prod_00072,view,2026-01-23 11:41:18,sess_1b396c3b,mobile,112,
user_00458,prod_00035,view,2026-03-01 11:41:18,sess_30bdc1ba,mobile,234,
user_00863,prod_00279,view,2026-01-13 11:41:18,sess_3d4bbaf7,tablet,291,
user_00806,prod_00396,view,2026-03-05 11:41:18,sess_ee7894b3,desktop,147,
user_00666,prod_00225,view,2026-03-18 11:41:18,sess_705eaca7,mobile,111,
user_00457,prod_00032,view,2026-02-08 11:41:18,sess_52a94ff1,mobile,161,
user_00863,prod_00188,view,2026-02-02 11:41:18,sess_64e2b2bf,desktop,12,
user_00016,prod_00165,like,2026-01-23 11:41:18,sess_2aae4118,mobile,109,
user_00940,prod_00136,view,2026-01-24 11:41:18,sess_10ec770f,mobile,289,
user_00831,prod_00092,view,2026-02-17 11:41:18,sess_a8841d1e,mobile,74,
user_00747,prod_00467,view,2026-01-14 11:41:18,sess_af969610,tablet,89,
user_00985,prod_00175,purchase,2026-02-11 11:41:18,sess_deea10b3,desktop,155,1.4
user_00906,prod_00436,view,2026-03-26 11:41:18,sess_e2d15de4,desktop,13,
user_00391,prod_00211,view,2026-01-26 11:41:18,sess_a00ba5cd,mobile,210,
user_00219,prod_00392,view,2026-01-16 11:41:18,sess_d8c91ddb,mobile,225,
user_00714,prod_00048,like,2026-03-02 11:41:18,sess_ee7f1693,mobile,130,
user_00502,prod_00106,purchase,2026-01-27 11:41:18,sess_491f0450,desktop,44,4.9
user_00009,prod_00397,view,2026-01-09 11:41:18,sess_12239e9c,tablet,113,
user_00029,prod_00213,like,2026-03-29 11:41:18,sess_b93aff0d,desktop,194,
user_00530,prod_00067,view,2026-03-18 11:41:18,sess_f399ef6c,desktop,98,
user_00849,prod_00139,like,2026-01-18 11:41:18,sess_838a7957,desktop,249,
user_00250,prod_00076,purchase,2026-02-04 11:41:18,sess_97d425e4,desktop,73,3.3
user_00621,prod_00013,like,2026-02-02 11:41:18,sess_71814502,tablet,66,
user_00133,prod_00013,like,2026-03-26 11:41:18,sess_e5b95b94,tablet,181,
user_00489,prod_00281,like,2026-02-17 11:41:18,sess_f6e8932e,mobile,280,
user_00102,prod_00292,view,2026-02-25 11:41:18,sess_d1380bb4,desktop,169,
user_00446,prod_00168,like,2026-03-20 11:41:18,sess_3d487445,tablet,233,
user_00270,prod_00151,view,2026-02-18 11:41:18,sess_4125f4ec,desktop,33,
user_00949,prod_00491,like,2026-01-01 11:41:18,sess_72550041,tablet,171,
user_00430,prod_00248,view,2026-03-08 11:41:18,sess_4a361426,mobile,64,
user_00747,prod_00202,like,2026-02-27 11:41:18,sess_bbb80cd3,mobile,17,
user_00074,prod_00115,cart,2026-03-26 11:41:18,sess_a764d9f5,desktop,280,
user_00054,prod_00199,view,2026-03-21 11:41:18,sess_0d2ed22f,desktop,144,
user_00977,prod_00222,view,2026-02-26 11:41:18,sess_f74430e2,mobile,30,
user_00014,prod_00021,view,2026-02-21 11:41:18,sess_55bcf4b9,tablet,216,
user_00261,prod_00435,view,2026-01-30 11:41:18,sess_c172c16b,desktop,275,
user_00811,prod_00109,like,2026-03-09 11:41:18,sess_3150f625,desktop,213,
user_00020,prod_00145,like,2026-02-02 11:41:18,sess_e007cc52,desktop,35,
user_00086,prod_00495,view,2025-12-31 11:41:18,sess_6cfcba3b,desktop,174,
user_00757,prod_00041,cart,2026-01-04 11:41:18,sess_9b32d7fc,mobile,201,
user_00362,prod_00091,view,2026-01-03 11:41:18,sess_d157836d,mobile,193,
user_00580,prod_00169,view,2026-03-17 11:41:18,sess_78477187,desktop,16,
user_00450,prod_00445,like,2026-01-02 11:41:18,sess_abb07ea5,desktop,251,
user_00973,prod_00412,like,2026-03-06 11:41:18,sess_9958d00b,mobile,25,
user_00708,prod_00493,like,2026-01-15 11:41:18,sess_55be1e51,desktop,210,
user_00484,prod_00030,view,2026-02-10 11:41:18,sess_91459fb1,mobile,216,
user_00523,prod_00131,view,2026-01-14 11:41:18,sess_f83784ea,desktop,149,
user_00375,prod_00390,view,2026-02-19 11:41:18,sess_bf87250c,mobile,282,
user_00234,prod_00095,like,2026-02-02 11:41:18,sess_d900ab3b,tablet,70,
user_00279,prod_00483,like,2025-12-30 11:41:18,sess_fcae6d87,mobile,239,
user_00767,prod_00368,cart,2026-02-24 11:41:18,sess_d39f7ddc,desktop,276,
user_00932,prod_00472,view,2026-03-30 11:41:18,sess_7c787565,tablet,163,
user_00394,prod_00174,like,2026-01-15 11:41:18,sess_34ef4871,mobile,153,
user_00574,prod_00380,view,2026-01-07 11:41:18,sess_b86d32f8,desktop,129,
user_00490,prod_00204,view,2026-02-26 11:41:18,sess_cfbd40a8,tablet,245,
user_00948,prod_00106,view,2026-02-17 11:41:18,sess_d7e1ca28,mobile,145,
user_00878,prod_00076,view,2026-03-18 11:41:18,sess_1824a34c,tablet,237,
user_00126,prod_00217,like,2026-02-03 11:41:18,sess_4ebcdfaa,desktop,226,
user_00436,prod_00356,purchase,2026-03-15 11:41:18,sess_31e90028,tablet,102,4.6
user_00168,prod_00195,view,2026-01-16 11:41:18,sess_d1c59378,tablet,112,
user_00116,prod_00230,like,2026-03-29 11:41:18,sess_ad99f0bf,tablet,186,
user_00431,prod_00386,view,2026-03-16 11:41:18,sess_fd6f7dcc,mobile,196,
user_00867,prod_00335,like,2026-01-14 11:41:18,sess_0ed06ecf,tablet,217,
user_00497,prod_00024,like,2026-01-28 11:41:18,sess_df4c06ff,mobile,144,
user_00035,prod_00182,like,2026-03-13 11:41:18,sess_a519bfc9,desktop,14,
user_00714,prod_00044,view,2026-02-22 11:41:18,sess_03d2bf43,desktop,149,
user_00037,prod_00328,view,2026-02-17 11:41:18,sess_5982b94a,mobile,194,
user_00399,prod_00323,view,2026-02-24 11:41:18,sess_dc3a42b5,tablet,286,
user_00276,prod_00183,like,2026-02-09 11:41:18,sess_c4957017,tablet,214,
user_00216,prod_00124,view,2026-03-07 11:41:18,sess_59d8b248,mobile,175,
user_00028,prod_00290,like,2026-03-10 11:41:18,sess_be2f8f76,desktop,245,
user_00134,prod_00271,view,2026-01-16 11:41:18,sess_c50f6333,desktop,264,
user_00902,prod_00285,view,2026-01-18 11:41:18,sess_e7a09dbf,tablet,144,
user_00862,prod_00481,like,2026-02-07 11:41:18,sess_73af1940,mobile,125,
user_00420,prod_00474,like,2026-03-07 11:41:18,sess_0094b338,desktop,227,
user_00698,prod_00449,view,2026-03-08 11:41:18,sess_0a0e540f,tablet,151,
user_00202,prod_00355,view,2026-01-28 11:41:18,sess_5cf1e4ee,tablet,208,
user_00822,prod_00053,view,2026-01-28 11:41:18,sess_399adf36,desktop,244,
user_00698,prod_00270,view,2026-01-27 11:41:18,sess_0ca854f1,mobile,220,
user_00295,prod_00289,view,2026-02-09 11:41:18,sess_a26c8fc2,mobile,224,
user_00596,prod_00171,like,2026-02-15 11:41:18,sess_00a825d5,tablet,95,
user_00353,prod_00019,view,2026-03-21 11:41:18,sess_433e5796,desktop,223,
user_00628,prod_00244,view,2026-01-24 11:41:18,sess_bb7624cd,mobile,111,
user_00055,prod_00245,view,2026-03-22 11:41:18,sess_8daec7bb,mobile,115,
user_00773,prod_00436,like,2026-01-28 11:41:18,sess_cc8899a7,desktop,123,
user_00183,prod_00426,view,2026-03-08 11:41:18,sess_9853e832,desktop,149,
user_00101,prod_00283,view,2026-02-10 11:41:18,sess_5f9521a7,tablet,300,
user_00655,prod_00181,view,2026-01-01 11:41:18,sess_6682d6e8,mobile,298,
user_00868,prod_00154,cart,2026-03-22 11:41:18,sess_2f32fc8f,mobile,282,
user_00160,prod_00284,like,2026-02-13 11:41:18,sess_59044541,tablet,183,
user_00099,prod_00043,view,2026-03-06 11:41:18,sess_77dd3143,mobile,293,
user_00834,prod_00464,like,2026-02-03 11:41:18,sess_ad900357,tablet,226,
user_00662,prod_00297,view,2026-01-16 11:41:18,sess_6453eeee,desktop,101,
user_00572,prod_00346,like,2026-02-22 11:41:18,sess_79c8ab58,mobile,276,
user_00513,prod_00154,view,2026-01-28 11:41:18,sess_d4ae1f79,mobile,161,
user_00643,prod_00282,view,2026-02-27 11:41:18,sess_e8c5bde4,mobile,96,
user_00896,prod_00230,purchase,2026-01-31 11:41:18,sess_400133ab,tablet,109,4.3
user_00411,prod_00082,view,2026-02-16 11:41:18,sess_9430dfeb,desktop,106,
user_00162,prod_00218,view,2026-03-12 11:41:18,sess_39f065d2,desktop,161,
user_00692,prod_00397,view,2026-03-12 11:41:18,sess_39127103,desktop,290,
user_00736,prod_00237,view,2026-02-28 11:41:18,sess_13209770,tablet,266,
user_00901,prod_00341,cart,2026-03-09 11:41:18,sess_19cdd258,tablet,228,
user_00454,prod_00085,view,2026-01-26 11:41:18,sess_f467820e,tablet,201,
user_00942,prod_00316,view,2026-03-28 11:41:18,sess_89406870,desktop,199,
user_00722,prod_00447,view,2026-01-10 11:41:18,sess_d70d6616,desktop,165,
user_00188,prod_00428,view,2026-02-18 11:41:18,sess_79de822a,desktop,117,
user_00077,prod_00341,view,2026-02-22 11:41:18,sess_93c3bb44,mobile,140,
user_00080,prod_00361,view,2026-03-17 11:41:18,sess_58246cc4,tablet,40,
user_00138,prod_00305,view,2026-01-01 11:41:18,sess_7e0f7478,mobile,238,
user_00058,prod_00475,view,2026-02-02 11:41:18,sess_c8518a81,tablet,56,
user_00299,prod_00318,view,2026-02-13 11:41:18,sess_5bc23df4,desktop,20,
user_00081,prod_00299,view,2026-03-22 11:41:18,sess_28d6721b,tablet,45,
user_00032,prod_00452,like,2026-02-02 11:41:18,sess_e69c8be1,mobile,51,
user_00833,prod_00113,view,2026-03-25 11:41:18,sess_a4f64c70,tablet,38,
user_00681,prod_00355,view,2026-03-06 11:41:18,sess_97539537,mobile,235,
user_00369,prod_00213,purchase,2026-03-17 11:41:18,sess_4ee64c72,tablet,232,1.9
user_00219,prod_00121,purchase,2026-03-30 11:41:18,sess_9ef9ee39,mobile,153,3.3
user_00424,prod_00081,like,2026-03-10 11:41:18,sess_5d687419,mobile,138,
user_00016,prod_00001,view,2026-01-22 11:41:18,sess_f25280bc,desktop,176,
user_00277,prod_00434,cart,2026-01-06 11:41:18,sess_6e0ccd19,desktop,48,
user_01000,prod_00487,view,2026-01-20 11:41:18,sess_ebf95044,tablet,26,
user_00855,prod_00142,view,2026-01-18 11:41:18,sess_864a4125,tablet,20,
user_00806,prod_00017,view,2026-03-20 11:41:18,sess_35b656eb,desktop,129,
user_00945,prod_00036,view,2026-02-17 11:41:18,sess_1b3347d1,tablet,213,
user_00060,prod_00426,view,2026-01-13 11:41:18,sess_5ed68537,mobile,145,
user_00816,prod_00475,like,2026-02-17 11:41:18,sess_7d0cf0bb,desktop,262,
user_00863,prod_00457,view,2026-02-18 11:41:18,sess_111bf558,desktop,184,
user_00009,prod_00429,view,2026-02-19 11:41:18,sess_35678ad6,desktop,138,
user_00776,prod_00030,view,2026-02-25 11:41:18,sess_131c852c,tablet,261,
user_00425,prod_00388,like,2026-02-25 11:41:18,sess_d48f46e4,mobile,270,
user_00164,prod_00256,view,2026-03-16 11:41:18,sess_c4215b9e,desktop,292,
user_00572,prod_00424,view,2026-02-11 11:41:18,sess_ccfcf9ef,tablet,15,
user_00970,prod_00039,view,2026-02-16 11:41:18,sess_da26ab29,desktop,255,
user_00044,prod_00286,view,2026-01-19 11:41:18,sess_d794bb8c,desktop,171,
user_00909,prod_00024,view,2026-02-21 11:41:18,sess_1f792d11,mobile,158,
user_00928,prod_00143,view,2026-02-25 11:41:18,sess_ad422130,mobile,212,
user_00506,prod_00405,view,2026-03-23 11:41:18,sess_63afa0fd,tablet,182,
user_00869,prod_00023,view,2026-03-15 11:41:18,sess_83073ce9,mobile,229,
user_00686,prod_00263,like,2026-02-26 11:41:18,sess_5c96bf91,tablet,232,
user_00045,prod_00151,view,2026-02-06 11:41:18,sess_0a72fb4d,tablet,293,
user_00682,prod_00259,view,2026-03-30 11:41:18,sess_c14c35b8,desktop,200,
user_00676,prod_00276,view,2026-03-29 11:41:18,sess_1735bce2,mobile,224,
user_00548,prod_00040,view,2026-02-12 11:41:18,sess_1ca994f3,tablet,246,
user_00158,prod_00344,view,2026-01-06 11:41:18,sess_fc7e8564,desktop,205,
user_00421,prod_00378,view,2026-02-18 11:41:18,sess_7fc1b806,desktop,67,
user_00887,prod_00236,view,2026-03-27 11:41:18,sess_395ce1fa,desktop,226,
user_00015,prod_00042,view,2026-03-16 11:41:18,sess_dd6a7beb,tablet,279,
user_00902,prod_00004,like,2026-03-08 11:41:18,sess_39110600,tablet,150,
user_00998,prod_00189,view,2026-03-17 11:41:18,sess_cd033f01,tablet,224,
user_00944,prod_00248,like,2026-01-01 11:41:18,sess_60f23a36,mobile,86,
user_00818,prod_00424,view,2026-03-01 11:41:18,sess_fb66066f,desktop,65,
user_00266,prod_00106,like,2026-02-12 11:41:18,sess_e7411f8e,mobile,236,
user_00975,prod_00091,view,2026-01-21 11:41:18,sess_ce3ac293,mobile,105,
user_00433,prod_00489,like,2026-01-22 11:41:18,sess_3815dab1,tablet,300,
user_00105,prod_00088,view,2026-01-15 11:41:18,sess_81017c45,desktop,151,
user_00705,prod_00239,view,2026-01-21 11:41:18,sess_11db7f69,tablet,19,
user_00093,prod_00091,view,2026-02-07 11:41:18,sess_c8a04c14,mobile,36,
user_00545,prod_00111,view,2026-03-29 11:41:18,sess_3e6c8e6e,tablet,281,
user_00040,prod_00077,view,2026-01-05 11:41:18,sess_fe087755,mobile,40,
user_00871,prod_00207,like,2026-02-28 11:41:18,sess_066c1bdc,desktop,36,
user_00232,prod_00462,like,2026-01-10 11:41:18,sess_308afb3c,mobile,167,
user_00127,prod_00201,like,2026-02-06 11:41:18,sess_6fc628ae,mobile,298,
user_00416,prod_00449,view,2026-02-08 11:41:18,sess_5311f621,tablet,103,
user_00396,prod_00439,view,2026-02-12 11:41:18,sess_fb9d500d,mobile,197,
user_00526,prod_00250,like,2026-03-08 11:41:18,sess_11cc2057,desktop,146,
user_00369,prod_00024,view,2026-02-24 11:41:18,sess_d9198671,mobile,229,
user_00573,prod_00410,like,2026-01-18 11:41:18,sess_566b1294,desktop,54,
user_00837,prod_00431,view,2026-02-22 11:41:18,sess_841a0382,mobile,33,
user_00053,prod_00328,view,2026-02-17 11:41:18,sess_32177d60,tablet,154,
user_00528,prod_00148,like,2026-03-01 11:41:18,sess_76a148f1,mobile,7,
user_00284,prod_00221,view,2026-02-18 11:41:18,sess_14ff0a40,tablet,217,
user_00002,prod_00363,like,2026-01-02 11:41:18,sess_c234c778,mobile,245,
user_00382,prod_00320,view,2026-01-30 11:41:18,sess_7efe72b7,tablet,31,
user_00651,prod_00426,purchase,2026-01-29 11:41:18,sess_59fee836,mobile,69,3.0
user_00543,prod_00296,view,2026-01-31 11:41:18,sess_a1b5d469,desktop,139,
user_00378,prod_00059,view,2026-03-24 11:41:18,sess_c5781020,desktop,30,
user_00919,prod_00438,like,2026-01-27 11:41:18,sess_3bb618f2,desktop,157,
user_00494,prod_00108,view,2026-03-07 11:41:18,sess_0ec3aad8,desktop,162,
user_00025,prod_00196,view,2026-01-25 11:41:18,sess_b54e4375,desktop,6,
user_00456,prod_00084,view,2026-03-07 11:41:18,sess_7222d659,mobile,194,
user_00711,prod_00072,view,2026-02-11 11:41:18,sess_dfefb46c,mobile,64,
user_00194,prod_00169,view,2026-03-20 11:41:18,sess_4e0f8458,mobile,229,
user_00567,prod_00262,view,2026-02-14 11:41:18,sess_ffb61a9b,mobile,190,
user_00126,prod_00107,purchase,2026-03-27 11:41:18,sess_888224d4,desktop,52,4.3
user_00105,prod_00066,purchase,2026-02-25 11:41:18,sess_3cb382cb,tablet,26,4.9
user_00753,prod_00192,view,2026-01-15 11:41:18,sess_0ccecb77,tablet,113,
user_00222,prod_00411,view,2025-12-31 11:41:18,sess_7a888b21,tablet,79,
user_00804,prod_00397,view,2026-01-15 11:41:18,sess_00a344aa,desktop,234,
user_00232,prod_00262,like,2026-03-11 11:41:18,sess_16be7483,tablet,194,
user_00183,prod_00436,view,2026-02-10 11:41:18,sess_f8f38f21,mobile,192,
user_00423,prod_00102,like,2026-03-15 11:41:18,sess_6ef460f7,mobile,249,
user_00211,prod_00313,view,2026-03-13 11:41:18,sess_af842fc3,tablet,165,
user_00549,prod_00417,view,2026-02-03 11:41:18,sess_ae5f34ea,desktop,152,
user_00891,prod_00098,view,2026-02-04 11:41:18,sess_d7373c5c,desktop,104,
user_00087,prod_00337,like,2026-01-13 11:41:18,sess_3dc58462,desktop,195,
user_00976,prod_00216,view,2026-01-20 11:41:18,sess_5fe24662,tablet,168,
user_00112,prod_00470,view,2026-03-01 11:41:18,sess_22ef131b,tablet,60,
user_00547,prod_00230,like,2026-01-03 11:41:18,sess_bdfade79,mobile,70,
user_00204,prod_00005,view,2026-03-04 11:41:18,sess_69a495cb,mobile,118,
user_00709,prod_00266,view,2026-01-17 11:41:18,sess_84f6522b,desktop,7,
user_00787,prod_00075,view,2026-01-05 11:41:18,sess_379d908f,mobile,258,
user_00017,prod_00133,view,2026-02-19 11:41:18,sess_20c8ecc2,mobile,284,
user_00939,prod_00223,view,2026-02-20 11:41:18,sess_f2e95b23,desktop,25,
user_00832,prod_00256,view,2026-03-10 11:41:18,sess_244422b5,desktop,166,
user_00489,prod_00376,like,2026-02-13 11:41:18,sess_666d43da,mobile,253,
user_00199,prod_00272,like,2026-03-12 11:41:18,sess_a27e4a85,mobile,102,
user_00905,prod_00438,view,2026-03-27 11:41:18,sess_cc005569,mobile,282,
user_00174,prod_00151,view,2026-01-09 11:41:18,sess_1377a4c4,tablet,243,
user_00371,prod_00051,view,2026-03-30 11:41:18,sess_b4da3486,tablet,264,
user_00677,prod_00321,like,2026-01-02 11:41:18,sess_f44b372f,mobile,263,
user_00665,prod_00333,like,2026-03-29 11:41:18,sess_4933e1c0,mobile,198,
user_00794,prod_00453,like,2026-03-22 11:41:18,sess_2c190baf,mobile,254,
user_00603,prod_00025,like,2026-01-03 11:41:18,sess_7c2b91f9,desktop,198,
user_00331,prod_00258,view,2026-03-21 11:41:18,sess_8ba2b0a7,tablet,235,
user_00612,prod_00069,view,2026-03-18 11:41:18,sess_065af843,tablet,238,
user_00620,prod_00227,view,2026-03-25 11:41:18,sess_5bc036b7,tablet,36,
user_00544,prod_00109,view,2026-03-30 11:41:18,sess_03a6f1c2,tablet,284,
user_00937,prod_00436,like,2026-01-31 11:41:18,sess_eef081d9,tablet,298,
user_00046,prod_00484,like,2026-02-05 11:41:18,sess_f6284f40,desktop,281,
user_00387,prod_00470,like,2026-03-07 11:41:18,sess_44c6413e,mobile,115,
user_00072,prod_00344,view,2026-02-04 11:41:18,sess_02689336,tablet,217,
user_00305,prod_00029,like,2026-01-08 11:41:18,sess_43f470cf,tablet,160,
user_00228,prod_00328,view,2026-01-18 11:41:18,sess_9c97f93c,mobile,113,
user_00456,prod_00269,like,2026-02-28 11:41:18,sess_849c52b7,desktop,59,
user_00130,prod_00215,view,2026-03-20 11:41:18,sess_705f6e8e,desktop,168,
user_00499,prod_00277,view,2026-02-02 11:41:18,sess_6524c62d,mobile,44,
user_00291,prod_00420,cart,2026-01-28 11:41:18,sess_1074446d,tablet,178,
user_00398,prod_00071,view,2026-01-12 11:41:18,sess_c3ba62b1,desktop,134,
user_00253,prod_00101,view,2026-01-20 11:41:18,sess_b212c80f,mobile,235,
user_00232,prod_00370,view,2026-01-11 11:41:18,sess_fff2fa44,desktop,214,
user_00446,prod_00070,view,2026-03-29 11:41:18,sess_26631a3a,desktop,271,
user_00281,prod_00367,view,2026-03-29 11:41:18,sess_137ab859,mobile,175,
user_00453,prod_00230,view,2026-02-09 11:41:18,sess_bd2a15a0,mobile,64,
user_00615,prod_00315,view,2026-02-18 11:41:18,sess_8acafab4,desktop,180,
user_00647,prod_00065,like,2026-02-25 11:41:18,sess_0fb8a97a,desktop,292,
user_00808,prod_00217,view,2026-01-11 11:41:18,sess_d93e3d3a,mobile,298,
user_00622,prod_00029,view,2026-02-05 11:41:18,sess_30301f91,desktop,143,
user_00045,prod_00222,view,2026-02-25 11:41:18,sess_9a5083c5,mobile,121,
user_00530,prod_00084,like,2026-01-04 11:41:18,sess_b0cd114d,tablet,274,
user_00224,prod_00122,like,2026-01-12 11:41:18,sess_8c2dda84,tablet,204,
user_00142,prod_00080,view,2026-02-26 11:41:18,sess_d90779d3,desktop,261,
user_00758,prod_00216,view,2026-02-03 11:41:18,sess_537bef4a,mobile,35,
user_00233,prod_00185,view,2026-02-24 11:41:18,sess_70c73c0d,tablet,288,
user_00054,prod_00287,view,2026-01-06 11:41:18,sess_aa262097,mobile,161,
user_00853,prod_00396,view,2026-01-28 11:41:18,sess_eb6f29f7,mobile,192,
user_00005,prod_00332,view,2026-03-21 11:41:18,sess_cca2407b,mobile,224,
user_00423,prod_00442,purchase,2026-02-03 11:41:18,sess_69fc6d63,mobile,150,3.4
user_00038,prod_00291,view,2026-01-13 11:41:18,sess_9b7dd81e,mobile,225,
user_00402,prod_00183,view,2026-02-19 11:41:18,sess_24f0ae18,tablet,132,
user_00040,prod_00028,view,2026-01-23 11:41:18,sess_d129504e,desktop,209,
user_00134,prod_00336,like,2026-03-10 11:41:18,sess_6bc94261,mobile,166,
user_00186,prod_00421,view,2026-01-03 11:41:18,sess_4f26900a,tablet,297,
user_00519,prod_00479,view,2026-03-05 11:41:18,sess_a683f248,mobile,260,
user_00793,prod_00491,view,2026-02-06 11:41:18,sess_eb87ed03,desktop,196,
user_00841,prod_00397,view,2026-03-17 11:41:18,sess_25dc721d,mobile,234,
user_00061,prod_00322,cart,2026-03-15 11:41:18,sess_ff7de030,desktop,52,
user_00219,prod_00343,view,2026-03-12 11:41:18,sess_43e6dd35,desktop,22,
user_00974,prod_00012,view,2026-03-12 11:41:18,sess_465e5eb8,desktop,220,
user_00930,prod_00404,view,2026-01-16 11:41:18,sess_26d5c7b3,tablet,161,
user_00782,prod_00344,view,2026-02-03 11:41:18,sess_55398ea8,tablet,187,
user_00063,prod_00434,like,2026-01-03 11:41:18,sess_d19942d9,desktop,45,
user_00084,prod_00211,view,2026-02-11 11:41:18,sess_edc56429,tablet,298,
user_00899,prod_00181,like,2026-01-21 11:41:18,sess_4e7c3dd4,tablet,260,
user_00352,prod_00184,like,2026-03-23 11:41:18,sess_9f57eeb9,desktop,40,
user_00690,prod_00177,view,2026-01-22 11:41:18,sess_584fce27,tablet,89,
user_00782,prod_00117,cart,2026-02-23 11:41:18,sess_3f33fcf6,tablet,123,
user_00021,prod_00467,view,2026-03-13 11:41:18,sess_ebbf45cd,tablet,258,
user_00469,prod_00361,view,2026-02-22 11:41:18,sess_4996f775,mobile,121,
user_00795,prod_00368,view,2026-02-19 11:41:18,sess_b685178c,desktop,238,
user_00538,prod_00220,view,2026-02-22 11:41:18,sess_5d6411cd,tablet,32,
user_00303,prod_00439,cart,2026-01-08 11:41:18,sess_fd44b69b,tablet,206,
user_00737,prod_00141,view,2026-01-24 11:41:18,sess_b5f4b77a,mobile,156,
user_00106,prod_00289,view,2026-01-09 11:41:18,sess_602ccfb4,tablet,43,
user_00023,prod_00017,view,2026-02-21 11:41:18,sess_2315df00,mobile,265,
user_00170,prod_00297,view,2026-01-08 11:41:18,sess_eb7d14ed,desktop,72,
user_00125,prod_00066,view,2026-01-25 11:41:18,sess_98eeeb12,desktop,245,
user_00993,prod_00397,like,2026-01-23 11:41:18,sess_4bc9e53e,tablet,41,
user_00002,prod_00176,view,2026-01-16 11:41:18,sess_909574ca,tablet,50,
user_00371,prod_00393,view,2026-01-03 11:41:18,sess_6b0828be,desktop,198,
user_00359,prod_00493,view,2026-03-02 11:41:18,sess_44d22934,desktop,109,
user_00942,prod_00136,view,2026-01-30 11:41:18,sess_9257b6f2,tablet,18,
user_00527,prod_00396,view,2026-01-06 11:41:18,sess_132b3d95,mobile,41,
user_00963,prod_00376,view,2026-01-11 11:41:18,sess_a945bed0,tablet,154,
user_00245,prod_00166,view,2026-01-06 11:41:18,sess_9a8409f6,desktop,171,
user_00635,prod_00011,view,2026-01-01 11:41:18,sess_ce579835,tablet,68,
user_00160,prod_00268,view,2026-03-18 11:41:18,sess_5ef591f1,mobile,98,
user_00403,prod_00158,view,2026-01-05 11:41:18,sess_4ad36749,tablet,45,
user_00328,prod_00132,like,2026-03-03 11:41:18,sess_d3c42603,desktop,238,
user_00054,prod_00250,view,2026-03-27 11:41:18,sess_38b2e42f,desktop,17,
user_00637,prod_00190,view,2026-03-14 11:41:18,sess_4e988b43,desktop,116,
user_00190,prod_00228,view,2026-02-26 11:41:18,sess_2cda15f7,tablet,108,
user_00134,prod_00219,view,2026-03-30 11:41:18,sess_74e7a747,desktop,273,
user_00054,prod_00131,view,2026-01-24 11:41:18,sess_28eb372f,tablet,128,
user_00452,prod_00310,view,2026-02-16 11:41:18,sess_a154f141,mobile,102,
user_00636,prod_00302,like,2026-03-17 11:41:18,sess_0bc4621a,tablet,158,
user_00371,prod_00142,view,2026-01-03 11:41:18,sess_0d865117,tablet,284,
user_00690,prod_00115,view,2026-01-17 11:41:18,sess_2cf7cd7c,mobile,274,
user_00170,prod_00205,cart,2026-02-05 11:41:18,sess_ba9a9859,desktop,58,
user_00324,prod_00309,view,2026-02-22 11:41:18,sess_da89d16b,desktop,283,
user_00852,prod_00380,like,2026-03-02 11:41:18,sess_84643cd1,mobile,109,
user_00073,prod_00500,view,2026-03-01 11:41:18,sess_686bab82,mobile,114,
user_00657,prod_00153,view,2026-02-09 11:41:18,sess_a9a31569,mobile,221,
user_00768,prod_00049,view,2026-01-09 11:41:18,sess_0017e234,mobile,77,
user_00116,prod_00411,like,2026-01-22 11:41:18,sess_f93cfd8e,desktop,162,
user_00679,prod_00313,like,2026-01-30 11:41:18,sess_fe40919c,mobile,7,
user_00360,prod_00062,like,2026-03-24 11:41:18,sess_3cfd07d1,tablet,220,
user_00198,prod_00049,view,2026-03-03 11:41:18,sess_bec9f51a,desktop,201,
user_00613,prod_00107,like,2026-01-02 11:41:18,sess_e8d1f65a,mobile,259,
user_00294,prod_00346,like,2026-01-03 11:41:18,sess_10d35b5d,tablet,248,
user_00325,prod_00100,view,2026-02-14 11:41:18,sess_6474bb37,mobile,138,
user_00778,prod_00407,view,2026-03-13 11:41:18,sess_fa00e748,tablet,18,
user_00456,prod_00167,view,2026-03-18 11:41:18,sess_72bff0d0,desktop,158,
user_00258,prod_00335,like,2026-01-17 11:41:18,sess_f57128c0,desktop,143,
user_00324,prod_00497,view,2026-02-25 11:41:18,sess_311b1eb4,tablet,108,
user_00567,prod_00143,like,2026-03-12 11:41:18,sess_e73c014b,desktop,233,
user_00964,prod_00341,like,2026-01-04 11:41:18,sess_fb51e754,tablet,216,
user_00541,prod_00170,view,2026-03-23 11:41:18,sess_775bcec0,desktop,61,
user_00918,prod_00278,view,2026-01-07 11:41:18,sess_b1bbaf15,mobile,20,
user_00961,prod_00099,view,2026-02-03 11:41:18,sess_fa216f45,desktop,71,
user_00020,prod_00245,view,2026-02-23 11:41:18,sess_6c26d27c,desktop,196,
user_00425,prod_00220,view,2026-02-07 11:41:18,sess_c07de75d,tablet,240,
user_00703,prod_00193,purchase,2026-02-24 11:41:18,sess_05362661,mobile,144,5.0
user_00788,prod_00042,like,2026-01-31 11:41:18,sess_aac2ada0,desktop,160,
user_00473,prod_00190,like,2026-02-08 11:41:18,sess_c740e1cc,desktop,239,
user_00904,prod_00099,view,2026-01-28 11:41:18,sess_1be8301e,desktop,159,
user_00086,prod_00392,view,2026-02-03 11:41:18,sess_bec31503,tablet,171,
user_00630,prod_00011,view,2026-03-24 11:41:18,sess_6e063184,tablet,157,
user_00913,prod_00447,like,2026-01-27 11:41:18,sess_8aaf8125,tablet,16,
user_00885,prod_00215,like,2026-01-30 11:41:18,sess_53054e4a,mobile,11,
user_00330,prod_00105,view,2026-01-13 11:41:18,sess_d3cc5518,mobile,256,
user_00727,prod_00271,view,2026-02-05 11:41:18,sess_2e40ef27,mobile,108,
user_00064,prod_00479,view,2026-03-23 11:41:18,sess_4eadc186,desktop,62,
user_00880,prod_00432,view,2026-03-15 11:41:18,sess_132fb967,desktop,32,
user_00226,prod_00222,view,2026-01-16 11:41:18,sess_2fdd59ca,mobile,142,
user_00122,prod_00062,view,2026-01-16 11:41:18,sess_7b9c56ce,tablet,245,
user_00454,prod_00312,view,2026-03-17 11:41:18,sess_50ce4d7a,tablet,299,
user_00292,prod_00212,view,2026-01-10 11:41:18,sess_33be7a33,desktop,29,
user_00563,prod_00237,view,2026-03-22 11:41:18,sess_22bb7a86,mobile,81,
user_00620,prod_00442,view,2026-01-04 11:41:18,sess_7a04267c,desktop,282,
user_00530,prod_00160,view,2026-01-17 11:41:18,sess_f5869e1c,tablet,265,
user_00929,prod_00259,view,2026-03-03 11:41:18,sess_1450da3c,desktop,183,
user_00637,prod_00207,view,2026-02-03 11:41:18,sess_6e94121f,mobile,233,
user_00260,prod_00472,like,2026-03-26 11:41:18,sess_c93a8896,tablet,230,
user_00067,prod_00461,view,2026-02-16 11:41:18,sess_791a9df0,tablet,186,
user_00017,prod_00060,like,2026-02-01 11:41:18,sess_66597442,mobile,49,
user_00068,prod_00428,view,2026-01-23 11:41:18,sess_997f7d66,mobile,146,
user_00019,prod_00275,like,2026-02-07 11:41:18,sess_d17dec25,desktop,65,
user_00657,prod_00123,view,2026-02-17 11:41:18,sess_4f559284,mobile,295,
user_00286,prod_00344,view,2026-03-03 11:41:18,sess_d06f9a58,tablet,59,
user_00383,prod_00465,view,2026-01-29 11:41:18,sess_3dc1f7f8,tablet,48,
user_00816,prod_00115,purchase,2026-03-17 11:41:18,sess_f7b1403a,tablet,43,3.8
user_00391,prod_00414,view,2026-02-02 11:41:18,sess_23d1d5e0,tablet,29,
user_00312,prod_00222,view,2026-02-25 11:41:18,sess_1d0d7669,mobile,182,
user_00699,prod_00413,view,2026-01-12 11:41:18,sess_ed00348c,mobile,135,
user_00930,prod_00080,view,2026-03-19 11:41:18,sess_3ac8e7a8,tablet,42,
user_00638,prod_00352,view,2026-01-21 11:41:18,sess_9a3074ab,tablet,32,
user_00022,prod_00320,cart,2026-02-04 11:41:18,sess_3b019db0,tablet,42,
user_00914,prod_00493,view,2026-03-20 11:41:18,sess_f0a74b57,desktop,223,
user_00892,prod_00370,view,2026-01-28 11:41:18,sess_8361cd82,desktop,82,
user_00856,prod_00312,view,2026-03-30 11:41:18,sess_827afbba,desktop,245,
user_00052,prod_00286,view,2026-01-23 11:41:18,sess_056bd502,tablet,181,
user_00568,prod_00079,cart,2026-01-10 11:41:18,sess_67bb694c,tablet,250,
user_00497,prod_00365,like,2026-03-26 11:41:18,sess_c3d3cb11,mobile,35,
user_00203,prod_00043,view,2026-01-23 11:41:18,sess_c38afdd4,desktop,52,
user_00459,prod_00178,view,2026-03-11 11:41:18,sess_15502653,tablet,163,
user_00626,prod_00156,view,2026-01-07 11:41:18,sess_01328fb2,mobile,143,
user_00604,prod_00495,like,2026-02-12 11:41:18,sess_6406e6fa,mobile,298,
user_00039,prod_00043,view,2026-02-07 11:41:18,sess_abb1e51a,mobile,113,
user_00269,prod_00478,like,2025-12-31 11:41:18,sess_beccb894,desktop,33,
user_00545,prod_00168,like,2026-02-28 11:41:18,sess_4c9dd9ea,tablet,189,
user_00760,prod_00190,view,2026-02-23 11:41:18,sess_349db945,desktop,280,
user_00807,prod_00094,view,2026-01-08 11:41:18,sess_916646d6,mobile,65,
user_00124,prod_00161,view,2026-01-12 11:41:18,sess_d52f1e2a,desktop,56,
user_00689,prod_00495,cart,2026-01-10 11:41:18,sess_64607a50,tablet,190,
user_00378,prod_00413,view,2026-03-04 11:41:18,sess_d16678e4,desktop,190,
user_00015,prod_00259,view,2026-02-27 11:41:18,sess_391a58af,mobile,241,
user_00328,prod_00460,cart,2026-03-02 11:41:18,sess_6a150f1c,mobile,147,
user_00241,prod_00129,view,2026-03-04 11:41:18,sess_2e10cfe7,tablet,183,
user_00817,prod_00380,like,2026-02-03 11:41:18,sess_67180792,mobile,287,
user_00007,prod_00252,purchase,2025-12-30 11:41:18,sess_d318daeb,desktop,171,4.1
user_00738,prod_00268,like,2026-01-11 11:41:18,sess_2faa7d43,desktop,26,
user_00488,prod_00440,view,2026-03-07 11:41:18,sess_c2d4dac1,desktop,182,
user_00535,prod_00226,view,2026-02-01 11:41:18,sess_ca8bc931,mobile,224,
user_00898,prod_00386,view,2026-02-12 11:41:18,sess_b83aa025,tablet,242,
user_00742,prod_00112,view,2026-03-23 11:41:18,sess_f1b2d108,desktop,185,
user_00552,prod_00069,view,2026-03-05 11:41:18,sess_11d7d481,tablet,47,
user_00996,prod_00210,view,2026-03-28 11:41:18,sess_09136305,mobile,48,
user_00379,prod_00102,view,2026-02-01 11:41:18,sess_45cf805e,tablet,17,
user_00795,prod_00111,like,2026-02-02 11:41:18,sess_c11e19d4,desktop,177,
user_00776,prod_00195,view,2026-01-27 11:41:18,sess_bcb65608,mobile,126,
user_00451,prod_00303,view,2026-03-27 11:41:18,sess_9144e048,tablet,175,
user_00255,prod_00260,view,2026-01-15 11:41:18,sess_03529542,tablet,43,
user_00818,prod_00091,view,2026-03-02 11:41:18,sess_fdfa176c,tablet,204,
user_00821,prod_00424,view,2026-02-12 11:41:18,sess_3b1d802d,mobile,254,
user_00812,prod_00389,view,2026-02-22 11:41:18,sess_188046e7,desktop,63,
user_00163,prod_00321,like,2026-03-29 11:41:18,sess_6c1e0de3,tablet,110,
user_00804,prod_00144,like,2026-03-14 11:41:18,sess_68048f17,tablet,294,
user_00704,prod_00376,view,2026-01-23 11:41:18,sess_c66ea063,mobile,234,
user_00077,prod_00287,view,2026-02-03 11:41:18,sess_982ad38b,tablet,108,
user_00620,prod_00307,view,2026-03-26 11:41:18,sess_33afefac,desktop,275,
user_00205,prod_00266,view,2026-03-21 11:41:18,sess_35263e3a,desktop,79,
user_00998,prod_00299,view,2026-01-01 11:41:18,sess_d16d3599,mobile,253,
user_00520,prod_00192,cart,2026-03-23 11:41:18,sess_f4fc7f3d,mobile,220,
user_00667,prod_00098,view,2026-01-13 11:41:18,sess_9390983b,desktop,217,
user_00935,prod_00091,view,2026-01-02 11:41:18,sess_7342cdd8,tablet,201,
user_00629,prod_00154,view,2026-02-18 11:41:18,sess_aa46f7af,mobile,285,
user_00542,prod_00280,view,2026-01-19 11:41:18,sess_7eb808dd,tablet,270,
user_00959,prod_00197,view,2026-03-19 11:41:18,sess_9130c8e5,mobile,240,
user_00102,prod_00145,like,2026-02-27 11:41:18,sess_6893e8d8,desktop,266,
user_00031,prod_00260,like,2026-02-24 11:41:18,sess_6fc15739,mobile,254,
user_00138,prod_00400,like,2025-12-30 11:41:18,sess_dd037cae,desktop,258,
user_00875,prod_00214,like,2026-03-21 11:41:18,sess_e5592ed4,tablet,43,
user_00701,prod_00473,like,2025-12-31 11:41:18,sess_8db34834,mobile,28,
user_00790,prod_00303,view,2026-01-27 11:41:18,sess_82a90dc9,desktop,197,
user_00525,prod_00367,view,2026-01-18 11:41:18,sess_798f7095,mobile,289,
user_00778,prod_00492,view,2026-01-22 11:41:18,sess_99b788cc,tablet,246,
user_00286,prod_00237,view,2026-01-01 11:41:18,sess_f05f6341,mobile,58,
user_00126,prod_00082,view,2026-01-01 11:41:18,sess_590c1664,desktop,163,
user_00397,prod_00004,view,2026-01-02 11:41:18,sess_78e1f9b5,mobile,59,
user_00137,prod_00037,view,2026-02-01 11:41:18,sess_2544b749,mobile,162,
user_00182,prod_00361,like,2026-01-20 11:41:18,sess_00d2508c,tablet,52,
user_00894,prod_00041,view,2026-03-09 11:41:18,sess_8b747dc3,mobile,217,
user_00224,prod_00013,view,2026-02-14 11:41:18,sess_35efbb9c,mobile,237,
user_00172,prod_00449,view,2026-01-17 11:41:18,sess_67b93ff0,mobile,9,
user_00589,prod_00177,view,2026-03-25 11:41:18,sess_e4e6e2e6,mobile,40,
user_00471,prod_00309,cart,2026-02-08 11:41:18,sess_4a452ab5,tablet,91,
user_00160,prod_00100,view,2026-01-05 11:41:18,sess_be3185b2,desktop,21,
user_00181,prod_00016,purchase,2026-02-23 11:41:18,sess_cfec4912,desktop,203,1.3
user_00722,prod_00121,view,2026-01-30 11:41:18,sess_393d96d0,desktop,78,
user_00916,prod_00252,view,2026-02-22 11:41:18,sess_d9285383,desktop,29,
user_00713,prod_00366,view,2026-03-04 11:41:18,sess_08296351,tablet,184,
user_00235,prod_00124,view,2026-03-16 11:41:18,sess_045e56b1,desktop,100,
user_00432,prod_00068,cart,2026-01-16 11:41:18,sess_a98334a2,desktop,198,
user_00961,prod_00062,view,2026-02-12 11:41:18,sess_49e7ee90,tablet,43,
user_00830,prod_00374,view,2026-03-02 11:41:18,sess_a39d24b0,tablet,69,
user_00031,prod_00303,view,2026-03-23 11:41:18,sess_4cef5fe9,tablet,81,
user_00301,prod_00500,view,2026-03-19 11:41:18,sess_c8d24d12,tablet,108,
user_00347,prod_00291,view,2026-02-28 11:41:18,sess_ab711d30,mobile,293,
user_00052,prod_00114,view,2026-01-23 11:41:18,sess_9723fba2,desktop,251,
user_00285,prod_00103,view,2026-01-14 11:41:18,sess_1ea275fe,desktop,263,
user_00020,prod_00360,view,2026-01-19 11:41:18,sess_4c819d2b,desktop,57,
user_00402,prod_00073,view,2026-03-25 11:41:18,sess_feda685d,mobile,163,
user_00441,prod_00266,view,2026-02-24 11:41:18,sess_327ae0be,desktop,190,
user_00006,prod_00495,view,2026-02-26 11:41:18,sess_2054fcdc,tablet,194,
user_00889,prod_00432,view,2026-01-03 11:41:18,sess_ccb50cd9,tablet,153,
user_00398,prod_00441,view,2026-03-23 11:41:18,sess_b0b58fe4,mobile,262,
user_00109,prod_00391,view,2026-03-09 11:41:18,sess_a1ea799e,mobile,53,
user_00385,prod_00179,view,2026-01-19 11:41:18,sess_3813e5a5,tablet,8,
user_00416,prod_00381,cart,2026-01-27 11:41:18,sess_9eaeea26,desktop,21,
user_00468,prod_00497,view,2026-01-15 11:41:18,sess_43ecbacb,mobile,204,
user_00835,prod_00463,view,2026-02-13 11:41:18,sess_f3318751,mobile,148,
user_00411,prod_00049,view,2026-01-05 11:41:18,sess_2aad8fbe,mobile,268,
user_00643,prod_00485,like,2026-02-14 11:41:18,sess_6763f775,desktop,280,
user_00901,prod_00381,like,2026-03-30 11:41:18,sess_6e7e8ff0,desktop,289,
user_00498,prod_00042,like,2026-03-01 11:41:18,sess_3a5e9565,desktop,254,
user_00386,prod_00386,view,2026-02-21 11:41:18,sess_2588ef6c,mobile,245,
user_00118,prod_00352,purchase,2026-02-21 11:41:18,sess_8a2f47eb,desktop,193,2.4
user_00981,prod_00287,view,2026-01-09 11:41:18,sess_265a5e18,tablet,14,
user_00437,prod_00369,view,2026-03-05 11:41:18,sess_5f7d2cd4,desktop,222,
user_00934,prod_00470,view,2026-02-01 11:41:18,sess_37f0296b,tablet,76,
user_00608,prod_00131,view,2026-03-19 11:41:18,sess_772fd0b2,mobile,17,
user_00580,prod_00267,view,2026-03-23 11:41:18,sess_ecd68bd6,tablet,272,
user_00120,prod_00136,view,2026-02-02 11:41:18,sess_9ace9ca4,mobile,82,
user_00857,prod_00102,view,2026-02-21 11:41:18,sess_865b96dd,mobile,256,
user_00061,prod_00402,view,2026-03-08 11:41:18,sess_e83fa5a8,desktop,91,
user_00344,prod_00166,view,2026-03-20 11:41:18,sess_081c77af,mobile,135,
user_00761,prod_00048,view,2026-03-07 11:41:18,sess_ea71e236,tablet,19,
user_00930,prod_00295,view,2026-03-22 11:41:18,sess_8ebfc28d,desktop,194,
user_00273,prod_00348,view,2026-02-27 11:41:18,sess_cb4aae3b,desktop,23,
user_00360,prod_00395,view,2026-01-19 11:41:18,sess_e7b23d44,mobile,233,
user_00193,prod_00315,view,2026-01-11 11:41:18,sess_bebfb360,tablet,212,
user_00634,prod_00323,view,2026-01-20 11:41:18,sess_77acf2bb,mobile,221,
user_00668,prod_00339,view,2026-03-17 11:41:18,sess_98796ec8,mobile,36,
user_00801,prod_00431,view,2026-02-23 11:41:18,sess_4495908a,tablet,214,
user_00857,prod_00483,view,2026-01-30 11:41:18,sess_f1d85550,tablet,187,
user_00392,prod_00087,like,2026-03-23 11:41:18,sess_41935d08,tablet,44,
user_00665,prod_00444,view,2026-01-16 11:41:18,sess_ca176cf8,tablet,294,
user_00159,prod_00183,like,2026-03-09 11:41:18,sess_57c2eeea,tablet,226,
user_00123,prod_00005,view,2026-01-09 11:41:18,sess_9908f360,desktop,59,
user_00257,prod_00123,view,2026-02-16 11:41:18,sess_8e1a1ac5,mobile,10,
user_00253,prod_00096,view,2026-01-17 11:41:18,sess_c7764839,mobile,279,
user_00781,prod_00494,like,2026-03-26 11:41:18,sess_1e4072dc,desktop,100,
user_00543,prod_00439,like,2026-02-15 11:41:18,sess_0e890a3f,mobile,12,
user_00995,prod_00222,view,2026-03-29 11:41:18,sess_505cd1e6,tablet,282,
user_00231,prod_00416,view,2026-01-22 11:41:18,sess_5367c87b,desktop,14,
user_00108,prod_00378,view,2026-01-30 11:41:18,sess_b317c22c,desktop,77,
user_00713,prod_00353,view,2026-01-07 11:41:18,sess_47a5a66c,mobile,13,
user_00337,prod_00007,purchase,2026-02-13 11:41:18,sess_3a8a7312,desktop,155,4.9
user_00778,prod_00157,like,2026-01-14 11:41:18,sess_cc3715c3,mobile,163,
user_00254,prod_00262,like,2026-02-19 11:41:18,sess_b12f41da,mobile,64,
user_00791,prod_00355,like,2026-01-12 11:41:18,sess_bcd43f9f,desktop,241,
user_00640,prod_00084,view,2026-02-06 11:41:18,sess_4510db1f,mobile,89,
user_00734,prod_00244,view,2026-02-25 11:41:18,sess_4a257aef,mobile,255,
user_00775,prod_00022,view,2026-01-08 11:41:18,sess_f24858fe,tablet,45,
user_00585,prod_00342,view,2026-02-07 11:41:18,sess_8bfee95f,desktop,60,
user_00947,prod_00480,view,2026-03-01 11:41:18,sess_74a15cce,desktop,102,
user_00022,prod_00458,view,2026-01-06 11:41:18,sess_198aee1c,mobile,81,
user_00973,prod_00296,view,2026-01-01 11:41:18,sess_892b312f,tablet,48,
user_00657,prod_00325,view,2026-02-13 11:41:18,sess_4357f029,tablet,49,
user_00598,prod_00053,like,2026-02-28 11:41:18,sess_6bc83f7e,desktop,128,
user_00453,prod_00129,view,2026-01-21 11:41:18,sess_1a616899,mobile,39,
user_00224,prod_00497,view,2026-02-25 11:41:18,sess_351daa55,mobile,152,
user_00077,prod_00097,like,2026-02-03 11:41:18,sess_edeb6b32,tablet,292,
user_00147,prod_00212,view,2026-02-22 11:41:18,sess_8792cd51,desktop,200,
user_00948,prod_00460,view,2026-03-04 11:41:18,sess_3d87889a,desktop,241,
user_00552,prod_00247,like,2026-02-17 11:41:18,sess_5816b09e,desktop,218,
user_00892,prod_00157,purchase,2026-03-18 11:41:18,sess_5685e01b,desktop,267,3.1
user_00607,prod_00091,view,2026-01-29 11:41:18,sess_cdbc72d3,tablet,14,
user_00015,prod_00280,view,2026-03-06 11:41:18,sess_4ee0431e,mobile,68,
user_00306,prod_00281,view,2026-03-17 11:41:18,sess_6a2a7b16,desktop,196,
user_00924,prod_00222,view,2026-03-24 11:41:18,sess_e3cbf425,tablet,140,
user_00919,prod_00036,like,2026-02-07 11:41:18,sess_d0d2d211,tablet,99,
user_00570,prod_00270,view,2026-01-30 11:41:18,sess_1d2a7c6b,mobile,139,
user_00710,prod_00194,like,2026-02-03 11:41:18,sess_25a95c70,mobile,45,
user_00269,prod_00289,view,2026-01-23 11:41:18,sess_b6c41bbd,mobile,102,
user_00463,prod_00467,like,2026-03-30 11:41:18,sess_3c407e8b,desktop,178,
user_00007,prod_00333,view,2026-01-07 11:41:18,sess_44b72c2d,tablet,122,
user_00284,prod_00291,view,2026-02-07 11:41:18,sess_4098bfbb,desktop,255,
user_00423,prod_00131,like,2026-02-06 11:41:18,sess_b21cc9ed,tablet,54,
user_00209,prod_00450,like,2025-12-31 11:41:18,sess_db96108e,mobile,254,
user_00830,prod_00357,view,2026-02-12 11:41:18,sess_074875a9,desktop,111,
user_00675,prod_00297,view,2026-01-25 11:41:18,sess_bba18ac2,tablet,132,
user_00035,prod_00478,view,2026-02-08 11:41:18,sess_e01ae79d,desktop,37,
user_00418,prod_00027,view,2026-02-19 11:41:18,sess_042980ed,mobile,247,
user_00778,prod_00267,view,2026-03-11 11:41:18,sess_3f3b188a,tablet,257,
user_00318,prod_00307,view,2026-02-06 11:41:18,sess_0d30647d,tablet,133,
user_00544,prod_00261,view,2026-01-01 11:41:18,sess_98849338,mobile,132,
user_00602,prod_00046,view,2026-03-21 11:41:18,sess_88775f5a,mobile,276,
user_00523,prod_00343,view,2026-01-08 11:41:18,sess_a3d15305,mobile,281,
user_00337,prod_00464,like,2026-03-11 11:41:18,sess_3b29e8d3,mobile,234,
user_00662,prod_00489,view,2026-01-16 11:41:18,sess_cf7354c4,desktop,132,
user_00608,prod_00163,like,2026-03-11 11:41:18,sess_70251875,mobile,94,
user_00044,prod_00225,view,2026-01-24 11:41:18,sess_889b30c6,desktop,55,
user_00881,prod_00348,view,2026-01-03 11:41:18,sess_7867d503,mobile,123,
user_00054,prod_00419,view,2026-03-27 11:41:18,sess_d87257a4,mobile,299,
user_00287,prod_00198,view,2026-03-20 11:41:18,sess_8584ee39,desktop,44,
user_00870,prod_00078,view,2026-02-02 11:41:18,sess_c898105b,mobile,86,
user_00039,prod_00288,cart,2026-01-19 11:41:18,sess_1277c945,desktop,162,
user_00516,prod_00169,view,2026-02-01 11:41:18,sess_5ce67525,tablet,289,
user_00436,prod_00360,view,2026-03-02 11:41:18,sess_111a4af9,mobile,236,
user_00471,prod_00497,view,2026-02-05 11:41:18,sess_38e2bbf8,mobile,174,
user_00656,prod_00034,view,2026-01-17 11:41:18,sess_e62e7a1f,tablet,30,
user_00437,prod_00185,view,2025-12-31 11:41:18,sess_da70d61a,desktop,285,
user_00258,prod_00330,like,2026-02-27 11:41:18,sess_88eeb58c,tablet,131,
user_00488,prod_00380,view,2026-03-20 11:41:18,sess_c36f0e76,tablet,144,
user_00363,prod_00114,view,2026-01-28 11:41:18,sess_86175147,tablet,258,
user_00911,prod_00269,view,2026-01-01 11:41:18,sess_64b9497f,tablet,146,
user_00988,prod_00174,view,2026-01-21 11:41:18,sess_75fdaf70,tablet,267,
user_00934,prod_00358,view,2026-02-19 11:41:18,sess_26f2090e,tablet,294,
user_00926,prod_00086,like,2026-02-22 11:41:18,sess_f6d8fed5,mobile,142,
user_00274,prod_00167,view,2026-02-09 11:41:18,sess_ca9fca09,desktop,36,
user_00160,prod_00062,like,2026-01-14 11:41:18,sess_8e9a6990,tablet,284,
user_00935,prod_00037,like,2026-02-02 11:41:18,sess_8851e215,tablet,215,
user_00214,prod_00392,view,2026-03-30 11:41:18,sess_fcbb8e26,mobile,265,
user_00840,prod_00372,view,2026-01-27 11:41:18,sess_26890e3c,desktop,51,
user_00641,prod_00081,view,2026-01-19 11:41:18,sess_f99d792b,mobile,267,
user_00749,prod_00193,view,2026-03-15 11:41:18,sess_bb80b727,mobile,273,
user_00424,prod_00398,view,2026-01-14 11:41:18,sess_c3af26c8,desktop,6,
user_00888,prod_00254,view,2026-03-04 11:41:18,sess_3cab9d6f,tablet,45,
user_00241,prod_00066,view,2026-01-03 11:41:18,sess_48e52da3,desktop,192,
user_00603,prod_00149,view,2026-03-25 11:41:18,sess_c83889ba,mobile,211,
user_00383,prod_00230,view,2026-01-29 11:41:18,sess_91976292,desktop,271,
user_00388,prod_00109,view,2026-03-29 11:41:18,sess_32eae9fa,tablet,258,
user_00686,prod_00384,like,2026-02-15 11:41:18,sess_a496e0e0,desktop,250,
user_00216,prod_00268,view,2026-01-16 11:41:18,sess_98fa3314,desktop,8,
user_00798,prod_00015,like,2026-01-03 11:41:18,sess_a0660655,mobile,180,
user_00199,prod_00041,view,2026-03-28 11:41:18,sess_032ded69,tablet,89,
user_00301,prod_00150,view,2026-01-30 11:41:18,sess_d5ef4487,tablet,51,
user_00523,prod_00044,view,2026-01-01 11:41:18,sess_a7ed5c33,desktop,236,
user_00337,prod_00235,like,2026-03-28 11:41:18,sess_07320856,desktop,289,
user_00196,prod_00138,view,2026-02-11 11:41:18,sess_f7b20241,mobile,125,
user_00892,prod_00269,like,2026-02-03 11:41:18,sess_49b3d4f3,tablet,209,
user_00387,prod_00372,view,2026-01-02 11:41:18,sess_53acfbab,mobile,268,
user_00478,prod_00388,view,2026-03-26 11:41:18,sess_092db41b,desktop,60,
user_00297,prod_00328,view,2026-03-02 11:41:18,sess_0e7205a1,desktop,274,
user_00456,prod_00134,view,2026-02-09 11:41:18,sess_e9804b05,mobile,293,
user_00901,prod_00124,view,2026-03-09 11:41:18,sess_a451731b,mobile,111,
user_00901,prod_00012,view,2026-03-22 11:41:18,sess_42ce6671,tablet,88,
user_00087,prod_00406,view,2026-02-17 11:41:18,sess_e782c289,desktop,230,
user_00622,prod_00313,like,2026-02-09 11:41:18,sess_39af0429,tablet,253,
user_00135,prod_00481,view,2026-01-07 11:41:18,sess_e4d11ef0,mobile,219,
user_00357,prod_00229,view,2026-03-21 11:41:18,sess_a3cac2f4,tablet,194,
user_00112,prod_00495,view,2026-02-28 11:41:18,sess_5e313416,desktop,253,
user_00467,prod_00248,like,2026-01-05 11:41:18,sess_3bac2fe5,tablet,108,
user_00762,prod_00066,view,2026-01-13 11:41:18,sess_df2ba3fa,desktop,250,
user_00224,prod_00240,view,2026-01-29 11:41:18,sess_28d93466,desktop,173,
user_00799,prod_00232,cart,2026-01-12 11:41:18,sess_fe8bda03,desktop,176,
user_00271,prod_00344,like,2026-01-01 11:41:18,sess_7b231023,desktop,157,
user_00209,prod_00287,view,2026-01-14 11:41:18,sess_7742a168,desktop,211,
user_00586,prod_00143,view,2026-02-09 11:41:18,sess_3359b8c0,desktop,254,
user_00277,prod_00393,like,2026-01-12 11:41:18,sess_cec396d8,mobile,270,
user_00785,prod_00246,view,2026-03-20 11:41:18,sess_75c1a2e2,desktop,67,
user_00553,prod_00355,view,2026-03-26 11:41:18,sess_6efdee17,tablet,151,
user_00625,prod_00028,like,2026-01-31 11:41:18,sess_ab4cd8af,mobile,236,
user_00142,prod_00186,view,2026-03-11 11:41:18,sess_2b833251,desktop,292,
user_00422,prod_00033,view,2026-02-26 11:41:18,sess_8510cd5d,desktop,88,
user_00563,prod_00244,like,2026-01-11 11:41:18,sess_cdfaf82c,mobile,68,
user_00954,prod_00130,like,2026-01-18 11:41:18,sess_f84638f2,mobile,121,
user_00322,prod_00212,view,2026-03-28 11:41:18,sess_5cb58c19,tablet,195,
user_00548,prod_00254,view,2026-01-29 11:41:18,sess_f7074138,desktop,20,
user_00109,prod_00098,like,2026-02-17 11:41:18,sess_7c3ce585,desktop,236,
user_00858,prod_00314,view,2026-02-20 11:41:18,sess_6aaa3129,tablet,206,
user_00835,prod_00126,like,2026-01-23 11:41:18,sess_ba34a2e4,desktop,97,
user_00417,prod_00209,like,2026-02-07 11:41:18,sess_20f06b1a,mobile,120,
user_00784,prod_00288,view,2026-01-21 11:41:18,sess_5e03ed54,mobile,128,
user_00011,prod_00481,view,2026-02-06 11:41:18,sess_5dc36e15,mobile,160,
user_00702,prod_00420,view,2026-01-11 11:41:18,sess_76a99f0f,desktop,211,
user_00407,prod_00188,view,2026-02-01 11:41:18,sess_c644a0ea,mobile,165,
user_00231,prod_00202,view,2026-02-27 11:41:18,sess_8938b812,desktop,293,
user_00666,prod_00173,view,2026-03-17 11:41:18,sess_9f1cdbd3,tablet,243,
user_00390,prod_00088,like,2025-12-31 11:41:18,sess_b8eb0f97,mobile,276,
user_00631,prod_00128,purchase,2026-03-27 11:41:18,sess_823f18ec,tablet,88,4.3
user_00364,prod_00127,view,2026-02-22 11:41:18,sess_bcabb6bf,tablet,186,
user_00409,prod_00269,view,2026-01-13 11:41:18,sess_d0eed09e,mobile,24,
user_00950,prod_00041,like,2026-02-18 11:41:18,sess_a1394929,mobile,158,
user_00015,prod_00487,cart,2026-02-18 11:41:18,sess_93be1788,tablet,238,
user_00335,prod_00264,view,2026-03-12 11:41:18,sess_8f7db59d,desktop,221,
user_00530,prod_00214,view,2026-03-08 11:41:18,sess_a6a45976,desktop,234,
user_00834,prod_00470,like,2026-02-03 11:41:18,sess_da35e5ce,tablet,164,
user_00927,prod_00080,view,2026-02-24 11:41:18,sess_a1570dad,desktop,169,
user_00459,prod_00202,view,2026-01-04 11:41:18,sess_a10f19af,mobile,299,
user_00862,prod_00426,view,2026-02-05 11:41:18,sess_8948e9be,desktop,38,
user_00015,prod_00110,view,2026-03-22 11:41:18,sess_37e2351e,tablet,254,
user_00910,prod_00126,view,2026-02-11 11:41:18,sess_b28b345e,mobile,113,
user_00262,prod_00325,view,2026-02-12 11:41:18,sess_b3658605,desktop,224,
user_00766,prod_00033,like,2026-01-20 11:41:18,sess_a5b52e06,desktop,215,
user_00466,prod_00346,view,2026-02-20 11:41:18,sess_ba8265c5,tablet,31,
user_00078,prod_00447,like,2026-02-20 11:41:18,sess_5063d2dc,tablet,112,
user_00848,prod_00171,view,2026-01-08 11:41:18,sess_7e9c84f2,desktop,97,
user_00352,prod_00323,view,2026-01-21 11:41:18,sess_7245853e,tablet,221,
user_00826,prod_00383,view,2026-01-24 11:41:18,sess_e6f03fa7,mobile,132,
user_00801,prod_00491,like,2026-03-21 11:41:18,sess_74f9b9f3,mobile,136,
user_00794,prod_00023,view,2026-01-10 11:41:18,sess_4aa2f63c,mobile,262,
user_00891,prod_00377,view,2025-12-31 11:41:18,sess_ef71c993,tablet,75,
user_00686,prod_00134,like,2026-02-24 11:41:18,sess_7a9633e9,desktop,184,
user_00080,prod_00068,view,2026-03-28 11:41:18,sess_bd084bf5,tablet,225,
user_00112,prod_00050,like,2026-03-11 11:41:18,sess_83d7fab4,desktop,127,
user_00810,prod_00001,view,2026-01-21 11:41:18,sess_f6beffa9,desktop,198,
user_00317,prod_00117,view,2026-03-14 11:41:18,sess_3b9a5c39,tablet,13,
user_00705,prod_00165,view,2026-03-23 11:41:18,sess_75806f16,tablet,89,
user_00799,prod_00467,view,2026-02-13 11:41:18,sess_65c663c9,mobile,246,
user_00574,prod_00255,view,2026-02-15 11:41:18,sess_bd2a1caa,tablet,101,
user_00596,prod_00014,view,2026-02-24 11:41:18,sess_e8b1ae0d,tablet,112,
user_00969,prod_00096,cart,2026-02-16 11:41:18,sess_e0f35d58,tablet,191,
user_00788,prod_00364,like,2026-02-10 11:41:18,sess_a3b01d77,mobile,263,
user_00309,prod_00311,view,2026-02-14 11:41:18,sess_b476c0bb,tablet,231,
user_00560,prod_00355,like,2026-01-12 11:41:18,sess_3bd685e4,tablet,153,
user_00213,prod_00037,view,2026-02-14 11:41:18,sess_e169e368,mobile,281,
user_00517,prod_00261,like,2026-03-07 11:41:18,sess_79076e99,tablet,12,
user_00696,prod_00434,view,2026-01-24 11:41:18,sess_66b12ed3,mobile,233,
user_00531,prod_00102,view,2026-03-21 11:41:18,sess_595d425b,tablet,292,
user_00443,prod_00417,view,2026-01-14 11:41:18,sess_b6d9c39d,tablet,272,
user_00300,prod_00207,like,2026-02-05 11:41:18,sess_ef86bc4a,mobile,168,
user_00696,prod_00383,view,2026-03-30 11:41:18,sess_1338e86c,mobile,85,
user_00459,prod_00051,view,2026-02-01 11:41:18,sess_1cb58785,desktop,32,
user_00814,prod_00297,view,2026-03-26 11:41:18,sess_e63cea31,desktop,179,
user_00908,prod_00340,view,2026-02-07 11:41:18,sess_d7b20f75,tablet,29,
user_00908,prod_00237,view,2026-03-28 11:41:18,sess_e598938e,tablet,209,
user_00846,prod_00133,view,2026-01-26 11:41:18,sess_119998d3,mobile,90,
user_00043,prod_00077,view,2026-02-26 11:41:18,sess_19c8ead7,desktop,11,
user_00699,prod_00245,view,2026-01-16 11:41:18,sess_8fe39e9e,desktop,46,
user_00931,prod_00278,view,2026-03-07 11:41:18,sess_70e74431,mobile,105,
user_00776,prod_00204,like,2026-03-21 11:41:18,sess_7de79ece,tablet,207,
user_00634,prod_00413,purchase,2026-01-08 11:41:18,sess_66876241,desktop,217,3.6
user_00282,prod_00248,like,2026-02-14 11:41:18,sess_8ed762e8,mobile,231,
user_00350,prod_00216,view,2025-12-31 11:41:18,sess_1b91b538,tablet,17,
user_00557,prod_00127,like,2026-03-06 11:41:18,sess_c91fd2bb,mobile,7,
user_00078,prod_00378,view,2026-01-22 11:41:18,sess_5cc6e841,mobile,96,
user_00093,prod_00170,purchase,2026-01-26 11:41:18,sess_2fcbab1a,desktop,40,4.2
user_00393,prod_00449,like,2026-01-19 11:41:18,sess_dc699903,desktop,17,
user_00823,prod_00152,view,2026-01-05 11:41:18,sess_5411542a,mobile,54,
user_00408,prod_00252,view,2026-02-20 11:41:18,sess_d216444a,desktop,134,
user_00288,prod_00243,view,2026-03-24 11:41:18,sess_7f3c7f0a,desktop,36,
user_00441,prod_00233,view,2026-01-31 11:41:18,sess_1ef63a6b,tablet,277,
user_00907,prod_00317,view,2026-03-15 11:41:18,sess_6d0ad663,tablet,65,
user_00041,prod_00031,view,2026-01-12 11:41:18,sess_963b0daa,mobile,262,
user_00677,prod_00132,view,2026-01-21 11:41:18,sess_01771d8b,tablet,28,
user_00744,prod_00054,view,2026-02-14 11:41:18,sess_523a793b,desktop,143,
user_00477,prod_00327,like,2026-02-12 11:41:18,sess_eb05cc8b,desktop,15,
user_00908,prod_00116,view,2026-01-30 11:41:18,sess_819e0107,tablet,168,
user_00649,prod_00302,like,2026-03-28 11:41:18,sess_c22db262,tablet,116,
user_00761,prod_00423,view,2026-01-20 11:41:18,sess_7a8f5979,tablet,210,
user_00323,prod_00084,like,2026-03-03 11:41:18,sess_e41d04f2,mobile,140,
user_00899,prod_00109,view,2026-01-20 11:41:18,sess_d5792418,mobile,18,
user_00807,prod_00238,view,2026-03-11 11:41:18,sess_fcde95fa,desktop,244,
user_00358,prod_00173,view,2026-03-05 11:41:18,sess_d6c25029,tablet,227,
user_00825,prod_00149,like,2026-03-20 11:41:18,sess_599dba10,mobile,246,
user_00875,prod_00420,purchase,2026-02-14 11:41:18,sess_ad15a457,tablet,88,1.4
user_00821,prod_00491,like,2026-03-27 11:41:18,sess_8af8a16f,tablet,32,
user_00802,prod_00485,view,2026-01-08 11:41:18,sess_b304b204,tablet,11,
user_00549,prod_00456,cart,2026-03-09 11:41:18,sess_eb5a7859,desktop,262,
user_00022,prod_00155,like,2026-02-18 11:41:18,sess_367f2bae,tablet,242,
user_00945,prod_00248,view,2026-03-13 11:41:18,sess_433a826d,desktop,59,
user_00720,prod_00208,view,2026-01-22 11:41:18,sess_b92b310d,mobile,237,
user_00426,prod_00461,like,2026-02-16 11:41:18,sess_2120f140,mobile,219,
user_00496,prod_00104,view,2026-03-29 11:41:18,sess_bf6339ab,desktop,8,
user_00959,prod_00203,view,2026-02-03 11:41:18,sess_c22519a0,desktop,219,
user_00756,prod_00426,view,2026-01-29 11:41:18,sess_429f70d2,mobile,184,
user_00896,prod_00311,view,2026-01-17 11:41:18,sess_9852b94e,desktop,103,
user_00652,prod_00239,like,2026-02-02 11:41:18,sess_2b5641d5,desktop,280,
user_00597,prod_00428,like,2026-01-16 11:41:18,sess_cffb8815,desktop,50,
user_00398,prod_00321,view,2026-03-10 11:41:18,sess_e2d41776,tablet,132,
user_00673,prod_00246,view,2026-01-03 11:41:18,sess_8f715124,tablet,13,
user_00904,prod_00315,like,2026-01-07 11:41:18,sess_1eaa82f1,mobile,184,
user_00660,prod_00394,view,2026-02-10 11:41:18,sess_17f91e2a,tablet,118,
user_00145,prod_00115,view,2026-01-27 11:41:18,sess_7829b165,desktop,82,
user_00345,prod_00368,view,2026-03-19 11:41:18,sess_3c5a893d,desktop,181,
user_00704,prod_00351,view,2026-01-25 11:41:18,sess_f5e7bc22,desktop,51,
user_00403,prod_00065,view,2026-01-19 11:41:18,sess_ad512b5f,tablet,265,
user_00090,prod_00165,view,2026-01-05 11:41:18,sess_1df305fc,mobile,18,
user_00994,prod_00477,view,2026-03-20 11:41:18,sess_3d536082,tablet,272,
user_00221,prod_00135,view,2026-01-17 11:41:18,sess_baa0dd1d,mobile,213,
user_00256,prod_00165,view,2026-01-01 11:41:18,sess_37e53baa,tablet,260,
user_00454,prod_00316,view,2026-03-12 11:41:18,sess_4f50b76c,desktop,138,
user_00097,prod_00361,view,2026-03-12 11:41:18,sess_65616fde,mobile,279,
user_00503,prod_00382,view,2026-01-10 11:41:18,sess_2b681181,desktop,151,
user_00512,prod_00155,view,2026-03-05 11:41:18,sess_961e8fd5,mobile,205,
user_00541,prod_00121,view,2026-03-27 11:41:18,sess_4ce5ea6d,tablet,93,
user_00598,prod_00435,view,2026-01-03 11:41:18,sess_d1c92aeb,mobile,291,
user_00727,prod_00302,view,2026-02-14 11:41:18,sess_987d54c4,desktop,274,
user_00809,prod_00080,view,2026-01-28 11:41:18,sess_9936238a,mobile,119,
user_00105,prod_00442,view,2026-03-18 11:41:18,sess_3cc9f9b0,mobile,291,
user_00934,prod_00239,purchase,2026-03-17 11:41:18,sess_85113e28,tablet,231,4.9
user_00761,prod_00130,like,2026-03-07 11:41:18,sess_8f25c071,mobile,160,
user_00411,prod_00433,view,2026-02-16 11:41:18,sess_8e703880,mobile,216,
user_00607,prod_00092,view,2026-03-21 11:41:18,sess_e0e1d449,desktop,58,
user_00254,prod_00191,view,2026-02-20 11:41:18,sess_c8d821a3,desktop,138,
user_00658,prod_00233,purchase,2026-03-28 11:41:18,sess_fd38153f,desktop,230,2.0
user_00341,prod_00364,view,2026-02-05 11:41:18,sess_99036a8f,desktop,278,
user_00471,prod_00266,view,2026-01-20 11:41:18,sess_d22a4eb4,tablet,132,
user_00122,prod_00092,view,2026-01-26 11:41:18,sess_33e90c69,tablet,125,
user_00202,prod_00180,view,2026-01-08 11:41:18,sess_7e545353,mobile,136,
user_00372,prod_00065,like,2026-03-15 11:41:18,sess_6edf5a4c,desktop,12,
user_00680,prod_00097,like,2025-12-31 11:41:18,sess_306d2ff3,desktop,164,
user_00418,prod_00055,view,2026-01-07 11:41:18,sess_bd6d49a9,tablet,60,
user_00034,prod_00335,view,2026-01-30 11:41:18,sess_dd181398,mobile,295,
user_00657,prod_00339,view,2026-01-16 11:41:18,sess_af701401,tablet,125,
user_00964,prod_00413,view,2026-02-22 11:41:18,sess_0891325f,tablet,9,
user_00691,prod_00051,view,2026-03-21 11:41:18,sess_a04e3d09,mobile,231,
user_00502,prod_00358,like,2026-02-15 11:41:18,sess_a0f332e8,mobile,7,
user_00854,prod_00303,view,2026-02-22 11:41:18,sess_8091f07b,desktop,254,
user_00584,prod_00466,view,2026-01-22 11:41:18,sess_eab41fde,mobile,103,
user_00030,prod_00407,view,2026-01-08 11:41:18,sess_87d36165,mobile,211,
user_00268,prod_00424,view,2026-02-09 11:41:18,sess_bc140818,desktop,289,
user_00767,prod_00152,view,2026-01-17 11:41:18,sess_3f7bc140,mobile,242,
user_00431,prod_00129,view,2026-02-05 11:41:18,sess_e28b09d9,tablet,168,
user_00569,prod_00232,view,2026-03-09 11:41:18,sess_7125088b,mobile,286,
user_00900,prod_00198,view,2026-02-06 11:41:18,sess_f5e2526f,mobile,11,
user_00568,prod_00005,view,2026-03-27 11:41:18,sess_a00031c6,tablet,66,
user_00884,prod_00270,view,2026-02-27 11:41:18,sess_b320cd64,mobile,5,
user_00341,prod_00476,view,2026-03-11 11:41:18,sess_daa87b09,tablet,208,
user_00887,prod_00269,view,2026-01-06 11:41:18,sess_7d6b2dfb,tablet,84,
user_00053,prod_00466,view,2026-03-21 11:41:18,sess_db75021e,mobile,282,
user_00065,prod_00461,view,2026-03-09 11:41:18,sess_e623c8f4,mobile,109,
user_00895,prod_00363,view,2026-01-07 11:41:18,sess_4150853b,desktop,90,
user_00116,prod_00188,view,2025-12-31 11:41:18,sess_14a0825a,mobile,292,
user_00061,prod_00229,like,2026-03-13 11:41:18,sess_d46200bd,tablet,90,
user_00852,prod_00421,like,2026-02-06 11:41:18,sess_081ddf56,mobile,175,
user_00551,prod_00394,view,2026-03-09 11:41:18,sess_304e18ee,tablet,204,
user_00206,prod_00287,view,2026-02-24 11:41:18,sess_00e705a8,tablet,170,
user_00360,prod_00312,view,2026-03-12 11:41:18,sess_5087ad1b,tablet,122,
user_00963,prod_00123,view,2026-01-22 11:41:18,sess_cc11866e,tablet,183,
user_00467,prod_00433,like,2026-01-06 11:41:18,sess_e8b19125,mobile,269,
user_00836,prod_00312,cart,2026-01-13 11:41:18,sess_f41f38db,mobile,184,
user_00329,prod_00492,view,2026-03-28 11:41:18,sess_4a9f077c,tablet,81,
user_00602,prod_00210,view,2026-01-15 11:41:18,sess_917f4bcd,tablet,34,
user_00809,prod_00449,view,2026-01-30 11:41:18,sess_185d9844,tablet,172,
user_00643,prod_00338,view,2026-03-07 11:41:18,sess_4417201c,desktop,265,
user_00630,prod_00350,view,2026-02-25 11:41:18,sess_50fc6bb8,tablet,46,
user_00830,prod_00037,view,2026-03-10 11:41:18,sess_51f3304b,tablet,148,
user_00346,prod_00401,view,2026-01-28 11:41:18,sess_61c07f0a,desktop,136,
user_00044,prod_00431,view,2026-03-08 11:41:18,sess_1a1cc1ab,desktop,99,
user_00566,prod_00467,view,2026-01-20 11:41:18,sess_bb4f31e5,mobile,257,
user_00673,prod_00095,like,2026-02-13 11:41:18,sess_b7d12a66,desktop,15,
user_00083,prod_00292,view,2026-03-04 11:41:18,sess_ad86ea2a,tablet,169,
user_00458,prod_00165,view,2026-01-11 11:41:18,sess_d7c5da76,mobile,174,
user_00353,prod_00420,purchase,2026-01-01 11:41:18,sess_6b9d46fd,tablet,142,2.7
user_00615,prod_00374,view,2026-02-15 11:41:18,sess_58dea10a,tablet,292,
user_00114,prod_00066,view,2026-03-11 11:41:18,sess_2acc4702,desktop,100,
user_00301,prod_00318,purchase,2026-02-14 11:41:18,sess_5295e346,mobile,297,3.8
user_00403,prod_00459,like,2026-02-04 11:41:18,sess_0624d568,mobile,189,
user_00829,prod_00493,view,2026-03-10 11:41:18,sess_868582b9,desktop,277,
user_00491,prod_00249,view,2026-02-27 11:41:18,sess_0fb88ca1,mobile,277,
user_00218,prod_00171,view,2026-01-21 11:41:18,sess_e3b2d6ff,tablet,20,
user_00968,prod_00317,purchase,2026-01-01 11:41:18,sess_93ea128b,desktop,132,2.1
user_00472,prod_00158,view,2026-02-25 11:41:18,sess_7ecf7036,mobile,28,
user_00695,prod_00079,view,2026-02-18 11:41:18,sess_83761848,tablet,249,
user_00897,prod_00177,view,2026-02-03 11:41:18,sess_227e4d15,tablet,100,
user_00954,prod_00257,view,2026-02-01 11:41:18,sess_b6cd60b5,desktop,187,
user_00356,prod_00072,view,2026-01-18 11:41:18,sess_cee10bf5,desktop,201,
user_00898,prod_00277,view,2026-02-04 11:41:18,sess_3c006045,desktop,141,
user_00991,prod_00257,view,2026-01-05 11:41:18,sess_61d405bb,desktop,163,
user_00896,prod_00499,view,2026-03-25 11:41:18,sess_30cb212c,mobile,32,
user_00180,prod_00176,view,2026-01-07 11:41:18,sess_cac0a448,desktop,179,
user_00869,prod_00128,view,2026-01-10 11:41:18,sess_ce0f332a,tablet,183,
user_00140,prod_00300,view,2026-01-24 11:41:18,sess_b89a0e0e,desktop,152,
user_00467,prod_00004,like,2026-03-26 11:41:18,sess_ad518654,desktop,202,
user_00218,prod_00392,view,2026-02-04 11:41:18,sess_1d4b3101,tablet,176,
user_00665,prod_00055,view,2026-01-14 11:41:18,sess_200d6c7e,desktop,66,
user_00203,prod_00274,like,2026-02-17 11:41:18,sess_bcb93d4d,tablet,148,
user_00168,prod_00092,view,2026-02-27 11:41:18,sess_b665a6a4,tablet,82,
user_00296,prod_00040,like,2026-03-20 11:41:18,sess_7fb3e2e0,tablet,7,
user_00882,prod_00056,view,2026-01-31 11:41:18,sess_931840a1,desktop,104,
user_00389,prod_00027,view,2026-03-30 11:41:18,sess_87bd9c26,tablet,271,
user_00340,prod_00310,view,2026-02-25 11:41:18,sess_5c5daa1e,mobile,217,
user_00588,prod_00395,view,2026-01-12 11:41:18,sess_e8a93442,mobile,161,
user_00795,prod_00246,view,2026-01-23 11:41:18,sess_55f31b6f,tablet,113,
user_00733,prod_00259,view,2026-01-09 11:41:18,sess_2ef959d0,tablet,51,
user_00718,prod_00473,like,2026-02-18 11:41:18,sess_ee4e4f94,tablet,33,
user_00553,prod_00150,view,2026-01-10 11:41:18,sess_33f0be4b,desktop,167,
user_00167,prod_00372,like,2026-03-26 11:41:18,sess_dfb526e0,tablet,19,
user_00881,prod_00165,view,2026-03-13 11:41:18,sess_5ad726a7,desktop,15,
user_00380,prod_00164,view,2026-03-13 11:41:18,sess_840f7026,tablet,277,
user_00771,prod_00476,like,2026-02-02 11:41:18,sess_31902242,desktop,298,
user_00329,prod_00192,view,2026-02-05 11:41:18,sess_4d045582,tablet,51,
user_00233,prod_00018,view,2026-02-01 11:41:18,sess_915a132f,mobile,60,
user_00801,prod_00267,view,2026-02-19 11:41:18,sess_e72f8cb8,mobile,92,
user_00755,prod_00121,view,2026-03-08 11:41:18,sess_5399c72a,mobile,95,
user_00831,prod_00190,like,2026-01-26 11:41:18,sess_c425c8ff,mobile,57,
user_00785,prod_00197,like,2026-02-16 11:41:18,sess_80ddf2a0,mobile,149,
user_00612,prod_00065,view,2026-01-26 11:41:18,sess_2c43b6de,tablet,33,
user_00158,prod_00106,view,2026-01-08 11:41:18,sess_13588085,mobile,71,
user_00538,prod_00381,view,2026-02-10 11:41:18,sess_1c60f205,mobile,253,
user_00398,prod_00119,view,2026-03-04 11:41:18,sess_f33bb41d,desktop,217,
user_00003,prod_00093,like,2026-02-08 11:41:18,sess_efb64bc8,desktop,42,
user_00728,prod_00207,view,2026-01-19 11:41:18,sess_d0fd60ec,tablet,258,
user_00039,prod_00416,view,2026-03-18 11:41:18,sess_15045cff,desktop,50,
user_00276,prod_00348,purchase,2026-03-14 11:41:18,sess_4acbff40,tablet,106,3.7
user_00946,prod_00260,view,2026-01-05 11:41:18,sess_1f443515,desktop,279,
user_00373,prod_00087,view,2026-03-12 11:41:18,sess_60c13b42,tablet,130,
user_00342,prod_00148,view,2026-03-09 11:41:18,sess_5d879684,desktop,23,
user_00913,prod_00164,purchase,2026-02-07 11:41:18,sess_5100e7f4,mobile,64,5.0
user_00628,prod_00009,view,2026-01-06 11:41:18,sess_1bbbd962,tablet,74,
user_00485,prod_00187,view,2026-03-24 11:41:18,sess_1f686163,tablet,256,
user_00037,prod_00386,view,2026-01-04 11:41:18,sess_c6a66cb2,mobile,117,
user_00343,prod_00188,view,2026-01-24 11:41:18,sess_87048d90,desktop,289,
user_00065,prod_00270,view,2026-03-04 11:41:18,sess_bc8803e5,tablet,293,
user_00797,prod_00225,view,2026-02-09 11:41:18,sess_277375d0,tablet,291,
user_00044,prod_00023,like,2026-03-05 11:41:18,sess_4fa6e523,tablet,6,
user_00472,prod_00320,view,2026-02-09 11:41:18,sess_d51cbc23,mobile,300,
user_00690,prod_00148,view,2026-01-31 11:41:18,sess_75039ad6,desktop,18,
user_00106,prod_00233,view,2026-02-06 11:41:18,sess_1ac53942,tablet,205,
user_00356,prod_00401,view,2026-01-11 11:41:18,sess_b462800d,tablet,24,
user_00662,prod_00204,view,2026-02-08 11:41:18,sess_afd3c6df,tablet,259,
user_00887,prod_00405,view,2026-03-09 11:41:18,sess_bef18972,desktop,98,
user_00044,prod_00130,view,2026-02-07 11:41:18,sess_d5d70db8,mobile,37,
user_00588,prod_00054,like,2026-03-18 11:41:18,sess_4a7363f5,tablet,131,
user_00391,prod_00389,view,2026-03-20 11:41:18,sess_29bce839,tablet,51,
user_00866,prod_00155,like,2026-02-08 11:41:18,sess_c0adeb63,mobile,73,
user_00836,prod_00074,view,2026-02-06 11:41:18,sess_11bdf36b,tablet,66,
user_00277,prod_00002,view,2026-02-16 11:41:18,sess_f4de48f0,desktop,74,
user_00150,prod_00134,view,2026-02-28 11:41:18,sess_899d4932,mobile,81,
user_00237,prod_00354,cart,2026-03-27 11:41:18,sess_3d2223b4,mobile,102,
user_00133,prod_00230,view,2026-01-03 11:41:18,sess_3fd760e3,mobile,140,
user_00679,prod_00121,view,2026-01-14 11:41:18,sess_112a254c,desktop,295,
user_00099,prod_00366,view,2026-03-10 11:41:18,sess_a9603c81,tablet,170,
user_00997,prod_00195,view,2026-01-27 11:41:18,sess_2e602de6,desktop,99,
user_00603,prod_00144,view,2026-01-27 11:41:18,sess_3c425019,desktop,151,
user_00058,prod_00461,view,2026-02-12 11:41:18,sess_e04d191d,mobile,197,
user_00071,prod_00464,view,2026-03-06 11:41:18,sess_8faccddb,mobile,243,
user_00041,prod_00306,view,2026-02-28 11:41:18,sess_b630e015,desktop,33,
user_00132,prod_00249,like,2026-01-29 11:41:18,sess_a5bae803,tablet,88,
user_00432,prod_00036,like,2026-03-07 11:41:18,sess_e0038400,tablet,79,
user_00299,prod_00165,like,2026-03-07 11:41:18,sess_e64ce083,tablet,158,
user_00199,prod_00485,view,2026-02-03 11:41:18,sess_698f7e2f,mobile,86,
user_00170,prod_00096,like,2026-03-20 11:41:18,sess_9ee6e18a,mobile,261,
user_00962,prod_00476,view,2026-03-10 11:41:18,sess_7974032a,mobile,177,
user_00616,prod_00015,view,2026-01-02 11:41:18,sess_bf564058,mobile,154,
user_00942,prod_00419,like,2026-02-20 11:41:18,sess_657be668,mobile,92,
user_00319,prod_00174,view,2026-03-11 11:41:18,sess_bb758b99,desktop,194,
user_00398,prod_00227,view,2026-01-07 11:41:18,sess_99c9d3ff,tablet,117,
user_00590,prod_00362,like,2026-02-23 11:41:18,sess_10af0f75,desktop,85,
user_00711,prod_00495,view,2026-01-31 11:41:18,sess_5e338bbb,desktop,62,
user_00361,prod_00473,like,2026-03-01 11:41:18,sess_bc808dbb,mobile,272,
user_00458,prod_00261,cart,2026-01-11 11:41:18,sess_647a8ded,mobile,179,
user_00249,prod_00391,view,2026-02-24 11:41:18,sess_8ae05c0a,desktop,292,
user_00494,prod_00186,view,2025-12-31 11:41:18,sess_054c95d9,mobile,181,
user_00829,prod_00466,view,2026-03-07 11:41:18,sess_4c861640,tablet,102,
user_00015,prod_00003,view,2026-02-05 11:41:18,sess_c33b1f11,mobile,290,
user_00447,prod_00309,view,2026-02-20 11:41:18,sess_3f43b7b3,desktop,238,
user_00292,prod_00239,view,2026-01-10 11:41:18,sess_05bc9e0d,mobile,142,
user_00561,prod_00128,like,2026-01-18 11:41:18,sess_157e68f1,tablet,200,
user_00586,prod_00070,view,2026-01-05 11:41:18,sess_a6d68298,mobile,93,
user_00341,prod_00420,view,2026-02-11 11:41:18,sess_8dea847e,tablet,140,
user_00914,prod_00321,purchase,2026-02-11 11:41:18,sess_d1ae2412,desktop,215,1.7
user_00311,prod_00037,view,2026-02-06 11:41:18,sess_62584fcb,desktop,220,
user_00918,prod_00331,like,2026-03-24 11:41:18,sess_deef7f3f,tablet,165,
user_00583,prod_00206,view,2026-02-27 11:41:18,sess_503809cf,mobile,222,
user_00842,prod_00137,like,2026-03-05 11:41:18,sess_1880c9c0,tablet,84,
user_00025,prod_00221,view,2026-03-02 11:41:18,sess_4a3b598d,mobile,213,
user_00650,prod_00035,purchase,2026-01-04 11:41:18,sess_8f7c136d,mobile,249,1.3
user_00153,prod_00456,view,2026-03-15 11:41:18,sess_8af6c6af,mobile,38,
user_00344,prod_00347,view,2026-01-06 11:41:18,sess_7f6590ef,mobile,191,
user_00247,prod_00373,like,2026-03-10 11:41:18,sess_284497cc,tablet,210,
user_00283,prod_00301,view,2026-01-19 11:41:18,sess_9dd9c5e0,desktop,36,
user_00446,prod_00225,view,2026-03-10 11:41:18,sess_7b054756,tablet,216,
user_00643,prod_00480,view,2026-01-05 11:41:18,sess_0ac909c3,tablet,20,
user_00472,prod_00269,like,2026-03-17 11:41:18,sess_bc66cad1,mobile,155,
user_00860,prod_00497,view,2026-03-29 11:41:18,sess_5d12ad37,desktop,205,
user_00621,prod_00328,cart,2026-01-24 11:41:18,sess_c554b14e,desktop,162,
user_00734,prod_00301,view,2026-02-26 11:41:18,sess_2d105d51,tablet,40,
user_00847,prod_00028,view,2025-12-31 11:41:18,sess_eef11b37,mobile,41,
user_00750,prod_00431,purchase,2026-01-17 11:41:18,sess_4acf8d9e,tablet,111,1.1
user_00981,prod_00213,view,2026-02-25 11:41:18,sess_c15bb673,mobile,71,
user_00076,prod_00031,view,2026-02-23 11:41:18,sess_e58f07cf,tablet,110,
user_00077,prod_00015,view,2026-03-29 11:41:18,sess_64c8589c,mobile,50,
user_00374,prod_00373,view,2026-03-26 11:41:18,sess_7028cbfd,desktop,217,
user_00016,prod_00395,view,2026-02-13 11:41:18,sess_6f458092,tablet,64,
user_00274,prod_00060,view,2026-02-14 11:41:18,sess_c5c80d70,mobile,175,
user_00413,prod_00011,view,2026-03-14 11:41:18,sess_6821c73d,desktop,247,
user_00053,prod_00351,view,2026-03-01 11:41:18,sess_9c8ee196,tablet,203,
user_00118,prod_00054,view,2026-03-20 11:41:18,sess_68cb2cd0,tablet,227,
user_00179,prod_00443,like,2026-01-11 11:41:18,sess_361f6ec1,mobile,139,
user_00115,prod_00019,view,2026-02-05 11:41:18,sess_8994bf2a,desktop,10,
user_00647,prod_00131,view,2026-02-18 11:41:18,sess_9176ce21,desktop,115,
user_00125,prod_00435,view,2026-01-26 11:41:18,sess_52e045c6,mobile,100,
user_00150,prod_00004,view,2026-03-26 11:41:18,sess_b19c4a46,tablet,161,
user_00329,prod_00417,view,2026-03-28 11:41:18,sess_c5245a44,tablet,269,
user_00448,prod_00369,like,2026-02-18 11:41:18,sess_6245bec6,mobile,125,
user_00418,prod_00020,view,2026-01-15 11:41:18,sess_88916874,tablet,299,
user_00244,prod_00401,purchase,2025-12-30 11:41:18,sess_dbcd2bc6,desktop,35,1.1
user_00610,prod_00313,view,2026-01-10 11:41:18,sess_193db812,desktop,61,
user_00811,prod_00301,view,2026-01-07 11:41:18,sess_d9b7fdd4,mobile,269,
user_00534,prod_00230,like,2026-02-26 11:41:18,sess_10364d2d,tablet,81,
user_00820,prod_00183,view,2026-02-20 11:41:18,sess_b52957af,tablet,174,
user_00841,prod_00023,view,2026-02-25 11:41:18,sess_449db687,tablet,93,
user_00491,prod_00125,view,2026-02-08 11:41:18,sess_d56fdb75,desktop,147,
user_00562,prod_00033,view,2026-03-22 11:41:18,sess_9ee65d46,mobile,294,
user_00656,prod_00374,view,2026-01-30 11:41:18,sess_69987461,mobile,143,
user_00194,prod_00010,view,2026-01-26 11:41:18,sess_c478a93f,tablet,269,
user_00240,prod_00340,view,2026-01-25 11:41:18,sess_962567cb,mobile,10,
user_00506,prod_00002,view,2026-03-24 11:41:18,sess_f1890f49,tablet,119,
user_00649,prod_00184,like,2026-03-18 11:41:18,sess_5bea6921,desktop,237,
user_00591,prod_00092,view,2026-01-04 11:41:18,sess_2e1e084f,mobile,226,
user_00395,prod_00043,view,2026-03-28 11:41:18,sess_e764a625,mobile,233,
user_00847,prod_00499,view,2026-02-17 11:41:18,sess_f3c7bccb,tablet,64,
user_00696,prod_00072,view,2026-02-07 11:41:18,sess_ea3bf2a9,mobile,292,
user_00939,prod_00443,like,2026-03-19 11:41:18,sess_cbe7e245,mobile,288,
user_00278,prod_00001,view,2026-01-17 11:41:18,sess_ea2ab5b0,mobile,249,
user_00401,prod_00460,view,2026-02-06 11:41:18,sess_db2ff14b,mobile,275,
user_00428,prod_00118,view,2026-01-15 11:41:18,sess_6cccd048,tablet,182,
user_00046,prod_00201,like,2026-03-29 11:41:18,sess_32b3b43e,tablet,179,
user_00363,prod_00011,view,2026-02-15 11:41:18,sess_b1b717c4,mobile,32,
user_00562,prod_00112,view,2026-01-10 11:41:18,sess_3d80fde5,mobile,189,
user_00050,prod_00355,view,2026-02-11 11:41:18,sess_a9fd51bb,desktop,156,
user_00320,prod_00410,view,2026-02-22 11:41:18,sess_5f37da07,mobile,69,
user_00268,prod_00109,view,2026-03-24 11:41:18,sess_0696742d,desktop,11,
user_00716,prod_00093,view,2026-03-19 11:41:18,sess_bea20d66,tablet,65,
user_00781,prod_00323,like,2026-01-21 11:41:18,sess_4f41a799,mobile,216,
user_00506,prod_00268,view,2026-02-28 11:41:18,sess_5693979d,mobile,52,
user_00461,prod_00227,view,2025-12-31 11:41:18,sess_3a443391,mobile,65,
user_00786,prod_00245,view,2026-02-11 11:41:18,sess_9108b7f0,mobile,25,
user_00286,prod_00097,view,2026-03-05 11:41:18,sess_e3f66161,tablet,58,
user_00341,prod_00420,view,2026-01-04 11:41:18,sess_71f9c5f7,mobile,95,
user_00636,prod_00165,like,2026-03-26 11:41:18,sess_0ca7f914,mobile,35,
user_00219,prod_00218,view,2026-02-04 11:41:18,sess_e1688cbd,desktop,189,
user_00904,prod_00203,like,2026-02-17 11:41:18,sess_f6ae764e,mobile,166,
user_00255,prod_00133,view,2026-01-13 11:41:18,sess_f99f4cf1,mobile,259,
user_00002,prod_00266,view,2026-01-31 11:41:18,sess_818f6d3f,tablet,27,
user_00781,prod_00424,view,2026-01-20 11:41:18,sess_769d6ac5,mobile,6,
user_00119,prod_00002,view,2026-03-30 11:41:18,sess_2ca69e83,tablet,82,
user_00868,prod_00123,like,2026-01-13 11:41:18,sess_d801df9c,tablet,17,
user_00591,prod_00238,view,2026-01-23 11:41:18,sess_be54bcec,tablet,186,
user_00117,prod_00454,view,2026-01-17 11:41:18,sess_07009795,mobile,260,
user_00902,prod_00203,view,2026-01-13 11:41:18,sess_4c2fabe8,mobile,148,
user_00229,prod_00402,like,2026-03-21 11:41:18,sess_1132c43d,desktop,77,
user_00129,prod_00354,like,2026-03-14 11:41:18,sess_10664a43,desktop,58,
user_00020,prod_00175,like,2026-03-09 11:41:18,sess_e8219f5f,tablet,200,
user_00020,prod_00382,view,2026-02-20 11:41:18,sess_e2364ef3,desktop,187,
user_00739,prod_00170,like,2026-02-09 11:41:18,sess_579eaaed,tablet,264,
user_00828,prod_00206,like,2026-03-06 11:41:18,sess_73dce4ac,tablet,235,
user_00282,prod_00181,like,2026-03-08 11:41:18,sess_a275ea56,mobile,282,
user_00302,prod_00285,view,2026-01-08 11:41:18,sess_6c2bddc1,desktop,160,
user_00262,prod_00115,view,2026-02-02 11:41:18,sess_646fa60f,mobile,198,
user_00790,prod_00330,view,2026-03-23 11:41:18,sess_4506ec39,tablet,173,
user_00449,prod_00174,like,2026-02-08 11:41:18,sess_eb032139,mobile,58,
user_00542,prod_00367,view,2026-03-07 11:41:18,sess_71a7e336,tablet,298,
user_00017,prod_00007,view,2026-01-14 11:41:18,sess_47039238,mobile,254,
user_00551,prod_00480,view,2026-03-05 11:41:18,sess_f52dee0e,desktop,209,
user_00742,prod_00487,view,2026-03-10 11:41:18,sess_ce54c934,mobile,223,
user_00504,prod_00207,like,2026-03-19 11:41:18,sess_5018dba2,mobile,198,
user_00969,prod_00457,like,2026-01-25 11:41:18,sess_fc1e9d6a,tablet,86,
user_00723,prod_00159,like,2026-03-14 11:41:18,sess_bf82e08b,tablet,116,
user_00571,prod_00419,view,2026-01-08 11:41:18,sess_c439974e,mobile,158,
user_00740,prod_00151,view,2026-03-01 11:41:18,sess_280f0663,tablet,286,
user_00409,prod_00100,like,2026-02-09 11:41:18,sess_6da400dc,tablet,16,
user_00536,prod_00062,view,2026-01-22 11:41:18,sess_f81a8bcc,desktop,27,
user_00141,prod_00310,like,2026-01-18 11:41:18,sess_9b215b0e,tablet,119,
user_00887,prod_00040,view,2026-03-05 11:41:18,sess_da7b1562,mobile,250,
user_00018,prod_00239,view,2026-02-21 11:41:18,sess_f8d63bd1,tablet,274,
user_00713,prod_00255,cart,2026-03-23 11:41:18,sess_7d2bded2,tablet,120,
user_00934,prod_00493,like,2026-03-08 11:41:18,sess_6f4c4ab2,tablet,275,
user_00153,prod_00309,view,2026-03-19 11:41:18,sess_689c003d,tablet,111,
user_00205,prod_00399,view,2026-03-17 11:41:18,sess_c26e3ba2,desktop,256,
user_00771,prod_00464,view,2026-02-14 11:41:18,sess_45ad359b,mobile,239,
user_00823,prod_00469,view,2026-03-13 11:41:18,sess_bf2bbf70,mobile,107,
user_00610,prod_00183,view,2026-03-23 11:41:18,sess_b962ae5a,desktop,265,
user_00439,prod_00229,purchase,2026-02-17 11:41:18,sess_cf5f03fa,mobile,168,2.9
user_00930,prod_00436,like,2026-02-01 11:41:18,sess_d351257c,mobile,116,
user_00399,prod_00035,view,2026-02-26 11:41:18,sess_cc851a7a,desktop,148,
user_00087,prod_00183,like,2026-02-18 11:41:18,sess_c5e40528,desktop,217,
user_00726,prod_00033,view,2026-01-01 11:41:18,sess_2315f0f6,mobile,140,
user_00669,prod_00124,view,2026-02-15 11:41:18,sess_d51b989b,mobile,232,
user_00541,prod_00083,view,2026-01-26 11:41:18,sess_10e4736a,desktop,108,
user_00062,prod_00391,view,2026-02-08 11:41:18,sess_b0db485a,mobile,45,
user_00505,prod_00343,like,2026-03-23 11:41:18,sess_5f4bf7fa,mobile,84,
user_00336,prod_00212,like,2026-01-06 11:41:18,sess_d53ff966,desktop,69,
user_00457,prod_00267,view,2026-01-18 11:41:18,sess_29c31663,desktop,249,
user_00491,prod_00196,view,2026-03-13 11:41:18,sess_43e743a7,mobile,157,
user_00962,prod_00242,view,2026-03-16 11:41:18,sess_9222ee0a,mobile,236,
user_00280,prod_00338,like,2026-02-05 11:41:18,sess_1153d76c,desktop,225,
user_00988,prod_00176,view,2026-01-04 11:41:18,sess_821f5f9e,desktop,250,
user_00371,prod_00199,view,2026-02-26 11:41:18,sess_479bf701,desktop,137,
user_00015,prod_00120,view,2026-01-24 11:41:18,sess_90693308,tablet,131,
user_00620,prod_00230,view,2026-02-16 11:41:18,sess_feac7c3d,mobile,209,
user_00673,prod_00153,view,2026-03-24 11:41:18,sess_4d23c6c6,tablet,139,
user_00449,prod_00018,view,2026-02-25 11:41:18,sess_d240527c,desktop,208,
user_00367,prod_00259,view,2025-12-30 11:41:18,sess_d86477e5,mobile,39,
user_00968,prod_00288,view,2026-01-01 11:41:18,sess_9bf2d1db,tablet,89,
user_00855,prod_00229,view,2026-02-28 11:41:18,sess_e816130d,tablet,281,
user_00340,prod_00464,purchase,2026-02-13 11:41:18,sess_42b888d0,tablet,270,1.9
user_00668,prod_00498,view,2026-03-14 11:41:18,sess_611deac0,tablet,243,
user_00921,prod_00368,view,2026-02-19 11:41:18,sess_d05a9e75,desktop,95,
user_00823,prod_00144,view,2026-02-25 11:41:18,sess_5c953f14,tablet,8,
user_00309,prod_00358,view,2026-02-09 11:41:18,sess_03353ef7,tablet,290,
user_00652,prod_00319,view,2026-02-01 11:41:18,sess_92f1d697,desktop,107,
user_00910,prod_00460,like,2026-02-02 11:41:18,sess_44d99a90,desktop,58,
user_00115,prod_00180,view,2026-03-06 11:41:18,sess_417c0988,desktop,279,
user_00088,prod_00175,view,2026-02-07 11:41:18,sess_160f0f81,mobile,38,
user_00759,prod_00251,view,2026-01-29 11:41:18,sess_79ef1c55,mobile,125,
user_00760,prod_00271,view,2026-02-21 11:41:18,sess_a45e05b6,mobile,115,
user_00928,prod_00039,view,2026-02-05 11:41:18,sess_ee919a7c,tablet,66,
user_00435,prod_00087,like,2026-01-20 11:41:18,sess_3a02826a,tablet,300,
user_00659,prod_00375,view,2026-02-08 11:41:18,sess_628ba8f4,mobile,43,
user_00515,prod_00071,view,2026-01-17 11:41:18,sess_aba8b7b4,tablet,97,
user_00129,prod_00132,view,2026-01-19 11:41:18,sess_63c3e007,desktop,230,
user_00044,prod_00352,view,2026-02-02 11:41:18,sess_3a40b351,mobile,142,
user_00532,prod_00341,view,2026-03-12 11:41:18,sess_4b863a41,desktop,238,
user_00550,prod_00190,view,2026-02-18 11:41:18,sess_6a1e02f6,mobile,262,
user_00057,prod_00014,view,2026-03-22 11:41:18,sess_e988ab36,mobile,231,
user_00245,prod_00129,view,2026-02-22 11:41:18,sess_dec36d1f,desktop,54,
user_00988,prod_00034,like,2026-03-07 11:41:18,sess_10449a8f,mobile,290,
user_00116,prod_00424,view,2026-03-19 11:41:18,sess_f7681683,tablet,5,
user_00462,prod_00422,view,2026-01-29 11:41:18,sess_34da996c,tablet,223,
user_00999,prod_00342,cart,2026-03-18 11:41:18,sess_8588367a,desktop,157,
user_00321,prod_00125,view,2026-02-21 11:41:18,sess_cf79fc8d,mobile,183,
user_00331,prod_00005,like,2026-03-08 11:41:18,sess_59b4c397,tablet,50,
user_00034,prod_00052,view,2026-02-20 11:41:18,sess_3dd9c4bb,tablet,211,
user_00462,prod_00168,view,2026-01-14 11:41:18,sess_22d848ba,tablet,188,
user_00870,prod_00293,view,2026-03-01 11:41:18,sess_92ce0b09,mobile,250,
user_00002,prod_00185,view,2026-03-14 11:41:18,sess_1b268f30,desktop,287,
user_00201,prod_00096,view,2026-02-24 11:41:18,sess_a606407f,mobile,173,
user_00314,prod_00190,like,2026-01-29 11:41:18,sess_b6487e05,tablet,266,
user_00528,prod_00352,view,2026-02-03 11:41:18,sess_89855992,mobile,219,
user_00648,prod_00437,like,2026-01-15 11:41:18,sess_de06aaa3,tablet,64,
user_00032,prod_00339,like,2026-02-06 11:41:18,sess_c8472a7b,desktop,103,
user_00579,prod_00072,view,2025-12-30 11:41:18,sess_ddb8f693,mobile,145,
user_00144,prod_00445,view,2026-01-11 11:41:18,sess_30085649,mobile,44,
user_00092,prod_00315,view,2026-02-25 11:41:18,sess_4242b78a,mobile,179,
user_00052,prod_00221,view,2026-03-09 11:41:18,sess_07e4ed12,mobile,299,
user_00593,prod_00378,view,2026-03-13 11:41:18,sess_ff744977,mobile,53,
user_00142,prod_00477,view,2026-03-11 11:41:18,sess_3366b9c9,tablet,263,
user_00197,prod_00301,view,2026-03-30 11:41:18,sess_5b0e9b6c,tablet,193,
user_00637,prod_00179,view,2026-02-04 11:41:18,sess_8e767575,mobile,227,
user_00573,prod_00386,like,2026-02-28 11:41:18,sess_ab64ab6c,mobile,163,
user_00745,prod_00496,view,2026-02-17 11:41:18,sess_8a03034f,tablet,143,
user_00892,prod_00216,view,2025-12-31 11:41:18,sess_c5405f95,mobile,65,
user_00840,prod_00446,view,2026-02-28 11:41:18,sess_229767e6,desktop,5,
user_00938,prod_00184,view,2026-03-07 11:41:18,sess_51e62ea9,mobile,60,
user_00123,prod_00466,view,2026-02-16 11:41:18,sess_31dc5dd4,tablet,71,
user_00592,prod_00042,view,2026-03-17 11:41:18,sess_3c94dc8c,tablet,199,
user_00863,prod_00454,view,2026-03-22 11:41:18,sess_b5f81eaf,mobile,199,
user_00300,prod_00034,view,2026-02-18 11:41:18,sess_d89831cb,tablet,296,
user_00132,prod_00010,like,2026-02-08 11:41:18,sess_ef082f3c,mobile,296,
user_00028,prod_00456,view,2026-01-23 11:41:18,sess_a1c0768c,mobile,59,
user_00775,prod_00043,like,2026-02-05 11:41:18,sess_c99d33c8,mobile,202,
user_00299,prod_00108,view,2026-03-05 11:41:18,sess_4528176f,tablet,141,
user_00917,prod_00312,view,2026-03-23 11:41:18,sess_c38be783,mobile,216,
user_00035,prod_00485,view,2026-02-16 11:41:18,sess_7e14cb97,mobile,19,
user_00368,prod_00113,like,2026-03-08 11:41:18,sess_8c2ba7f1,desktop,292,
user_00560,prod_00380,like,2026-03-25 11:41:18,sess_2da543cc,desktop,215,
user_00283,prod_00283,view,2026-03-18 11:41:18,sess_49760238,tablet,212,
user_00584,prod_00375,view,2026-02-22 11:41:18,sess_f3534a3c,mobile,175,
user_00914,prod_00392,like,2026-03-18 11:41:18,sess_0cf7f279,mobile,294,
user_00210,prod_00190,view,2026-01-09 11:41:18,sess_105d6f65,mobile,125,
user_00526,prod_00330,view,2026-02-07 11:41:18,sess_fb8f3ddc,desktop,230,
user_00704,prod_00014,view,2026-01-25 11:41:18,sess_97ff886f,desktop,263,
user_00871,prod_00500,view,2026-03-25 11:41:18,sess_ec16dceb,desktop,101,
user_00621,prod_00134,view,2026-03-26 11:41:18,sess_775b4944,tablet,276,
user_00602,prod_00074,like,2026-02-17 11:41:18,sess_61488f4b,desktop,268,
user_00810,prod_00103,view,2026-03-27 11:41:18,sess_88781fdd,mobile,236,
user_00483,prod_00106,view,2026-02-11 11:41:18,sess_65060054,tablet,289,
user_00420,prod_00291,view,2026-03-04 11:41:18,sess_7baadc39,tablet,36,
user_00468,prod_00130,cart,2026-03-06 11:41:18,sess_c0ec6c2d,desktop,16,
user_00741,prod_00304,view,2026-03-15 11:41:18,sess_2dcde96b,desktop,12,
user_00328,prod_00030,view,2026-02-27 11:41:18,sess_f1e6622d,tablet,202,
user_00077,prod_00254,view,2026-02-23 11:41:18,sess_6b3be649,tablet,188,
user_00312,prod_00373,like,2026-01-02 11:41:18,sess_9539cdde,mobile,133,
user_00519,prod_00474,view,2026-01-15 11:41:18,sess_c44bca87,desktop,171,
user_00170,prod_00163,like,2026-02-17 11:41:18,sess_4ea9854d,desktop,225,
user_00081,prod_00140,view,2026-03-11 11:41:18,sess_450e4d5a,tablet,293,
user_00556,prod_00229,view,2026-03-23 11:41:18,sess_078c96a2,tablet,102,
user_00678,prod_00067,view,2026-01-14 11:41:18,sess_75370fd0,desktop,60,
user_00509,prod_00413,view,2026-03-18 11:41:18,sess_9485f280,desktop,268,
user_00993,prod_00120,view,2025-12-30 11:41:18,sess_34a7a918,mobile,212,
user_00768,prod_00176,purchase,2026-03-15 11:41:18,sess_fa7f5510,desktop,216,5.0
user_00578,prod_00153,purchase,2026-03-21 11:41:18,sess_213eb28f,mobile,89,3.8
user_00225,prod_00357,view,2026-01-31 11:41:18,sess_309fbb2d,tablet,200,
user_00346,prod_00189,view,2026-02-27 11:41:18,sess_0e7ee039,mobile,118,
user_00562,prod_00373,view,2026-02-19 11:41:18,sess_89c64e54,mobile,155,
user_00247,prod_00158,view,2026-03-09 11:41:18,sess_c62c69e4,mobile,263,
user_00024,prod_00384,view,2026-01-12 11:41:18,sess_f3325950,tablet,33,
user_00322,prod_00103,view,2026-01-11 11:41:18,sess_5dd90b09,desktop,8,
user_00630,prod_00391,view,2026-01-07 11:41:18,sess_e51b1963,mobile,228,
user_00557,prod_00119,view,2026-02-01 11:41:18,sess_0f9e7b37,desktop,96,
user_00088,prod_00014,view,2026-02-22 11:41:18,sess_929b32bb,mobile,30,
user_00853,prod_00481,view,2026-02-14 11:41:18,sess_9e7c5c46,tablet,240,
user_00927,prod_00446,view,2026-02-15 11:41:18,sess_1936c449,mobile,287,
user_00320,prod_00304,like,2026-02-04 11:41:18,sess_779d4627,desktop,131,
user_00642,prod_00163,view,2026-01-28 11:41:18,sess_f1b6ff23,mobile,70,
user_00565,prod_00157,view,2026-01-22 11:41:18,sess_b4f8dee6,desktop,92,
user_00581,prod_00274,view,2026-03-28 11:41:18,sess_c1af9e9a,mobile,43,
user_00659,prod_00476,like,2026-01-06 11:41:18,sess_22199619,tablet,129,
user_00737,prod_00135,view,2026-01-09 11:41:18,sess_708de2e3,desktop,256,
user_00529,prod_00386,like,2026-02-10 11:41:18,sess_bb21be2e,mobile,195,
user_00233,prod_00032,view,2026-03-13 11:41:18,sess_66eb444f,desktop,38,
user_00225,prod_00009,view,2026-03-04 11:41:18,sess_583e41b8,mobile,149,
user_00435,prod_00155,view,2026-02-22 11:41:18,sess_4b46fab0,mobile,243,
user_00658,prod_00245,like,2026-01-11 11:41:18,sess_11725d8b,mobile,73,
user_00913,prod_00245,view,2026-01-05 11:41:18,sess_de625e33,mobile,223,
user_00055,prod_00380,view,2026-02-07 11:41:18,sess_b6f72a71,tablet,247,
user_00628,prod_00299,view,2026-02-14 11:41:18,sess_02f915d1,desktop,228,
user_00664,prod_00400,view,2026-03-03 11:41:18,sess_56acfb33,desktop,12,
user_00875,prod_00230,like,2026-03-09 11:41:18,sess_7feff2ff,tablet,233,
user_00724,prod_00207,view,2026-02-06 11:41:18,sess_434b928b,tablet,18,
user_00969,prod_00021,view,2026-03-17 11:41:18,sess_07a7a2b7,tablet,149,
user_00512,prod_00161,view,2026-02-13 11:41:18,sess_338ab1fa,tablet,99,
user_00132,prod_00024,view,2026-01-28 11:41:18,sess_767da927,mobile,149,
user_00146,prod_00066,like,2026-03-13 11:41:18,sess_fe984e0d,mobile,287,
user_00088,prod_00414,view,2026-03-16 11:41:18,sess_bf3a3730,desktop,43,
user_00442,prod_00208,view,2026-02-19 11:41:18,sess_c0a34d06,desktop,254,
user_00041,prod_00250,view,2026-01-22 11:41:18,sess_6388ee1a,tablet,174,
user_00920,prod_00035,view,2026-01-26 11:41:18,sess_c77962ad,tablet,237,
user_00132,prod_00123,like,2026-02-11 11:41:18,sess_b56d1b8d,tablet,210,
user_00011,prod_00094,view,2026-03-04 11:41:18,sess_0c18d033,desktop,96,
user_00742,prod_00431,view,2026-01-24 11:41:18,sess_63128ce5,tablet,151,
user_00729,prod_00193,view,2026-02-23 11:41:18,sess_95fc18e5,desktop,287,
user_00509,prod_00178,view,2026-03-28 11:41:18,sess_c2bc6f8d,desktop,240,
user_00643,prod_00034,like,2026-02-25 11:41:18,sess_e953964e,tablet,162,
user_00286,prod_00026,view,2026-01-27 11:41:18,sess_6896d824,desktop,265,
user_00617,prod_00131,view,2026-03-01 11:41:18,sess_dbee8095,desktop,109,
user_00416,prod_00200,like,2026-02-08 11:41:18,sess_e0ae447c,tablet,239,
user_00120,prod_00062,view,2026-01-22 11:41:18,sess_d72fe3b5,mobile,255,
user_00735,prod_00226,view,2026-02-01 11:41:18,sess_c250e280,desktop,152,
user_00603,prod_00214,like,2026-03-14 11:41:18,sess_1b5d7f6a,desktop,125,
user_00709,prod_00125,view,2026-01-23 11:41:18,sess_e4ce1799,mobile,167,
user_00426,prod_00254,cart,2026-03-03 11:41:18,sess_5fdf9362,desktop,146,
user_00643,prod_00393,view,2026-02-02 11:41:18,sess_f201da4c,tablet,238,
user_00653,prod_00414,like,2026-01-29 11:41:18,sess_67b87940,desktop,33,
user_00853,prod_00159,view,2026-03-04 11:41:18,sess_c0d78972,mobile,15,
user_00073,prod_00249,view,2026-02-25 11:41:18,sess_c0b5d26d,mobile,82,
user_00483,prod_00089,view,2026-03-17 11:41:18,sess_8244fbf3,tablet,98,
user_00589,prod_00321,view,2026-01-01 11:41:18,sess_e7be4a35,mobile,137,
user_00054,prod_00188,view,2026-01-07 11:41:18,sess_4eadf758,tablet,88,
user_00335,prod_00436,view,2026-02-22 11:41:18,sess_51068aca,tablet,277,
user_00364,prod_00221,view,2026-01-06 11:41:18,sess_ea3a351b,desktop,162,
user_00935,prod_00080,view,2026-02-19 11:41:18,sess_98fbbaf5,mobile,263,
user_00763,prod_00070,view,2026-03-14 11:41:18,sess_63f29132,mobile,145,
user_00075,prod_00002,view,2026-01-16 11:41:18,sess_675a521a,desktop,26,
user_00469,prod_00083,view,2026-03-23 11:41:18,sess_536f29a5,tablet,59,
user_00742,prod_00143,view,2026-01-10 11:41:18,sess_2d5e9cff,desktop,236,
user_00974,prod_00119,view,2026-03-26 11:41:18,sess_f956d029,mobile,298,
user_00245,prod_00083,like,2026-01-10 11:41:18,sess_a61fe3e6,mobile,96,
user_00061,prod_00192,view,2026-02-14 11:41:18,sess_fb901bb5,mobile,208,
user_00916,prod_00291,cart,2026-02-16 11:41:18,sess_6fb38479,tablet,271,
user_00260,prod_00140,view,2026-02-08 11:41:18,sess_f49bc636,desktop,140,
user_00074,prod_00053,like,2026-03-26 11:41:18,sess_dcb74931,tablet,296,
user_00385,prod_00252,like,2026-02-06 11:41:18,sess_6d11d9dc,mobile,130,
user_00969,prod_00096,cart,2026-01-30 11:41:18,sess_07ed1239,desktop,68,
user_00617,prod_00193,view,2026-03-08 11:41:18,sess_a922e0c0,tablet,213,
user_00029,prod_00173,view,2026-03-20 11:41:18,sess_740da430,desktop,113,
user_00277,prod_00461,view,2026-01-26 11:41:18,sess_5455688b,mobile,151,
user_00223,prod_00041,like,2026-01-18 11:41:18,sess_9c225794,desktop,134,
user_00633,prod_00477,like,2026-01-27 11:41:18,sess_9e11cc86,desktop,89,
user_00554,prod_00373,view,2026-01-27 11:41:18,sess_444080c8,desktop,246,
user_00684,prod_00444,like,2026-01-23 11:41:18,sess_eff27317,mobile,65,
user_00107,prod_00033,view,2026-02-14 11:41:18,sess_166dd065,mobile,82,
user_00968,prod_00107,view,2026-03-09 11:41:18,sess_75763b0c,mobile,112,
user_00477,prod_00253,view,2026-02-22 11:41:18,sess_44bedf75,tablet,20,
user_00408,prod_00335,view,2026-02-25 11:41:18,sess_e9314649,desktop,286,
user_00698,prod_00313,view,2026-02-06 11:41:18,sess_963f3442,mobile,147,
user_00865,prod_00057,view,2026-02-08 11:41:18,sess_8b49551d,tablet,192,
user_00333,prod_00324,view,2026-01-15 11:41:18,sess_f9d6cf16,mobile,105,
user_00675,prod_00302,view,2026-03-15 11:41:18,sess_357b3f9c,desktop,200,
user_00080,prod_00380,view,2026-03-26 11:41:18,sess_2ce9816f,desktop,247,
user_00686,prod_00195,view,2026-01-11 11:41:18,sess_e754e0f5,desktop,192,
user_00270,prod_00151,view,2026-03-25 11:41:18,sess_911218cc,desktop,106,
user_00502,prod_00239,view,2026-01-05 11:41:18,sess_49e76722,desktop,239,
user_00947,prod_00450,view,2026-03-04 11:41:18,sess_5e679344,desktop,216,
user_00798,prod_00424,view,2026-02-01 11:41:18,sess_2c226040,mobile,145,
user_00407,prod_00342,like,2026-03-29 11:41:18,sess_acfbd1e2,desktop,280,
user_00779,prod_00460,cart,2026-01-14 11:41:18,sess_3b2d7ad0,mobile,212,
user_00328,prod_00386,like,2026-02-07 11:41:18,sess_210caa6e,desktop,41,
user_00779,prod_00060,like,2026-02-14 11:41:18,sess_b114890d,tablet,92,
user_00698,prod_00233,like,2026-02-21 11:41:18,sess_e41cf8d0,mobile,79,
user_00134,prod_00451,like,2026-01-19 11:41:18,sess_5344ce1d,desktop,174,
user_00810,prod_00441,like,2026-02-11 11:41:18,sess_376218d5,tablet,253,
user_00166,prod_00082,like,2026-01-23 11:41:18,sess_d26c749b,mobile,228,
user_00444,prod_00008,view,2026-03-03 11:41:18,sess_996118ab,mobile,149,
user_00049,prod_00264,like,2026-03-03 11:41:18,sess_51b5ae04,desktop,62,
user_00361,prod_00427,like,2026-01-07 11:41:18,sess_fa19d7eb,tablet,17,
user_00556,prod_00484,view,2026-02-11 11:41:18,sess_006650df,desktop,176,
user_00245,prod_00027,view,2026-03-12 11:41:18,sess_5f66e954,desktop,191,
user_00014,prod_00316,view,2026-01-05 11:41:18,sess_49130b97,mobile,148,
user_00482,prod_00448,view,2026-01-18 11:41:18,sess_53b56d03,mobile,125,
user_00917,prod_00114,like,2026-03-03 11:41:18,sess_a0b2eaa5,desktop,152,
user_00461,prod_00422,view,2026-01-17 11:41:18,sess_8d7cb6a0,mobile,94,
user_00647,prod_00074,like,2026-01-16 11:41:18,sess_46ad6ab4,desktop,138,
user_00162,prod_00256,cart,2026-02-27 11:41:18,sess_574f7a16,tablet,131,
user_00963,prod_00203,view,2026-02-19 11:41:18,sess_08e4cd7a,mobile,246,
user_00179,prod_00409,like,2026-01-25 11:41:18,sess_2a253dcd,mobile,218,
user_00943,prod_00039,view,2026-01-25 11:41:18,sess_bed0e03e,mobile,278,
user_00575,prod_00371,view,2026-01-10 11:41:18,sess_62976ff9,mobile,123,
user_00404,prod_00371,view,2026-02-24 11:41:18,sess_eb93603c,desktop,173,
user_00849,prod_00066,view,2026-01-12 11:41:18,sess_327bba01,desktop,74,
user_00400,prod_00251,like,2026-01-28 11:41:18,sess_6891cc7f,mobile,99,
user_00918,prod_00076,like,2026-02-18 11:41:18,sess_e3289a6b,mobile,54,
user_00402,prod_00317,like,2026-02-02 11:41:18,sess_38293c05,desktop,190,
user_00099,prod_00044,view,2025-12-31 11:41:18,sess_7dbcc38d,mobile,221,
user_00005,prod_00280,view,2026-02-21 11:41:18,sess_a59563e2,tablet,171,
user_00900,prod_00055,view,2026-02-04 11:41:18,sess_31eb02a9,desktop,7,
user_00973,prod_00377,like,2026-01-16 11:41:18,sess_297dcccc,desktop,207,
user_00762,prod_00157,view,2026-01-02 11:41:18,sess_dadac8f9,mobile,267,
user_00088,prod_00109,view,2026-01-31 11:41:18,sess_e451e2a5,mobile,103,
user_00755,prod_00294,view,2026-03-19 11:41:18,sess_74364c32,tablet,139,
user_00997,prod_00205,like,2026-03-03 11:41:18,sess_4f29c304,desktop,265,
user_00349,prod_00464,like,2026-02-05 11:41:18,sess_5d8c1802,tablet,189,
user_00364,prod_00318,like,2026-02-06 11:41:18,sess_f1d1902f,tablet,231,
user_00416,prod_00032,view,2026-02-10 11:41:18,sess_310b6cef,desktop,161,
user_00586,prod_00364,view,2026-02-21 11:41:18,sess_24a67ab5,mobile,235,
user_00683,prod_00003,view,2026-01-02 11:41:18,sess_d5923500,desktop,84,
user_00304,prod_00311,like,2026-01-26 11:41:18,sess_c6f05a19,desktop,245,
user_00783,prod_00140,view,2026-03-12 11:41:18,sess_0a3dc8e6,mobile,100,
user_00697,prod_00155,cart,2026-01-14 11:41:18,sess_fcd81711,desktop,103,
user_00997,prod_00263,view,2026-01-02 11:41:18,sess_28c51780,tablet,19,
user_00939,prod_00120,view,2026-03-17 11:41:18,sess_2b32c7bf,desktop,172,
user_00104,prod_00017,view,2026-02-12 11:41:18,sess_e946fe63,tablet,126,
user_00747,prod_00287,view,2026-03-04 11:41:18,sess_7e2fa9d1,mobile,91,
user_00486,prod_00052,view,2026-03-04 11:41:18,sess_f0ab38c7,tablet,170,
user_00090,prod_00495,view,2026-02-04 11:41:18,sess_30857754,tablet,108,
user_00689,prod_00363,cart,2026-02-02 11:41:18,sess_0b806c7f,mobile,38,
user_00916,prod_00195,like,2026-02-01 11:41:18,sess_f14ee709,tablet,48,
user_00719,prod_00184,like,2026-01-08 11:41:18,sess_d729863a,tablet,90,
user_00332,prod_00155,view,2026-02-06 11:41:18,sess_4af3608d,tablet,297,
user_00988,prod_00073,view,2026-01-20 11:41:18,sess_38669d21,mobile,296,
user_00970,prod_00331,view,2026-01-19 11:41:18,sess_d88447a4,tablet,26,
user_00178,prod_00476,view,2026-03-15 11:41:18,sess_190c4409,tablet,290,
user_00428,prod_00294,like,2026-03-20 11:41:18,sess_e583eb80,desktop,95,
user_00379,prod_00483,view,2026-03-05 11:41:18,sess_72d32a2d,mobile,159,
user_00330,prod_00128,view,2026-03-05 11:41:18,sess_c7a61b89,mobile,269,
user_00990,prod_00223,like,2026-02-09 11:41:18,sess_2f55d544,mobile,225,
user_00103,prod_00220,view,2026-02-28 11:41:18,sess_6f34c217,mobile,236,
user_00699,prod_00011,like,2026-02-10 11:41:18,sess_5f21cc5b,desktop,45,
user_00131,prod_00256,view,2026-02-05 11:41:18,sess_cab73cb5,tablet,196,
user_00987,prod_00123,view,2026-01-31 11:41:18,sess_828e0639,tablet,159,
user_00877,prod_00001,view,2026-02-01 11:41:18,sess_3fc210be,mobile,223,
user_00458,prod_00073,view,2026-01-19 11:41:18,sess_4172a205,desktop,91,
user_00628,prod_00101,view,2026-03-17 11:41:18,sess_c2305bcb,tablet,198,
user_00911,prod_00228,view,2026-01-01 11:41:18,sess_9a1ddbc5,tablet,202,
user_00707,prod_00133,cart,2026-03-16 11:41:18,sess_316e3d80,tablet,78,
user_00654,prod_00187,view,2026-03-15 11:41:18,sess_3ce2e52d,desktop,176,
user_00335,prod_00410,view,2026-03-17 11:41:18,sess_0b1efab0,desktop,62,
user_00303,prod_00362,view,2026-02-24 11:41:18,sess_297f702e,mobile,121,
user_00618,prod_00447,view,2026-02-10 11:41:18,sess_1f5e454c,desktop,177,
user_00289,prod_00177,view,2026-01-14 11:41:18,sess_425fee14,tablet,34,
user_00596,prod_00151,view,2026-02-13 11:41:18,sess_37cbf88e,tablet,36,
user_00632,prod_00181,view,2026-01-03 11:41:18,sess_d5f65fb0,tablet,33,
user_00224,prod_00261,view,2026-03-10 11:41:18,sess_7257392e,tablet,272,
user_00191,prod_00098,cart,2026-01-10 11:41:18,sess_d370b5a0,desktop,253,
user_00525,prod_00111,view,2026-02-13 11:41:18,sess_ca64abb0,tablet,191,
user_00633,prod_00297,like,2026-02-06 11:41:18,sess_149b82cd,mobile,267,
user_00371,prod_00263,like,2026-02-16 11:41:18,sess_42bee918,tablet,143,
user_00233,prod_00250,view,2026-02-07 11:41:18,sess_d2683fef,mobile,262,
user_00510,prod_00050,view,2026-03-16 11:41:18,sess_e436aaca,desktop,194,
user_00882,prod_00109,view,2026-02-16 11:41:18,sess_03564a53,desktop,104,
user_00621,prod_00138,like,2026-01-11 11:41:18,sess_d546bb85,desktop,262,
user_00798,prod_00337,view,2026-01-21 11:41:18,sess_754dca8c,desktop,125,
user_00801,prod_00411,view,2026-01-30 11:41:18,sess_e9ebca08,tablet,82,
user_00534,prod_00171,view,2026-02-23 11:41:18,sess_fe5e1701,mobile,233,
user_00595,prod_00105,cart,2026-01-17 11:41:18,sess_7cd067f0,tablet,65,
user_00270,prod_00082,view,2026-02-19 11:41:18,sess_bff0d198,tablet,21,
user_00594,prod_00206,cart,2026-03-12 11:41:18,sess_3ea50b3a,tablet,189,
user_00507,prod_00134,view,2026-02-11 11:41:18,sess_ea55800f,mobile,253,
user_00652,prod_00354,like,2026-02-26 11:41:18,sess_b3ada064,desktop,225,
user_00390,prod_00479,view,2026-02-01 11:41:18,sess_4dc55f0e,tablet,231,
user_00585,prod_00416,view,2026-01-04 11:41:18,sess_9b0f9bd3,tablet,5,
user_00597,prod_00015,like,2026-03-18 11:41:18,sess_3d485028,tablet,149,
user_00024,prod_00250,like,2026-02-06 11:41:18,sess_a1c33df0,mobile,190,
user_00744,prod_00022,view,2026-03-22 11:41:18,sess_a91a3086,desktop,30,
user_00526,prod_00079,view,2026-01-14 11:41:18,sess_e95c99d3,mobile,167,
user_00091,prod_00388,view,2026-03-30 11:41:18,sess_312fb782,mobile,187,
user_00046,prod_00033,view,2026-02-26 11:41:18,sess_fc0d26fd,tablet,233,
user_00181,prod_00316,like,2026-02-28 11:41:18,sess_be90ccdd,desktop,263,
user_00193,prod_00356,view,2026-01-26 11:41:18,sess_d391cb0e,desktop,250,
user_00720,prod_00395,view,2026-01-20 11:41:18,sess_55595e26,desktop,150,
user_00140,prod_00423,view,2026-03-04 11:41:18,sess_df6797f3,mobile,290,
user_00558,prod_00457,like,2026-01-16 11:41:18,sess_37169f8d,mobile,111,
user_00731,prod_00149,like,2026-03-04 11:41:18,sess_51c0ec9a,mobile,65,
user_00433,prod_00407,view,2026-02-26 11:41:18,sess_1f116ed2,tablet,139,
user_00824,prod_00298,view,2026-01-08 11:41:18,sess_b26b8da3,tablet,294,
user_00249,prod_00448,cart,2026-01-27 11:41:18,sess_51756bcb,tablet,252,
user_00758,prod_00453,view,2026-01-02 11:41:18,sess_46bcf490,tablet,124,
user_00958,prod_00385,like,2026-01-31 11:41:18,sess_8174276f,mobile,285,
user_00737,prod_00419,cart,2026-01-21 11:41:18,sess_062ab39d,mobile,52,
user_00821,prod_00197,like,2026-03-02 11:41:18,sess_34ad5402,mobile,275,
user_00951,prod_00193,like,2026-03-20 11:41:18,sess_b4903da4,tablet,18,
user_00558,prod_00411,view,2026-02-28 11:41:18,sess_e28345d9,tablet,290,
user_00247,prod_00455,like,2026-01-03 11:41:18,sess_35add715,mobile,187,
user_00461,prod_00312,view,2026-02-13 11:41:18,sess_844362e0,desktop,163,
user_00277,prod_00338,like,2026-02-14 11:41:18,sess_7383c5a3,desktop,236,
user_00711,prod_00095,view,2026-01-17 11:41:18,sess_32e9d425,tablet,205,
user_00167,prod_00157,view,2026-03-01 11:41:18,sess_f634aea7,tablet,139,
user_00992,prod_00319,view,2026-03-21 11:41:18,sess_f0cd1ec7,desktop,181,
user_00638,prod_00039,view,2026-01-12 11:41:18,sess_c923cb7a,mobile,17,
user_00671,prod_00098,cart,2026-02-10 11:41:18,sess_81e44f10,tablet,128,
user_00630,prod_00175,view,2026-01-08 11:41:18,sess_1fb61c87,mobile,17,
user_00393,prod_00436,view,2026-03-03 11:41:18,sess_3651aebf,tablet,99,
user_00456,prod_00197,like,2026-01-04 11:41:18,sess_b1b8dd86,mobile,96,
user_00709,prod_00154,view,2026-01-11 11:41:18,sess_62dc6f51,tablet,92,
user_00242,prod_00493,view,2026-02-16 11:41:18,sess_a54b6a18,tablet,98,
user_00028,prod_00038,view,2026-03-16 11:41:18,sess_0d50dd46,tablet,191,
user_00695,prod_00159,like,2026-01-13 11:41:18,sess_e22e42a1,mobile,7,
user_00458,prod_00139,view,2026-01-01 11:41:18,sess_930365d7,tablet,243,
user_00015,prod_00499,view,2026-03-09 11:41:18,sess_85ab0663,mobile,236,
user_00468,prod_00169,view,2026-02-26 11:41:18,sess_d91135cc,tablet,276,
user_00247,prod_00294,view,2026-03-04 11:41:18,sess_53b9b4dc,mobile,8,
user_00708,prod_00141,like,2026-01-24 11:41:18,sess_65bc60f3,mobile,33,
user_00154,prod_00466,view,2026-02-15 11:41:18,sess_ec415aba,desktop,172,
user_00366,prod_00453,view,2026-03-03 11:41:18,sess_4a682583,desktop,33,
user_00660,prod_00029,like,2026-01-06 11:41:18,sess_9370bf1f,tablet,113,
user_00213,prod_00360,like,2026-02-09 11:41:18,sess_5524a835,desktop,228,
user_00856,prod_00273,view,2026-03-09 11:41:18,sess_f643e821,desktop,151,
user_00428,prod_00083,like,2026-02-14 11:41:18,sess_60ca19a5,tablet,95,
user_00655,prod_00319,like,2026-03-22 11:41:18,sess_1c97a81f,tablet,92,
user_00613,prod_00479,cart,2026-01-17 11:41:18,sess_9d751bed,desktop,157,
user_00077,prod_00385,view,2026-03-04 11:41:18,sess_33989a5f,desktop,223,
user_00867,prod_00101,like,2026-03-08 11:41:18,sess_06ae039b,desktop,218,
user_00958,prod_00150,view,2026-02-19 11:41:18,sess_54f162b0,desktop,228,
user_00428,prod_00299,like,2026-03-30 11:41:18,sess_c33cc5bb,desktop,65,
user_00575,prod_00209,cart,2026-01-30 11:41:18,sess_8aa26165,tablet,216,
user_00946,prod_00144,view,2026-02-11 11:41:18,sess_456c495c,tablet,7,
user_00321,prod_00316,like,2026-01-31 11:41:18,sess_68f3e80d,mobile,163,
user_00894,prod_00085,view,2026-01-11 11:41:18,sess_c06cf093,desktop,187,
user_00048,prod_00435,like,2026-03-30 11:41:18,sess_fd618c3a,tablet,204,
user_00226,prod_00260,view,2026-03-26 11:41:18,sess_d852d16a,tablet,156,
user_00105,prod_00214,like,2026-01-09 11:41:18,sess_51d075e9,tablet,88,
user_00029,prod_00328,view,2026-03-08 11:41:18,sess_b0e3844b,mobile,99,
user_00785,prod_00398,view,2026-03-08 11:41:18,sess_bdb7561e,tablet,149,
user_00272,prod_00359,like,2026-01-26 11:41:18,sess_4b87cd7d,desktop,129,
user_00332,prod_00490,like,2026-01-14 11:41:18,sess_972c16e3,desktop,51,
user_00323,prod_00344,view,2026-01-13 11:41:18,sess_526c536e,desktop,146,
user_00379,prod_00386,like,2026-01-09 11:41:18,sess_042a99b6,mobile,174,
user_00513,prod_00443,view,2026-01-09 11:41:18,sess_a4af8fc1,tablet,39,
user_00444,prod_00303,view,2026-02-14 11:41:18,sess_60e4a5fe,tablet,178,
user_00147,prod_00069,view,2026-02-17 11:41:18,sess_8368ede3,mobile,71,
user_00008,prod_00293,view,2026-03-19 11:41:18,sess_53a72b2c,desktop,159,
user_00773,prod_00295,view,2026-03-22 11:41:18,sess_2ef01bdc,mobile,45,
user_00295,prod_00458,view,2026-02-04 11:41:18,sess_787088d1,mobile,294,
user_00556,prod_00313,cart,2026-01-04 11:41:18,sess_4ef70bb9,mobile,149,
user_00689,prod_00385,view,2026-02-09 11:41:18,sess_0cbecb78,tablet,57,
user_00634,prod_00336,purchase,2025-12-30 11:41:18,sess_faae7580,desktop,256,2.5
user_00533,prod_00107,like,2026-02-24 11:41:18,sess_1c56d808,mobile,50,
user_00017,prod_00367,view,2026-01-03 11:41:18,sess_342130be,tablet,155,
user_00834,prod_00046,view,2026-02-06 11:41:18,sess_a261bd02,desktop,143,
user_00584,prod_00019,view,2026-03-08 11:41:18,sess_e190b5f7,desktop,173,
user_00036,prod_00362,view,2026-02-16 11:41:18,sess_22738d7f,mobile,29,
user_00588,prod_00105,view,2026-02-01 11:41:18,sess_33b335d1,desktop,6,
user_00857,prod_00438,like,2026-03-27 11:41:18,sess_4085b246,tablet,210,
user_00095,prod_00465,view,2026-03-16 11:41:18,sess_114b8f7b,mobile,191,
user_00836,prod_00052,like,2026-03-04 11:41:18,sess_dc6e4d89,desktop,165,
user_00796,prod_00402,view,2026-02-12 11:41:18,sess_a53868b1,tablet,86,
user_00497,prod_00238,view,2026-01-15 11:41:18,sess_7ae9be39,tablet,72,
user_00908,prod_00070,view,2026-01-05 11:41:18,sess_77bea326,mobile,196,
user_00398,prod_00289,view,2026-02-03 11:41:18,sess_4ef87951,mobile,273,
user_00661,prod_00092,view,2026-03-28 11:41:18,sess_49f90bc6,mobile,91,
user_00729,prod_00116,purchase,2026-01-10 11:41:18,sess_2eb7f8e8,desktop,192,5.0
user_00726,prod_00399,view,2026-02-16 11:41:18,sess_3ce9f44f,desktop,110,
user_00721,prod_00134,like,2026-01-05 11:41:18,sess_bcf6ee2b,desktop,107,
user_00210,prod_00245,view,2026-01-24 11:41:18,sess_93c7e5c6,tablet,142,
user_00607,prod_00355,view,2026-01-20 11:41:18,sess_55c9364e,tablet,247,
user_00912,prod_00362,cart,2026-01-23 11:41:18,sess_225d2daf,mobile,49,
user_00123,prod_00370,view,2026-01-29 11:41:18,sess_b594109d,tablet,171,
user_00899,prod_00343,view,2026-03-18 11:41:18,sess_fa884473,desktop,125,
user_00171,prod_00142,view,2026-02-02 11:41:18,sess_e5f66536,mobile,243,
user_00900,prod_00389,view,2026-01-25 11:41:18,sess_f462f6bf,desktop,218,
user_00246,prod_00126,purchase,2026-01-24 11:41:18,sess_d8e467e9,tablet,40,1.8
user_00971,prod_00089,like,2026-03-07 11:41:18,sess_575f0547,mobile,161,
user_00289,prod_00266,view,2026-02-28 11:41:18,sess_fb6fde7c,desktop,62,
user_00619,prod_00252,view,2026-02-26 11:41:18,sess_3fcec4e3,tablet,185,
user_00488,prod_00058,like,2026-02-15 11:41:18,sess_5ccca928,tablet,13,
user_00016,prod_00361,view,2026-03-09 11:41:18,sess_109d6ea6,mobile,145,
user_00784,prod_00050,view,2026-03-15 11:41:18,sess_85cab85f,tablet,119,
user_00873,prod_00321,view,2026-01-26 11:41:18,sess_f2a9906e,tablet,146,
user_00215,prod_00132,view,2026-03-23 11:41:18,sess_f704bda1,desktop,247,
user_00588,prod_00088,like,2026-03-02 11:41:18,sess_b45d533d,mobile,182,
user_00534,prod_00059,view,2026-03-10 11:41:18,sess_7821970a,mobile,29,
user_00084,prod_00322,like,2026-01-27 11:41:18,sess_150b4ef6,tablet,219,
user_00567,prod_00189,view,2026-03-20 11:41:18,sess_b1c2a517,mobile,202,
user_00976,prod_00232,view,2026-02-05 11:41:18,sess_785fae5f,mobile,27,
user_00527,prod_00071,like,2026-01-05 11:41:18,sess_ec363c5e,desktop,226,
user_00292,prod_00369,view,2026-03-03 11:41:18,sess_e2f0d0ef,desktop,83,
user_00849,prod_00295,view,2025-12-31 11:41:18,sess_0bffc7ab,mobile,175,
user_00045,prod_00325,view,2026-02-24 11:41:18,sess_29bcc58b,desktop,198,
user_00555,prod_00471,view,2026-03-14 11:41:18,sess_cfbce4df,tablet,47,
user_00863,prod_00423,view,2026-01-15 11:41:18,sess_436e3a9a,tablet,136,
user_00365,prod_00140,like,2026-01-30 11:41:18,sess_c08b9acf,mobile,33,
user_00296,prod_00251,like,2026-03-17 11:41:18,sess_0f7dc4f6,desktop,189,
user_00422,prod_00119,view,2026-02-25 11:41:18,sess_4356e86a,desktop,171,
user_00104,prod_00447,view,2026-02-19 11:41:18,sess_9d057625,desktop,190,
user_00497,prod_00159,like,2026-03-13 11:41:18,sess_c413ee69,tablet,266,
user_00775,prod_00262,view,2026-02-18 11:41:18,sess_c3bfc257,mobile,291,
user_00626,prod_00118,view,2026-03-20 11:41:18,sess_7062363f,desktop,290,
user_00301,prod_00080,view,2026-01-13 11:41:18,sess_c2b84271,mobile,119,
user_00796,prod_00224,view,2026-01-22 11:41:18,sess_ac5c958b,mobile,114,
user_00500,prod_00249,cart,2026-02-02 11:41:18,sess_378b6dc5,tablet,67,
user_00371,prod_00129,view,2026-03-16 11:41:18,sess_5ceb851e,mobile,167,
user_00994,prod_00391,like,2026-02-23 11:41:18,sess_770281af,mobile,100,
user_00295,prod_00244,view,2026-01-31 11:41:18,sess_8eb77ff7,mobile,27,
user_00456,prod_00153,view,2026-02-14 11:41:18,sess_6747bf43,mobile,249,
user_00051,prod_00483,like,2026-01-12 11:41:18,sess_c7a4233e,tablet,289,
user_00925,prod_00251,view,2026-02-11 11:41:18,sess_b3a06702,mobile,54,
user_00001,prod_00272,like,2026-02-12 11:41:18,sess_7b11ef73,desktop,284,
user_00914,prod_00403,like,2026-03-19 11:41:18,sess_37eac57e,tablet,148,
user_00820,prod_00395,like,2026-02-14 11:41:18,sess_2212dd1f,tablet,293,
user_00723,prod_00353,view,2026-03-18 11:41:18,sess_923fac87,tablet,143,
user_00186,prod_00288,view,2025-12-30 11:41:18,sess_7ac58757,tablet,125,
user_00293,prod_00070,view,2026-03-06 11:41:18,sess_2af58b56,mobile,168,
user_00348,prod_00097,view,2026-02-22 11:41:18,sess_7adaaf27,tablet,237,
user_00730,prod_00051,view,2026-03-29 11:41:18,sess_e66b75e3,desktop,30,
user_00849,prod_00474,view,2026-03-12 11:41:18,sess_3381ed21,desktop,105,
user_00848,prod_00321,purchase,2026-01-31 11:41:18,sess_161901a5,mobile,62,2.5
user_00227,prod_00069,view,2026-03-30 11:41:18,sess_502d7566,tablet,269,
user_00672,prod_00408,like,2026-01-25 11:41:18,sess_dbc10f86,mobile,298,
user_00755,prod_00015,view,2026-03-13 11:41:18,sess_9f9ba90e,mobile,90,
user_00375,prod_00254,purchase,2026-02-20 11:41:18,sess_f6b6aa2d,mobile,296,5.0
user_00857,prod_00418,view,2026-03-10 11:41:18,sess_b60fe06e,desktop,153,
user_00668,prod_00320,view,2026-03-26 11:41:18,sess_f61407a0,desktop,201,
user_00585,prod_00299,view,2026-01-20 11:41:18,sess_41038b07,mobile,48,
user_00093,prod_00479,view,2026-01-16 11:41:18,sess_a93bb72a,desktop,59,
user_00437,prod_00208,cart,2026-03-17 11:41:18,sess_960490c4,tablet,29,
user_00054,prod_00191,view,2026-03-28 11:41:18,sess_7ead412b,mobile,243,
user_00449,prod_00200,view,2026-03-14 11:41:18,sess_f3bea20c,mobile,54,
user_00399,prod_00071,purchase,2026-03-26 11:41:18,sess_bec8c808,mobile,115,2.5
user_00421,prod_00385,view,2026-02-19 11:41:18,sess_dc531e25,mobile,248,
user_00659,prod_00122,like,2026-03-19 11:41:18,sess_87889082,tablet,284,
user_00276,prod_00411,view,2026-02-09 11:41:18,sess_460a25db,mobile,29,
user_00949,prod_00091,view,2026-03-21 11:41:18,sess_ffaf1053,tablet,86,
user_00197,prod_00209,like,2026-03-16 11:41:18,sess_4482acb3,mobile,76,
user_00611,prod_00340,like,2026-03-19 11:41:18,sess_68abd47c,mobile,83,
user_00390,prod_00079,view,2026-02-12 11:41:18,sess_f0d3f1dd,mobile,201,
user_00802,prod_00233,view,2026-03-08 11:41:18,sess_3a5fa8f5,tablet,184,
user_00164,prod_00443,view,2026-02-17 11:41:18,sess_9282640e,desktop,206,
user_00345,prod_00489,view,2026-03-02 11:41:18,sess_2631d478,mobile,226,
user_00617,prod_00048,view,2026-01-13 11:41:18,sess_56779e4a,mobile,110,
user_00395,prod_00174,view,2026-02-22 11:41:18,sess_41c817d8,mobile,109,
user_00452,prod_00082,view,2026-02-01 11:41:18,sess_66728df7,desktop,69,
user_00172,prod_00210,view,2026-01-26 11:41:18,sess_f89a19c6,desktop,230,
user_00603,prod_00007,like,2026-03-09 11:41:18,sess_a6fc6328,mobile,155,
user_00742,prod_00388,view,2026-02-12 11:41:18,sess_402ab9ba,tablet,223,
user_00267,prod_00497,view,2026-01-12 11:41:18,sess_438da2a7,desktop,277,
user_00054,prod_00193,view,2026-03-20 11:41:18,sess_72e4a2cf,tablet,208,
user_00041,prod_00356,view,2026-01-24 11:41:18,sess_330f3fc4,tablet,253,
user_00935,prod_00485,view,2026-02-04 11:41:18,sess_37c51912,mobile,67,
user_00357,prod_00195,view,2026-01-17 11:41:18,sess_565fb654,tablet,194,
user_00190,prod_00475,view,2026-01-08 11:41:18,sess_21d9f860,tablet,167,
user_00287,prod_00416,view,2026-03-19 11:41:18,sess_b0795bc8,desktop,16,
user_00693,prod_00380,view,2026-01-08 11:41:18,sess_290994b2,desktop,36,
user_00721,prod_00269,cart,2026-01-24 11:41:18,sess_2a71898c,mobile,178,
user_00540,prod_00368,like,2026-03-02 11:41:18,sess_e126c59d,desktop,138,
user_00329,prod_00135,view,2026-01-11 11:41:18,sess_dc771c32,desktop,299,
user_00579,prod_00396,view,2026-02-14 11:41:18,sess_6c8a3937,tablet,154,
user_00945,prod_00083,like,2026-01-22 11:41:18,sess_1d7c7f30,mobile,249,
user_00335,prod_00207,view,2026-01-26 11:41:18,sess_a7075bbe,tablet,275,
user_00336,prod_00032,view,2026-01-07 11:41:18,sess_96c61f62,desktop,251,
user_00949,prod_00093,view,2026-01-24 11:41:18,sess_4745d39c,mobile,175,
user_00543,prod_00003,like,2026-01-13 11:41:18,sess_762aa040,desktop,196,
user_00111,prod_00056,view,2026-03-10 11:41:18,sess_0cb4aa0f,desktop,216,
user_00494,prod_00037,view,2026-03-09 11:41:18,sess_c561e28e,mobile,229,
user_00922,prod_00055,like,2026-01-10 11:41:18,sess_8fc63499,desktop,202,
user_00196,prod_00163,like,2026-02-01 11:41:18,sess_0fc80918,mobile,192,
user_00209,prod_00418,view,2026-02-27 11:41:18,sess_9f16d68c,desktop,44,
user_00227,prod_00351,view,2026-02-19 11:41:18,sess_27a32081,desktop,145,
user_00810,prod_00495,view,2026-01-28 11:41:18,sess_2c560b16,mobile,293,
user_00852,prod_00497,view,2026-03-23 11:41:18,sess_9625e37c,mobile,223,
user_00505,prod_00168,view,2026-03-02 11:41:18,sess_ffee7849,mobile,273,
user_00914,prod_00303,view,2026-03-19 11:41:18,sess_a40ebdab,desktop,44,
user_00853,prod_00098,like,2026-01-10 11:41:18,sess_d093e383,desktop,56,
user_00542,prod_00136,like,2026-01-29 11:41:18,sess_3474486f,tablet,124,
user_00488,prod_00111,like,2026-02-01 11:41:18,sess_07347b0a,desktop,91,
user_00503,prod_00159,cart,2026-03-28 11:41:18,sess_6af2d7dd,desktop,231,
user_00482,prod_00150,view,2026-01-01 11:41:18,sess_8254d082,desktop,33,
user_00065,prod_00263,view,2026-01-09 11:41:18,sess_6eea3fa8,tablet,208,
user_00391,prod_00381,view,2026-02-10 11:41:18,sess_264f0e31,mobile,6,
user_00540,prod_00467,purchase,2026-01-26 11:41:18,sess_0a1b9db8,mobile,15,1.4
user_00942,prod_00077,view,2026-03-16 11:41:18,sess_370bfad9,mobile,207,
user_00574,prod_00425,purchase,2026-03-18 11:41:18,sess_3dfe1762,tablet,23,1.5
user_00990,prod_00427,like,2026-02-10 11:41:18,sess_8c027291,tablet,105,
user_00809,prod_00138,view,2026-02-10 11:41:18,sess_5022b7d5,desktop,228,
user_00631,prod_00266,cart,2026-03-16 11:41:18,sess_f857865d,desktop,161,
user_00082,prod_00042,view,2026-03-08 11:41:18,sess_4ef6bc02,tablet,81,
user_00762,prod_00078,view,2026-02-10 11:41:18,sess_925bb467,desktop,74,
user_00934,prod_00497,view,2026-02-09 11:41:18,sess_11e34093,mobile,226,
user_00457,prod_00075,view,2026-01-27 11:41:18,sess_7922baa4,mobile,84,
user_00833,prod_00168,like,2026-02-18 11:41:18,sess_5dd8f949,desktop,23,
user_00996,prod_00081,like,2026-01-23 11:41:18,sess_18ef4808,tablet,77,
user_00938,prod_00167,view,2026-03-24 11:41:18,sess_d39fc390,desktop,243,
user_00971,prod_00177,view,2026-03-09 11:41:18,sess_6855b5be,desktop,77,
user_00992,prod_00129,view,2026-02-27 11:41:18,sess_48c26111,desktop,96,
user_00233,prod_00060,view,2026-02-22 11:41:18,sess_c6a54089,tablet,231,
user_00510,prod_00483,like,2026-03-11 11:41:18,sess_ce2ab04c,mobile,210,
user_00093,prod_00354,view,2026-01-08 11:41:18,sess_112a7190,mobile,12,
user_00241,prod_00055,view,2026-01-30 11:41:18,sess_9bb10687,desktop,162,
user_00531,prod_00453,view,2026-01-27 11:41:18,sess_4d455203,tablet,10,
user_00511,prod_00467,view,2026-03-25 11:41:18,sess_e28717d9,desktop,226,
user_00236,prod_00017,view,2026-02-01 11:41:18,sess_3fa690a6,desktop,94,
user_00582,prod_00194,view,2025-12-30 11:41:18,sess_736a360f,tablet,227,
user_00969,prod_00334,like,2026-01-08 11:41:18,sess_5379bd66,mobile,136,
user_00812,prod_00366,view,2026-02-05 11:41:18,sess_423b91ec,desktop,172,
user_00886,prod_00132,view,2026-02-25 11:41:18,sess_ffc7573b,tablet,160,
user_00932,prod_00209,view,2026-03-15 11:41:18,sess_aec211a6,mobile,235,
user_00114,prod_00177,view,2026-01-30 11:41:18,sess_ef49ac2d,tablet,113,
user_00651,prod_00432,view,2026-01-30 11:41:18,sess_d27a1010,mobile,79,
user_00960,prod_00401,like,2026-02-17 11:41:18,sess_3790b470,desktop,278,
user_00647,prod_00149,view,2026-02-19 11:41:18,sess_fdf769a9,tablet,153,
user_00439,prod_00353,view,2026-02-23 11:41:18,sess_32d3f827,tablet,35,
user_00194,prod_00457,like,2026-02-20 11:41:18,sess_69f5989b,mobile,201,
user_00426,prod_00168,view,2026-03-05 11:41:18,sess_b1fbbe64,tablet,288,
user_00177,prod_00111,like,2026-02-27 11:41:18,sess_a78d16f9,mobile,183,
user_00397,prod_00214,like,2026-02-05 11:41:18,sess_731cf0db,desktop,252,
user_00687,prod_00189,view,2026-01-08 11:41:18,sess_74028708,mobile,7,
user_00997,prod_00404,purchase,2026-03-05 11:41:18,sess_1de5d0ae,mobile,243,3.6
user_00075,prod_00406,like,2026-03-29 11:41:18,sess_501a6cf3,mobile,164,
user_00898,prod_00046,like,2026-03-17 11:41:18,sess_801da2a6,tablet,199,
user_00858,prod_00079,view,2026-02-27 11:41:18,sess_3aa18745,tablet,144,
user_00165,prod_00281,view,2026-01-20 11:41:18,sess_36a577a8,desktop,212,
user_00346,prod_00020,view,2026-01-13 11:41:18,sess_8a2d5400,desktop,191,
user_00024,prod_00189,like,2026-03-13 11:41:18,sess_fb88dfe5,mobile,194,
user_00066,prod_00020,view,2026-01-07 11:41:18,sess_c7409f4c,tablet,140,
user_00302,prod_00114,view,2026-01-31 11:41:18,sess_2d92bc63,desktop,120,
user_00142,prod_00385,view,2026-02-16 11:41:18,sess_354d5f86,desktop,294,
user_00297,prod_00075,view,2026-01-09 11:41:18,sess_d6a06a24,mobile,288,
user_00009,prod_00428,view,2026-03-05 11:41:18,sess_6e871eb6,mobile,206,
user_00830,prod_00228,like,2026-02-19 11:41:18,sess_16c26352,mobile,45,
user_00765,prod_00032,view,2026-01-13 11:41:18,sess_df856283,tablet,248,
user_00081,prod_00142,view,2026-03-07 11:41:18,sess_fa337a9b,desktop,154,
user_00138,prod_00304,view,2026-02-10 11:41:18,sess_0d632006,tablet,136,
user_00749,prod_00196,view,2026-03-05 11:41:18,sess_e100453d,tablet,108,
user_00854,prod_00464,view,2026-02-20 11:41:18,sess_5af66796,tablet,73,
user_00708,prod_00277,like,2026-02-22 11:41:18,sess_d58cbdcd,tablet,247,
user_00266,prod_00127,view,2026-02-15 11:41:18,sess_fb31d66c,mobile,265,
user_00972,prod_00302,like,2026-01-12 11:41:18,sess_e9d85685,desktop,293,
user_00570,prod_00483,view,2026-02-22 11:41:18,sess_5247e77d,desktop,181,
user_00709,prod_00152,like,2026-03-28 11:41:18,sess_37c5dd66,mobile,62,
user_00308,prod_00326,view,2026-01-29 11:41:18,sess_83ed0cde,desktop,274,
user_00330,prod_00410,view,2026-01-17 11:41:18,sess_e2c64020,tablet,21,
user_00739,prod_00178,like,2026-03-14 11:41:18,sess_08a70202,tablet,225,
user_00609,prod_00091,view,2026-02-15 11:41:18,sess_e8f25b73,mobile,9,
user_00034,prod_00382,view,2026-02-14 11:41:18,sess_f3e8db95,mobile,176,
user_00882,prod_00338,like,2026-01-31 11:41:18,sess_8ef995b4,desktop,116,
user_00109,prod_00090,view,2026-02-12 11:41:18,sess_e54ec188,tablet,255,
user_00827,prod_00017,view,2026-03-18 11:41:18,sess_702213e4,tablet,64,
user_00065,prod_00228,view,2026-02-28 11:41:18,sess_95cf661e,tablet,110,
user_00374,prod_00286,view,2026-02-21 11:41:18,sess_c2953149,tablet,95,
user_00128,prod_00173,view,2026-01-15 11:41:18,sess_65e0736c,desktop,164,
user_00226,prod_00284,like,2026-03-22 11:41:18,sess_64cca066,mobile,170,
user_00974,prod_00351,view,2025-12-31 11:41:18,sess_bc8e3c9b,tablet,267,
user_00698,prod_00300,like,2026-02-23 11:41:18,sess_ca93c9a0,tablet,94,
user_00339,prod_00222,like,2026-02-23 11:41:18,sess_d863884f,mobile,108,
user_00877,prod_00064,view,2026-03-11 11:41:18,sess_c335b2f7,mobile,77,
user_00956,prod_00282,view,2026-01-05 11:41:18,sess_d7be649f,tablet,248,
user_00572,prod_00151,view,2026-01-29 11:41:18,sess_5f75666e,desktop,174,
user_00106,prod_00162,view,2026-02-02 11:41:18,sess_38ed6c9e,mobile,29,
user_00710,prod_00303,like,2026-02-09 11:41:18,sess_ead5495f,desktop,58,
user_00701,prod_00478,like,2026-02-08 11:41:18,sess_4a0696ab,tablet,173,
user_00579,prod_00441,view,2026-02-05 11:41:18,sess_cf49ce56,desktop,297,
user_00243,prod_00106,cart,2026-02-18 11:41:18,sess_14504ab8,desktop,282,
user_00326,prod_00160,view,2026-03-14 11:41:18,sess_675224db,mobile,270,
user_00043,prod_00202,like,2026-03-09 11:41:18,sess_b6a06a99,mobile,194,
user_00758,prod_00063,cart,2026-01-05 11:41:18,sess_c70425e6,mobile,223,
user_00839,prod_00182,view,2026-01-01 11:41:18,sess_3ba3433b,mobile,230,
user_00753,prod_00416,like,2026-01-07 11:41:18,sess_fc326123,tablet,153,
user_00524,prod_00149,like,2026-03-27 11:41:18,sess_df7de146,mobile,242,
user_00662,prod_00150,like,2026-01-27 11:41:18,sess_69708b55,desktop,153,
user_00125,prod_00332,like,2026-02-14 11:41:18,sess_caee5be0,mobile,261,
user_00216,prod_00050,view,2026-03-08 11:41:18,sess_24441ef6,desktop,118,
user_00880,prod_00403,like,2026-02-13 11:41:18,sess_5bd637b8,desktop,263,
user_00834,prod_00195,purchase,2026-02-15 11:41:18,sess_a44f78b1,mobile,238,3.9
user_00391,prod_00219,view,2026-02-09 11:41:18,sess_787e2401,tablet,187,
user_00020,prod_00264,like,2026-02-05 11:41:18,sess_7bd4f16a,tablet,214,
user_00382,prod_00178,view,2026-02-26 11:41:18,sess_f7018efd,desktop,143,
user_00887,prod_00055,view,2026-01-03 11:41:18,sess_0a883833,desktop,12,
user_00691,prod_00386,view,2026-02-03 11:41:18,sess_96ff99da,tablet,150,
user_00528,prod_00433,view,2026-02-09 11:41:18,sess_01fd918d,mobile,8,
user_00006,prod_00452,view,2026-01-02 11:41:18,sess_829e1e26,mobile,8,
user_00924,prod_00263,view,2026-01-09 11:41:18,sess_f06bf8fb,mobile,276,
user_00909,prod_00283,view,2025-12-30 11:41:18,sess_7dbf3115,tablet,79,
user_00489,prod_00042,view,2026-01-16 11:41:18,sess_93b85217,mobile,291,
user_00862,prod_00439,like,2026-03-14 11:41:18,sess_9fcffbfb,mobile,216,
user_00341,prod_00002,like,2026-02-12 11:41:18,sess_8c6a1301,desktop,220,
user_00763,prod_00005,view,2026-01-23 11:41:18,sess_607e4d21,desktop,230,
user_00701,prod_00432,cart,2026-03-14 11:41:18,sess_81a19248,desktop,49,
user_00342,prod_00066,view,2026-03-17 11:41:18,sess_ee9f6dde,desktop,228,
user_00346,prod_00407,view,2026-01-27 11:41:18,sess_548bfe4e,mobile,44,
user_00212,prod_00043,like,2026-02-17 11:41:18,sess_01bca631,mobile,255,
user_00693,prod_00487,like,2026-01-11 11:41:18,sess_868eee16,mobile,256,
user_00434,prod_00338,view,2026-01-23 11:41:18,sess_001529bc,mobile,169,
user_00448,prod_00386,view,2026-02-15 11:41:18,sess_ee4e85a5,mobile,201,
user_00220,prod_00306,view,2026-01-29 11:41:18,sess_bf7815e3,mobile,173,
user_00258,prod_00274,view,2026-01-21 11:41:18,sess_14dbdcf4,mobile,104,
user_00295,prod_00063,cart,2026-03-05 11:41:18,sess_6592d51f,desktop,210,
user_00013,prod_00366,view,2026-01-14 11:41:18,sess_5ed1d97d,desktop,263,
user_00452,prod_00167,view,2026-02-21 11:41:18,sess_90a50985,desktop,166,
user_00312,prod_00363,view,2026-03-16 11:41:18,sess_7c8c7d4b,tablet,255,
user_00223,prod_00315,view,2026-03-14 11:41:18,sess_a7d950e6,desktop,171,
user_00523,prod_00279,purchase,2026-02-14 11:41:18,sess_432b07cf,mobile,116,4.1
user_00349,prod_00034,view,2026-01-04 11:41:18,sess_0e55e5a3,desktop,196,
user_00056,prod_00280,view,2026-02-05 11:41:18,sess_4c8e7d4c,tablet,293,
user_00942,prod_00220,view,2026-02-24 11:41:18,sess_ace38cb8,desktop,250,
user_00906,prod_00252,view,2026-03-19 11:41:18,sess_99ff18dd,mobile,178,
user_00763,prod_00123,view,2026-03-19 11:41:18,sess_ccb83f87,mobile,222,
user_00378,prod_00398,cart,2026-01-10 11:41:18,sess_42d287fb,desktop,220,
user_00860,prod_00196,view,2026-03-10 11:41:18,sess_b6138bdf,tablet,26,
user_00898,prod_00216,view,2026-02-28 11:41:18,sess_4f6767e0,tablet,124,
user_00220,prod_00193,like,2026-03-18 11:41:18,sess_376c7e3a,mobile,291,
user_00258,prod_00104,like,2026-01-23 11:41:18,sess_374661b5,mobile,33,
user_00924,prod_00007,view,2026-02-23 11:41:18,sess_376b084c,mobile,130,
user_00344,prod_00378,view,2026-01-02 11:41:18,sess_cd746f87,mobile,253,
user_00203,prod_00352,like,2026-01-04 11:41:18,sess_d0e4b1d3,mobile,228,
user_00407,prod_00203,purchase,2026-01-25 11:41:18,sess_3a7ee3ad,desktop,248,3.0
user_00521,prod_00256,view,2026-01-24 11:41:18,sess_d2d3ee56,desktop,184,
user_00875,prod_00257,view,2026-02-13 11:41:18,sess_e616eb37,desktop,249,
user_00088,prod_00051,cart,2026-01-12 11:41:18,sess_57920a73,desktop,218,
user_00069,prod_00332,like,2026-03-08 11:41:18,sess_60733910,mobile,297,
user_00823,prod_00182,view,2026-01-06 11:41:18,sess_2006b681,tablet,109,
user_00972,prod_00069,view,2026-02-08 11:41:18,sess_ced0ea8a,desktop,271,
user_00878,prod_00218,view,2026-03-28 11:41:18,sess_a0ca6399,mobile,100,
user_00965,prod_00198,view,2026-03-01 11:41:18,sess_7ceb3c46,mobile,167,
user_00938,prod_00072,view,2026-02-24 11:41:18,sess_a6e74470,mobile,25,
user_00752,prod_00227,view,2026-03-18 11:41:18,sess_4ced89a6,mobile,115,
user_00346,prod_00092,view,2026-01-29 11:41:18,sess_125db258,desktop,32,
user_00255,prod_00365,cart,2026-03-27 11:41:18,sess_1d71621e,tablet,143,
user_00806,prod_00499,purchase,2026-02-18 11:41:18,sess_1ab77d46,mobile,272,4.8
user_00556,prod_00228,view,2026-01-01 11:41:18,sess_37260414,tablet,234,
user_00422,prod_00252,view,2026-01-08 11:41:18,sess_66c7db90,mobile,176,
user_00308,prod_00324,view,2026-03-22 11:41:18,sess_efffce6d,desktop,121,
user_00872,prod_00062,like,2026-01-09 11:41:18,sess_7d4d07c1,mobile,160,
user_00572,prod_00422,view,2026-03-22 11:41:18,sess_e1770768,mobile,30,
user_00033,prod_00267,view,2026-03-25 11:41:18,sess_f7bc9c79,desktop,29,
user_00996,prod_00399,like,2026-02-01 11:41:18,sess_65eec907,mobile,115,
user_00415,prod_00367,view,2026-02-27 11:41:18,sess_c650415d,desktop,132,
user_00223,prod_00040,view,2026-01-08 11:41:18,sess_11d27431,mobile,164,
user_00065,prod_00150,view,2026-01-24 11:41:18,sess_757bf21c,tablet,251,
user_00893,prod_00424,view,2026-03-21 11:41:18,sess_a0c57424,desktop,245,
user_00621,prod_00438,like,2026-03-08 11:41:18,sess_ab1a341a,mobile,22,
user_00836,prod_00054,view,2026-02-24 11:41:18,sess_a57a814e,tablet,73,
user_00083,prod_00363,like,2026-03-28 11:41:18,sess_dbc366cf,tablet,256,
user_00701,prod_00291,view,2026-03-02 11:41:18,sess_934588c9,mobile,145,
user_00704,prod_00031,view,2026-03-20 11:41:18,sess_4b244b8f,tablet,219,
user_00716,prod_00330,view,2026-02-08 11:41:18,sess_116e52b8,desktop,92,
user_00493,prod_00048,view,2026-03-24 11:41:18,sess_b667a839,desktop,167,
user_00949,prod_00354,like,2026-03-03 11:41:18,sess_7319af2b,desktop,266,
user_00381,prod_00357,view,2026-01-03 11:41:18,sess_e5cc95d5,desktop,67,
user_00183,prod_00034,like,2026-03-19 11:41:18,sess_eec7c15f,desktop,199,
user_00739,prod_00381,view,2026-01-27 11:41:18,sess_6f8943d3,tablet,10,
user_00002,prod_00066,view,2026-01-16 11:41:18,sess_e8d597dc,desktop,87,
user_00755,prod_00142,view,2026-02-02 11:41:18,sess_9214ed67,tablet,153,
user_00972,prod_00101,view,2026-03-29 11:41:18,sess_df63f7ae,mobile,284,
user_00509,prod_00257,view,2026-02-22 11:41:18,sess_9d04c6ba,desktop,179,
user_00854,prod_00289,cart,2026-01-20 11:41:18,sess_8c5ac556,desktop,282,
user_00662,prod_00376,view,2026-01-24 11:41:18,sess_8fefe0f5,desktop,144,
user_00617,prod_00364,view,2026-03-30 11:41:18,sess_a9605c53,mobile,77,
user_00171,prod_00194,view,2026-03-27 11:41:18,sess_6758fd83,tablet,110,
user_00482,prod_00188,like,2026-02-11 11:41:18,sess_e7667a18,desktop,172,
user_00496,prod_00362,like,2026-02-25 11:41:18,sess_4ac6079b,tablet,219,
user_00295,prod_00106,cart,2026-03-14 11:41:18,sess_40a2de42,mobile,93,
user_00355,prod_00236,view,2026-03-21 11:41:18,sess_07d67d55,mobile,88,
user_00432,prod_00202,like,2026-03-30 11:41:18,sess_e20767f7,tablet,148,
user_00859,prod_00464,view,2026-01-07 11:41:18,sess_904f526a,tablet,232,
user_00238,prod_00051,like,2026-02-04 11:41:18,sess_5e5956a5,mobile,79,
user_00828,prod_00337,view,2026-02-04 11:41:18,sess_634aad0d,mobile,108,
user_00569,prod_00078,view,2026-03-22 11:41:18,sess_e4d636ef,mobile,30,
user_00148,prod_00131,view,2026-01-22 11:41:18,sess_71ab849e,tablet,224,
user_00280,prod_00058,view,2026-02-28 11:41:18,sess_477a55a7,tablet,204,
user_00628,prod_00245,view,2026-01-08 11:41:18,sess_3b499d94,mobile,108,
user_00252,prod_00259,like,2026-01-19 11:41:18,sess_0ef7fb3e,tablet,112,
user_00565,prod_00369,view,2026-01-22 11:41:18,sess_ef2273e5,mobile,181,
user_00526,prod_00063,view,2026-02-03 11:41:18,sess_1bc5c210,tablet,57,
user_00933,prod_00194,view,2026-03-12 11:41:18,sess_c00c9ceb,mobile,175,
user_00039,prod_00252,view,2026-01-27 11:41:18,sess_03cf7f30,mobile,189,
user_00137,prod_00059,view,2026-01-23 11:41:18,sess_ad04e36b,desktop,211,
user_00032,prod_00342,like,2026-01-11 11:41:18,sess_163a56a9,tablet,184,
user_00059,prod_00278,view,2026-03-11 11:41:18,sess_c987cd82,desktop,227,
user_00190,prod_00274,like,2026-02-02 11:41:18,sess_a8c3931b,tablet,216,
user_00985,prod_00227,like,2026-03-22 11:41:18,sess_52b97559,tablet,28,
user_00368,prod_00334,view,2026-02-03 11:41:18,sess_848d0791,tablet,298,
user_00917,prod_00292,view,2026-02-12 11:41:18,sess_b884378b,mobile,253,
user_00288,prod_00022,view,2026-02-26 11:41:18,sess_fae16e68,mobile,203,
user_00121,prod_00029,view,2026-02-23 11:41:18,sess_f286a813,tablet,246,
user_00511,prod_00097,view,2026-01-22 11:41:18,sess_c7e71c62,tablet,145,
user_00799,prod_00311,view,2026-02-06 11:41:18,sess_4fc5257d,desktop,46,
user_00217,prod_00073,view,2026-02-28 11:41:18,sess_03e4df49,desktop,246,
user_00187,prod_00136,view,2026-03-04 11:41:18,sess_7b21a84a,tablet,286,
user_00357,prod_00244,like,2026-03-26 11:41:18,sess_cb9e4afd,mobile,243,
user_00144,prod_00284,like,2026-02-13 11:41:18,sess_02a10857,tablet,9,
user_00028,prod_00297,view,2026-01-02 11:41:18,sess_c6fce21c,tablet,296,
user_00165,prod_00402,view,2026-02-18 11:41:18,sess_194f7d57,tablet,13,
user_00953,prod_00168,like,2026-01-30 11:41:18,sess_6a064fd6,tablet,119,
user_00354,prod_00370,view,2026-03-02 11:41:18,sess_64006fd6,desktop,169,
user_00241,prod_00196,view,2026-02-08 11:41:18,sess_c7e053ea,mobile,36,
user_00500,prod_00256,view,2026-03-11 11:41:18,sess_1208873e,mobile,77,
user_00715,prod_00220,like,2026-02-17 11:41:18,sess_f42c65a9,mobile,126,
user_00973,prod_00018,view,2026-03-29 11:41:18,sess_2cc06486,mobile,240,
user_00794,prod_00187,like,2026-01-11 11:41:18,sess_fc9cca4c,desktop,228,
user_00711,prod_00289,like,2026-03-17 11:41:18,sess_f92f1f05,desktop,188,
user_00247,prod_00446,view,2026-01-03 11:41:18,sess_c34a3f85,mobile,64,
user_00953,prod_00223,view,2026-03-26 11:41:18,sess_23429e74,desktop,180,
user_00894,prod_00004,view,2026-01-11 11:41:18,sess_8b4a47eb,tablet,46,
user_00974,prod_00179,view,2026-02-14 11:41:18,sess_ee7f7cee,tablet,117,
user_00888,prod_00300,like,2026-02-13 11:41:18,sess_f5c0b071,desktop,178,
user_00188,prod_00109,view,2026-02-20 11:41:18,sess_e925d299,tablet,279,
user_00630,prod_00159,like,2026-01-16 11:41:18,sess_4ac6c25c,tablet,196,
user_00672,prod_00044,view,2026-01-13 11:41:18,sess_1401496e,mobile,111,
user_00961,prod_00027,view,2026-02-18 11:41:18,sess_5f4c1108,desktop,172,
user_00602,prod_00468,view,2026-02-14 11:41:18,sess_beb97719,tablet,227,
user_00613,prod_00190,view,2026-02-03 11:41:18,sess_2a5c1faf,mobile,215,
user_00926,prod_00058,like,2026-03-25 11:41:18,sess_f01234b0,tablet,262,
user_00664,prod_00058,view,2026-03-06 11:41:18,sess_05ddea8c,mobile,197,
user_00592,prod_00407,cart,2026-02-23 11:41:18,sess_69fda10b,desktop,72,
user_00559,prod_00226,view,2026-01-16 11:41:18,sess_60dedf52,mobile,8,
user_00800,prod_00329,view,2026-03-23 11:41:18,sess_8f629458,desktop,78,
user_00077,prod_00258,view,2026-02-09 11:41:18,sess_7b54a72a,mobile,291,
user_00959,prod_00098,view,2026-03-11 11:41:18,sess_a4d93d41,tablet,214,
user_00055,prod_00135,like,2026-02-25 11:41:18,sess_3f7b01b4,tablet,287,
user_00070,prod_00281,view,2026-03-29 11:41:18,sess_c4346d23,tablet,128,
user_00557,prod_00484,view,2026-02-19 11:41:18,sess_aaf492ac,desktop,40,
user_00638,prod_00395,like,2026-01-02 11:41:18,sess_682bd640,desktop,134,
user_00523,prod_00235,view,2026-03-26 11:41:18,sess_1445127d,desktop,209,
user_00390,prod_00079,view,2026-03-24 11:41:18,sess_9780185e,desktop,205,
user_00007,prod_00300,view,2026-02-08 11:41:18,sess_9192f85f,mobile,189,
user_00011,prod_00440,view,2026-01-03 11:41:18,sess_32a40c55,tablet,118,
user_00939,prod_00172,view,2026-01-09 11:41:18,sess_aba0f3e3,desktop,197,
user_00444,prod_00429,purchase,2026-02-14 11:41:18,sess_a4b590b8,tablet,15,4.3
user_00874,prod_00185,view,2026-02-04 11:41:18,sess_a8bb9e85,desktop,253,
user_00551,prod_00457,like,2026-02-27 11:41:18,sess_bf42dde5,tablet,54,
user_00949,prod_00309,view,2026-03-02 11:41:18,sess_a9869980,desktop,82,
user_00898,prod_00291,like,2026-01-01 11:41:18,sess_deceeb9c,tablet,203,
user_00828,prod_00434,view,2026-03-27 11:41:18,sess_a2848b9b,mobile,238,
user_00433,prod_00465,view,2026-02-19 11:41:18,sess_1b6edf9b,mobile,133,
user_00692,prod_00334,view,2026-03-18 11:41:18,sess_b6918d92,mobile,30,
user_00134,prod_00224,cart,2026-01-27 11:41:18,sess_3b9306c1,desktop,103,
user_00648,prod_00478,like,2026-03-30 11:41:18,sess_09dc5b82,tablet,280,
user_00250,prod_00051,view,2026-03-10 11:41:18,sess_649d3eba,mobile,256,
user_00547,prod_00472,view,2026-02-09 11:41:18,sess_7246b54d,mobile,105,
user_00756,prod_00452,view,2026-02-25 11:41:18,sess_9cb9d5ea,tablet,83,
user_00823,prod_00187,view,2026-01-19 11:41:18,sess_80f25a7f,desktop,216,
user_00779,prod_00273,like,2026-03-25 11:41:18,sess_27e95c9c,mobile,30,
user_00733,prod_00185,like,2026-03-16 11:41:18,sess_d83e2f82,desktop,245,
user_00853,prod_00191,like,2026-01-02 11:41:18,sess_52b45062,tablet,175,
user_00465,prod_00277,view,2026-03-24 11:41:18,sess_864f8a62,desktop,237,
user_00636,prod_00495,view,2026-03-17 11:41:18,sess_0884564e,desktop,276,
user_00533,prod_00447,view,2026-01-08 11:41:18,sess_3ad3b556,mobile,156,
user_00278,prod_00219,view,2026-01-13 11:41:18,sess_c4743201,tablet,179,
user_00259,prod_00057,view,2026-03-30 11:41:18,sess_ca4a0340,desktop,191,
user_00425,prod_00432,like,2026-02-12 11:41:18,sess_de84d4f4,desktop,165,
user_00684,prod_00171,like,2026-01-26 11:41:18,sess_f8886aa0,desktop,222,
user_00444,prod_00185,view,2026-03-25 11:41:18,sess_ce310327,mobile,122,
user_00283,prod_00145,view,2026-01-18 11:41:18,sess_bf820bc6,mobile,224,
user_00186,prod_00095,view,2026-02-24 11:41:18,sess_4fb88602,tablet,163,
user_00629,prod_00331,view,2026-02-08 11:41:18,sess_7ffe6e16,mobile,164,
user_00395,prod_00454,view,2026-03-01 11:41:18,sess_102c968b,desktop,116,
user_00730,prod_00172,view,2026-03-04 11:41:18,sess_54f82c94,mobile,49,
user_00675,prod_00185,view,2026-03-21 11:41:18,sess_fd613dd2,tablet,105,
user_00354,prod_00221,like,2026-03-10 11:41:18,sess_b971f73c,desktop,264,
user_00297,prod_00244,view,2026-01-31 11:41:18,sess_06ac0511,tablet,103,
user_00457,prod_00088,view,2026-01-10 11:41:18,sess_1ff74a0d,tablet,61,
user_00495,prod_00391,view,2025-12-31 11:41:18,sess_2d8ddd47,desktop,290,
user_00165,prod_00452,view,2026-01-20 11:41:18,sess_e46e3d2d,desktop,272,
user_00971,prod_00478,view,2026-03-15 11:41:18,sess_4d42db3b,mobile,165,
user_00713,prod_00349,view,2026-01-22 11:41:18,sess_82ec81ab,desktop,162,
user_00458,prod_00141,like,2026-01-16 11:41:18,sess_ddeea7e7,tablet,219,
user_00107,prod_00382,view,2026-02-15 11:41:18,sess_181217e0,desktop,253,
user_00604,prod_00293,view,2026-01-25 11:41:18,sess_00f5b869,mobile,153,
user_00269,prod_00077,view,2026-01-25 11:41:18,sess_580e5713,mobile,166,
user_00267,prod_00171,view,2026-01-05 11:41:18,sess_b20070f7,mobile,153,
user_00107,prod_00189,view,2026-02-03 11:41:18,sess_57598851,mobile,164,
user_00561,prod_00129,view,2026-02-04 11:41:18,sess_7917b4d5,mobile,236,
user_00050,prod_00457,view,2026-03-15 11:41:18,sess_5d37f92e,desktop,161,
user_00334,prod_00109,view,2026-02-14 11:41:18,sess_d985ec55,mobile,15,
user_00099,prod_00420,view,2026-03-18 11:41:18,sess_caf40fb0,desktop,227,
user_00964,prod_00345,view,2026-02-20 11:41:18,sess_2045e249,mobile,184,
user_00903,prod_00243,view,2026-02-04 11:41:18,sess_9808055f,tablet,143,
user_00008,prod_00371,view,2026-03-21 11:41:18,sess_f43c2a37,tablet,256,
user_00519,prod_00036,view,2026-01-27 11:41:18,sess_14057642,mobile,298,
user_00384,prod_00247,view,2026-02-20 11:41:18,sess_70adb486,desktop,57,
user_00320,prod_00299,view,2026-01-15 11:41:18,sess_790c1f43,tablet,188,
user_00335,prod_00273,view,2026-03-03 11:41:18,sess_5f30dd0e,desktop,286,
user_00038,prod_00490,view,2026-02-08 11:41:18,sess_217fa465,desktop,44,
user_00866,prod_00445,view,2026-02-28 11:41:18,sess_f80e5d84,tablet,270,
user_00907,prod_00036,like,2026-01-30 11:41:18,sess_9f910ae2,tablet,91,
user_00201,prod_00334,like,2026-03-28 11:41:18,sess_805e7cfc,desktop,202,
user_00283,prod_00129,view,2026-03-28 11:41:18,sess_0106e74d,tablet,8,
user_00387,prod_00344,view,2026-03-15 11:41:18,sess_c7e2cfe0,tablet,29,
user_00524,prod_00043,view,2026-03-24 11:41:18,sess_a17fb3a5,mobile,95,
user_00505,prod_00327,view,2026-03-13 11:41:18,sess_d4f4bf01,desktop,98,
user_00171,prod_00106,view,2026-02-04 11:41:18,sess_b4025b6c,tablet,170,
user_00061,prod_00135,view,2026-01-06 11:41:18,sess_2cf3805f,desktop,27,
user_00340,prod_00300,view,2026-03-01 11:41:18,sess_5f3832d5,desktop,112,
user_00336,prod_00432,view,2026-01-05 11:41:18,sess_7c87b65b,desktop,138,
user_00604,prod_00106,like,2026-03-04 11:41:18,sess_dda84d13,tablet,244,
user_00910,prod_00098,cart,2026-01-03 11:41:18,sess_b37fc3c9,tablet,182,
user_00829,prod_00315,view,2026-02-05 11:41:18,sess_f02c212e,mobile,199,
user_00844,prod_00032,view,2026-01-10 11:41:18,sess_9379ff70,tablet,239,
user_00161,prod_00240,purchase,2026-01-06 11:41:18,sess_45f5ebac,tablet,129,1.5
user_00873,prod_00199,view,2026-03-22 11:41:18,sess_688e32b8,tablet,50,
user_00719,prod_00103,view,2026-02-19 11:41:18,sess_2993c3bc,tablet,30,
user_00997,prod_00329,view,2026-02-22 11:41:18,sess_55f55ee2,mobile,224,
user_00042,prod_00022,view,2026-01-07 11:41:18,sess_de2e9ac4,tablet,98,
user_00172,prod_00097,view,2026-01-30 11:41:18,sess_5a63270c,tablet,101,
user_00551,prod_00331,like,2026-01-18 11:41:18,sess_f7e67b24,tablet,90,
user_00160,prod_00167,view,2026-02-23 11:41:18,sess_f973aede,desktop,169,
user_00181,prod_00306,view,2026-01-31 11:41:18,sess_0d523ddb,desktop,208,
user_00376,prod_00162,view,2026-01-24 11:41:18,sess_4a1bbb28,tablet,175,
user_00447,prod_00104,view,2026-02-06 11:41:18,sess_b5c4f0e4,desktop,182,
user_00792,prod_00233,view,2026-03-30 11:41:18,sess_ad13fb14,mobile,90,
user_00131,prod_00322,view,2026-01-07 11:41:18,sess_256b7474,tablet,269,
user_00505,prod_00183,view,2026-01-02 11:41:18,sess_9fc566c2,desktop,96,
user_00076,prod_00155,like,2026-02-22 11:41:18,sess_145b6f88,tablet,174,
user_00773,prod_00402,view,2026-01-25 11:41:18,sess_96c3efdc,tablet,123,
user_00634,prod_00218,view,2026-03-14 11:41:18,sess_0f8320a9,desktop,82,
user_00381,prod_00445,view,2026-01-10 11:41:18,sess_23cf975c,mobile,179,
user_00706,prod_00128,view,2026-03-22 11:41:18,sess_89e13bf6,desktop,37,
user_00502,prod_00101,like,2026-02-03 11:41:18,sess_26b37fa4,tablet,298,
user_00656,prod_00290,like,2026-02-13 11:41:18,sess_1108eb85,desktop,169,
user_00426,prod_00457,view,2026-03-25 11:41:18,sess_8f53b993,tablet,44,
user_00040,prod_00411,like,2026-03-13 11:41:18,sess_31ff36db,mobile,178,
user_00985,prod_00187,view,2026-02-05 11:41:18,sess_36fe8738,tablet,267,
user_00230,prod_00070,view,2026-02-13 11:41:18,sess_b96a950a,desktop,55,
user_00269,prod_00500,like,2026-03-13 11:41:18,sess_067e81c9,desktop,70,
user_00117,prod_00152,view,2026-01-29 11:41:18,sess_6b1d0ee9,mobile,177,
user_00662,prod_00019,view,2026-01-10 11:41:18,sess_bd539330,desktop,255,
user_00557,prod_00442,view,2026-01-25 11:41:18,sess_ad9e5e9a,mobile,45,
user_00696,prod_00064,cart,2026-03-08 11:41:18,sess_44531a61,desktop,279,
user_00306,prod_00096,like,2026-02-15 11:41:18,sess_e03967fb,desktop,142,
user_00425,prod_00313,view,2026-02-09 11:41:18,sess_100357fa,tablet,293,
user_00723,prod_00097,view,2026-02-15 11:41:18,sess_f9fb3aab,desktop,47,
user_00582,prod_00233,view,2025-12-30 11:41:18,sess_ff249760,tablet,56,
user_00363,prod_00151,view,2026-01-31 11:41:18,sess_1ff3bbd5,tablet,245,
user_00448,prod_00328,view,2026-03-30 11:41:18,sess_51be8d5f,mobile,115,
user_00338,prod_00220,view,2026-01-03 11:41:18,sess_107729b0,tablet,124,
user_00015,prod_00319,view,2026-03-20 11:41:18,sess_1d8e22dd,tablet,196,
user_00013,prod_00247,view,2026-01-17 11:41:18,sess_990047bc,desktop,296,
user_00586,prod_00311,view,2026-03-17 11:41:18,sess_82677a03,tablet,68,
user_00909,prod_00459,view,2026-01-02 11:41:18,sess_7b246dc5,desktop,144,
user_00399,prod_00061,view,2026-01-05 11:41:18,sess_21bf9c9d,mobile,9,
user_00037,prod_00073,view,2026-02-15 11:41:18,sess_dd0f47ea,mobile,258,
user_00869,prod_00468,view,2026-02-08 11:41:18,sess_58865893,mobile,236,
user_00216,prod_00171,view,2026-01-29 11:41:18,sess_fe970384,mobile,71,
user_00517,prod_00397,view,2026-02-03 11:41:18,sess_f7c9460a,tablet,226,
user_00829,prod_00455,like,2026-03-22 11:41:18,sess_6755e573,mobile,202,
user_00166,prod_00468,view,2026-01-04 11:41:18,sess_247f4e8e,tablet,212,
user_00364,prod_00442,view,2026-01-11 11:41:18,sess_0b4d9f82,desktop,241,
user_00212,prod_00403,like,2026-03-05 11:41:18,sess_d4b1b35d,mobile,14,
user_00349,prod_00182,view,2026-01-05 11:41:18,sess_e903d2cb,mobile,109,
user_00697,prod_00029,view,2026-01-16 11:41:18,sess_aa3b1e21,desktop,26,
user_00571,prod_00472,view,2026-01-11 11:41:18,sess_25a8257a,desktop,101,
user_00340,prod_00445,view,2026-03-10 11:41:18,sess_07cb0af6,mobile,56,
user_00269,prod_00291,like,2026-02-14 11:41:18,sess_94dfabfa,tablet,285,
user_00444,prod_00024,view,2026-03-30 11:41:18,sess_302bda5c,tablet,267,
user_00111,prod_00283,view,2026-03-24 11:41:18,sess_57fca60a,tablet,299,
user_00894,prod_00445,view,2026-02-20 11:41:18,sess_51e90a53,tablet,58,
user_00299,prod_00002,purchase,2026-03-20 11:41:18,sess_c63d3252,tablet,128,3.7
user_00491,prod_00323,like,2026-03-02 11:41:18,sess_a2e6d5b7,desktop,135,
user_00074,prod_00456,view,2026-02-06 11:41:18,sess_78121b6c,desktop,236,
user_00139,prod_00164,view,2025-12-31 11:41:18,sess_59c077ff,tablet,96,
user_00293,prod_00175,view,2026-02-08 11:41:18,sess_498dfbab,mobile,153,
user_00130,prod_00130,view,2026-03-20 11:41:18,sess_1d4b0ea0,desktop,149,
user_00725,prod_00323,view,2026-01-03 11:41:18,sess_f490d982,mobile,297,
user_00717,prod_00360,view,2026-02-15 11:41:18,sess_45a5fb64,tablet,100,
user_00464,prod_00407,view,2026-03-08 11:41:18,sess_d869c972,mobile,296,
user_00101,prod_00281,view,2026-02-19 11:41:18,sess_2af5e48e,desktop,204,
user_00126,prod_00480,like,2026-01-12 11:41:18,sess_4bf2c346,desktop,5,
user_00166,prod_00005,view,2026-03-29 11:41:18,sess_0687a97b,tablet,227,
user_00691,prod_00127,cart,2026-01-02 11:41:18,sess_6009241c,desktop,44,
user_00077,prod_00241,view,2026-02-28 11:41:18,sess_2ccbbc7e,mobile,230,
user_00057,prod_00070,like,2026-03-30 11:41:18,sess_0044a22d,tablet,204,
user_00053,prod_00158,view,2026-01-28 11:41:18,sess_98ab053e,desktop,286,
user_00472,prod_00093,view,2026-03-19 11:41:18,sess_53d8fa21,desktop,75,
user_00037,prod_00351,view,2026-02-28 11:41:18,sess_9a4bb8b4,mobile,17,
user_00008,prod_00103,view,2026-02-10 11:41:18,sess_9acb62ac,tablet,217,
user_00279,prod_00228,cart,2026-02-28 11:41:18,sess_19296e55,mobile,56,
user_00366,prod_00047,view,2026-01-11 11:41:18,sess_86ca75dc,desktop,281,
user_00769,prod_00405,view,2026-02-06 11:41:18,sess_bdd6044b,tablet,226,
user_00203,prod_00045,view,2026-03-03 11:41:18,sess_002d833c,mobile,20,
user_00212,prod_00329,view,2026-03-15 11:41:18,sess_1007bfea,mobile,43,
user_00365,prod_00421,view,2026-03-05 11:41:18,sess_7d2e1e0f,tablet,199,
user_00443,prod_00255,view,2026-02-19 11:41:18,sess_74377b2a,desktop,105,
user_00337,prod_00043,view,2026-03-07 11:41:18,sess_1c5a632d,tablet,74,
user_00218,prod_00072,view,2026-02-19 11:41:18,sess_9bb28957,tablet,169,
user_00743,prod_00096,like,2026-01-13 11:41:18,sess_84d0d780,desktop,186,
user_00997,prod_00225,view,2026-02-28 11:41:18,sess_de74929f,tablet,118,
user_00355,prod_00091,view,2026-01-26 11:41:18,sess_47ca093e,mobile,203,
user_00302,prod_00004,view,2026-03-12 11:41:18,sess_165d50d5,mobile,44,
user_00332,prod_00144,view,2026-02-25 11:41:18,sess_24055e0e,desktop,262,
user_00210,prod_00005,cart,2026-02-07 11:41:18,sess_bc7744e4,mobile,77,
user_00510,prod_00325,like,2026-02-26 11:41:18,sess_4eff9a53,mobile,13,
user_00692,prod_00178,view,2026-01-12 11:41:18,sess_535c502b,tablet,208,
user_00206,prod_00421,like,2026-03-21 11:41:18,sess_efcf1f06,mobile,212,
user_00970,prod_00485,view,2026-02-22 11:41:18,sess_7269643a,mobile,203,
user_00499,prod_00215,view,2026-02-03 11:41:18,sess_1c54bcd3,desktop,161,
user_00400,prod_00246,view,2026-01-24 11:41:18,sess_e683e47a,desktop,104,
user_00005,prod_00457,view,2026-03-04 11:41:18,sess_f3495272,mobile,72,
user_00500,prod_00315,purchase,2026-01-07 11:41:18,sess_ebf9cd56,desktop,252,1.5
user_00581,prod_00198,view,2026-01-12 11:41:18,sess_634991bb,desktop,53,
user_00878,prod_00277,view,2026-01-31 11:41:18,sess_ae7d1e2e,desktop,221,
user_00974,prod_00064,like,2026-01-15 11:41:18,sess_311d54ae,desktop,81,
user_00408,prod_00015,view,2026-03-07 11:41:18,sess_6b68d5f0,mobile,261,
user_00470,prod_00290,cart,2026-03-20 11:41:18,sess_cc415518,mobile,294,
user_00936,prod_00195,view,2026-02-11 11:41:18,sess_667afb12,tablet,91,
user_00636,prod_00451,view,2026-02-15 11:41:18,sess_0fa8b91f,desktop,275,
user_00614,prod_00024,cart,2026-01-17 11:41:18,sess_84f976c2,mobile,102,
user_00057,prod_00417,view,2026-01-28 11:41:18,sess_42c21f3e,tablet,41,
user_00081,prod_00095,view,2026-03-03 11:41:18,sess_16e54a4c,mobile,76,
user_00926,prod_00120,view,2026-02-16 11:41:18,sess_62dec38a,tablet,54,
user_00711,prod_00352,view,2026-03-11 11:41:18,sess_156d5026,mobile,242,
user_00157,prod_00076,view,2026-03-04 11:41:18,sess_956331dc,mobile,195,
user_00754,prod_00284,view,2026-01-16 11:41:18,sess_e6b25978,tablet,188,
user_00070,prod_00055,like,2026-01-15 11:41:18,sess_34b6473b,desktop,245,
user_00942,prod_00408,view,2026-01-05 11:41:18,sess_8077c7fd,desktop,85,
user_00450,prod_00283,view,2026-02-02 11:41:18,sess_ec2e074f,tablet,85,
user_00252,prod_00201,view,2026-02-21 11:41:18,sess_68f42f76,mobile,71,
user_00608,prod_00395,like,2026-02-16 11:41:18,sess_fba562b4,mobile,160,
user_00262,prod_00352,like,2026-03-05 11:41:18,sess_0e59b42f,mobile,211,
user_00159,prod_00420,view,2026-03-22 11:41:18,sess_5d5de460,desktop,290,
user_00652,prod_00153,view,2025-12-31 11:41:18,sess_33b26419,desktop,77,
user_00052,prod_00089,view,2026-03-29 11:41:18,sess_ca5c74c5,mobile,270,
user_00279,prod_00122,view,2026-02-21 11:41:18,sess_e224b8ab,mobile,286,
user_00119,prod_00387,like,2026-02-27 11:41:18,sess_a581d850,mobile,15,
user_00641,prod_00173,like,2026-02-15 11:41:18,sess_c2de1e7b,mobile,149,
user_00290,prod_00123,view,2026-01-14 11:41:18,sess_888b1109,mobile,297,
user_00572,prod_00455,view,2026-01-23 11:41:18,sess_da1de2f8,desktop,140,
user_00781,prod_00475,like,2026-01-14 11:41:18,sess_b504c5fa,mobile,214,
user_00829,prod_00092,like,2026-02-16 11:41:18,sess_75d30f97,mobile,224,
user_00239,prod_00068,view,2026-03-05 11:41:18,sess_7f1d7d14,desktop,12,
user_00922,prod_00377,view,2026-01-04 11:41:18,sess_30d57e2e,desktop,44,
user_00039,prod_00125,view,2026-03-10 11:41:18,sess_d3618569,mobile,217,
user_00874,prod_00374,view,2026-03-15 11:41:18,sess_0f62b494,tablet,172,
user_00132,prod_00185,view,2026-03-20 11:41:18,sess_71be9646,desktop,124,
user_00323,prod_00253,cart,2026-02-22 11:41:18,sess_8b82e0a9,desktop,227,
user_00421,prod_00422,cart,2026-03-06 11:41:18,sess_ad9a89de,mobile,35,
user_00812,prod_00462,like,2026-01-06 11:41:18,sess_50f3da2c,mobile,178,
user_00534,prod_00396,view,2026-03-18 11:41:18,sess_ff6c1ce0,tablet,193,
user_00539,prod_00042,cart,2026-02-22 11:41:18,sess_a53e0fd0,desktop,28,
user_00135,prod_00098,view,2026-02-15 11:41:18,sess_0e26057c,tablet,208,
user_00522,prod_00084,view,2026-02-24 11:41:18,sess_800a53f4,mobile,280,
user_00117,prod_00435,view,2026-02-15 11:41:18,sess_0e13fbca,desktop,121,
user_00832,prod_00042,view,2026-02-10 11:41:18,sess_a2081727,desktop,30,
user_00147,prod_00232,view,2026-01-15 11:41:18,sess_0e1b4c39,mobile,242,
user_00542,prod_00459,like,2026-01-31 11:41:18,sess_89dc50dd,mobile,284,
user_00079,prod_00438,like,2026-01-04 11:41:18,sess_8d89a9e2,desktop,28,
user_00357,prod_00500,view,2026-02-26 11:41:18,sess_2b47c1fa,desktop,124,
user_00002,prod_00322,view,2026-01-23 11:41:18,sess_8f3e52d9,mobile,53,
user_00221,prod_00059,view,2026-01-24 11:41:18,sess_ab579ae8,mobile,164,
user_00645,prod_00454,like,2026-02-23 11:41:18,sess_4fa51721,desktop,163,
user_00391,prod_00291,view,2026-01-14 11:41:18,sess_0aa8b46e,desktop,80,
user_00816,prod_00168,view,2026-01-15 11:41:18,sess_0567ca0a,mobile,15,
user_00953,prod_00047,view,2026-01-12 11:41:18,sess_8e2b6218,mobile,131,
user_00284,prod_00185,view,2026-03-17 11:41:18,sess_265a4ba5,tablet,191,
user_00092,prod_00342,view,2026-03-25 11:41:18,sess_3e2fecbf,mobile,18,
user_00454,prod_00398,cart,2026-03-30 11:41:18,sess_9c2aeb52,desktop,59,
user_00398,prod_00351,view,2026-02-24 11:41:18,sess_f7fe684a,desktop,164,
user_00816,prod_00354,like,2026-01-23 11:41:18,sess_2ef69da0,desktop,69,
user_00544,prod_00159,view,2026-01-21 11:41:18,sess_73c2d644,desktop,298,
user_00403,prod_00310,view,2026-02-23 11:41:18,sess_0c9140d2,desktop,136,
user_00058,prod_00168,view,2026-02-19 11:41:18,sess_2da5da6f,desktop,241,
user_00176,prod_00043,like,2026-02-07 11:41:18,sess_4403b145,mobile,18,
user_00725,prod_00498,view,2026-01-05 11:41:18,sess_323a862f,desktop,155,
user_00975,prod_00057,like,2026-01-10 11:41:18,sess_521692fe,mobile,37,
user_00450,prod_00029,view,2026-01-22 11:41:18,sess_227125cd,desktop,129,
user_00838,prod_00225,view,2026-01-20 11:41:18,sess_c8b687df,desktop,289,
user_00590,prod_00111,view,2026-02-26 11:41:18,sess_fd3aa7d1,tablet,31,
user_00827,prod_00412,view,2026-02-12 11:41:18,sess_046b753e,tablet,238,
user_00091,prod_00424,like,2026-02-09 11:41:18,sess_1b5a7dc8,tablet,147,
user_00104,prod_00349,view,2026-02-09 11:41:18,sess_78dc1205,desktop,239,
user_00098,prod_00172,like,2026-03-15 11:41:18,sess_2faabb8e,mobile,24,
user_00960,prod_00254,view,2026-01-01 11:41:18,sess_9bf94ec2,tablet,14,
user_00710,prod_00173,like,2026-01-14 11:41:18,sess_c54d9d3e,mobile,214,
user_00187,prod_00186,view,2026-01-31 11:41:18,sess_6944e2c4,desktop,45,
user_00358,prod_00015,view,2026-01-12 11:41:18,sess_8344a7cf,tablet,267,
user_00662,prod_00133,like,2026-01-03 11:41:18,sess_9da66840,tablet,269,
user_00759,prod_00490,like,2026-03-12 11:41:18,sess_4221f92c,mobile,258,
user_00554,prod_00192,view,2026-03-15 11:41:18,sess_d23739ad,tablet,6,
user_00067,prod_00365,view,2026-01-15 11:41:18,sess_355e3580,tablet,294,
user_00847,prod_00112,view,2026-02-23 11:41:18,sess_3da96637,mobile,29,
user_00254,prod_00251,view,2026-02-19 11:41:18,sess_38b7ebb9,tablet,295,
user_00678,prod_00427,view,2026-02-20 11:41:18,sess_69594b37,mobile,178,
user_00444,prod_00171,view,2026-02-13 11:41:18,sess_dc42367e,desktop,285,
user_00501,prod_00020,view,2026-01-11 11:41:18,sess_70a7596f,mobile,78,
user_00699,prod_00470,like,2026-03-06 11:41:18,sess_e1dad03e,desktop,39,
user_00797,prod_00305,view,2026-03-06 11:41:18,sess_870cdc20,tablet,220,
user_00903,prod_00137,view,2026-02-06 11:41:18,sess_c892d42b,tablet,217,
user_00082,prod_00212,view,2026-02-02 11:41:18,sess_b39abefc,tablet,248,
user_00907,prod_00035,like,2026-02-06 11:41:18,sess_ba5dd4a6,tablet,297,
user_00724,prod_00154,view,2026-01-10 11:41:18,sess_8b7e9f19,mobile,188,
user_00876,prod_00140,purchase,2026-01-08 11:41:18,sess_2003b859,desktop,54,3.8
user_00265,prod_00168,like,2026-02-12 11:41:18,sess_1728fee3,mobile,278,
user_00824,prod_00499,view,2026-02-15 11:41:18,sess_93460c04,mobile,169,
user_00441,prod_00084,view,2026-01-21 11:41:18,sess_286d0b39,mobile,283,
user_00761,prod_00488,view,2026-01-14 11:41:18,sess_acd1dd58,tablet,193,
user_00885,prod_00013,view,2026-01-16 11:41:18,sess_6b10cb86,mobile,300,
user_00206,prod_00270,view,2026-02-23 11:41:18,sess_6f78ccc9,tablet,46,
user_00306,prod_00449,view,2026-02-28 11:41:18,sess_27cb853e,desktop,280,
user_00880,prod_00159,view,2026-03-08 11:41:18,sess_11421a52,tablet,43,
user_00959,prod_00460,view,2026-02-09 11:41:18,sess_e9cd1a2b,mobile,164,
user_00487,prod_00273,view,2026-03-05 11:41:18,sess_acd91a85,desktop,230,
user_00950,prod_00386,view,2026-01-05 11:41:18,sess_a7360d85,mobile,251,
user_00938,prod_00117,view,2026-01-05 11:41:18,sess_070d5473,tablet,10,
user_00248,prod_00157,like,2026-02-22 11:41:18,sess_2b10c2cd,mobile,96,
user_00856,prod_00033,like,2026-01-13 11:41:18,sess_def9ab65,desktop,292,
user_00429,prod_00053,view,2026-01-04 11:41:18,sess_aa21e0c7,mobile,34,
user_00801,prod_00463,view,2026-03-30 11:41:18,sess_731c5f02,tablet,43,
user_00712,prod_00446,view,2026-02-05 11:41:18,sess_ff31a9ea,mobile,243,
user_00020,prod_00306,view,2026-03-25 11:41:18,sess_35399da1,mobile,184,
user_00414,prod_00374,view,2026-01-01 11:41:18,sess_19c6c7c6,desktop,73,
user_00071,prod_00030,view,2026-03-27 11:41:18,sess_b85c8ed4,desktop,237,
user_00777,prod_00469,view,2026-03-27 11:41:18,sess_25689467,mobile,136,
user_00305,prod_00141,view,2026-02-10 11:41:18,sess_237cb351,tablet,126,
user_00043,prod_00484,like,2026-02-03 11:41:18,sess_b51facf1,mobile,100,
user_00023,prod_00084,view,2026-01-20 11:41:18,sess_adca9ca1,tablet,96,
user_00843,prod_00472,view,2026-03-28 11:41:18,sess_f7180abb,desktop,104,
user_00471,prod_00015,like,2025-12-31 11:41:18,sess_02529a46,tablet,19,
user_00990,prod_00483,view,2026-01-04 11:41:18,sess_fe9b69f4,mobile,83,
user_00913,prod_00375,view,2026-01-12 11:41:18,sess_cb854a8d,mobile,77,
user_00233,prod_00332,like,2026-01-27 11:41:18,sess_2b08d30c,desktop,143,
user_00958,prod_00193,like,2026-02-23 11:41:18,sess_c622ee6f,mobile,155,
user_00518,prod_00145,view,2026-01-18 11:41:18,sess_5847744d,tablet,265,
user_00996,prod_00282,like,2026-01-08 11:41:18,sess_5c1d37bd,desktop,228,
user_00813,prod_00177,view,2026-02-02 11:41:18,sess_86ba8070,tablet,195,
user_00404,prod_00421,view,2025-12-31 11:41:18,sess_013806c8,tablet,96,
user_00284,prod_00071,view,2026-02-25 11:41:18,sess_47c798e0,desktop,280,
user_00698,prod_00066,view,2026-02-14 11:41:18,sess_7ce1fdf0,mobile,98,
user_00684,prod_00267,like,2026-01-19 11:41:18,sess_3c88a5db,desktop,251,
user_00544,prod_00202,view,2026-01-09 11:41:18,sess_a6c18b9a,mobile,145,
user_00292,prod_00287,view,2026-02-02 11:41:18,sess_ff96f995,desktop,232,
user_00964,prod_00209,view,2026-01-05 11:41:18,sess_a47b8e53,tablet,44,
user_00977,prod_00497,view,2026-01-22 11:41:18,sess_9c3b2881,tablet,229,
user_00874,prod_00398,view,2026-01-17 11:41:18,sess_44d633a9,desktop,33,
user_00896,prod_00210,view,2026-02-22 11:41:18,sess_3e2d26de,tablet,94,
user_00975,prod_00005,view,2026-03-27 11:41:18,sess_c43bd514,tablet,171,
user_00482,prod_00274,view,2026-03-12 11:41:18,sess_f769597c,mobile,212,
user_00215,prod_00135,view,2026-01-21 11:41:18,sess_763fc9d7,tablet,212,
user_00879,prod_00163,view,2026-03-20 11:41:18,sess_8d820913,mobile,37,
user_00301,prod_00457,view,2026-03-01 11:41:18,sess_7d9a668a,tablet,271,
user_00129,prod_00322,view,2026-01-21 11:41:18,sess_6d23c8b6,tablet,225,
user_00677,prod_00261,view,2026-03-17 11:41:18,sess_7698ea46,tablet,134,
user_00448,prod_00430,like,2026-03-29 11:41:18,sess_b2953e6e,tablet,184,
user_00581,prod_00122,view,2026-03-17 11:41:18,sess_5b345433,tablet,176,
user_00379,prod_00355,view,2026-02-19 11:41:18,sess_d928d92c,mobile,73,
user_00270,prod_00198,view,2026-01-01 11:41:18,sess_5002d92f,tablet,189,
user_00736,prod_00249,like,2026-02-18 11:41:18,sess_dc40d9f4,mobile,199,
user_00557,prod_00123,view,2026-03-07 11:41:18,sess_1a18e03b,mobile,242,
user_00734,prod_00064,view,2026-03-20 11:41:18,sess_828c8914,tablet,30,
user_00062,prod_00074,purchase,2026-01-21 11:41:18,sess_0837234f,desktop,231,4.9
user_00323,prod_00418,view,2026-01-02 11:41:18,sess_c4d23199,desktop,131,
user_00298,prod_00352,view,2026-03-07 11:41:18,sess_dde992af,mobile,39,
user_00193,prod_00066,view,2026-01-08 11:41:18,sess_abd3a9e9,mobile,217,
user_00400,prod_00298,view,2026-02-27 11:41:18,sess_651ee636,desktop,267,
user_00657,prod_00006,view,2026-01-23 11:41:18,sess_e59fe5d0,desktop,110,
user_00142,prod_00296,like,2026-02-04 11:41:18,sess_32c7d3b9,mobile,247,
user_00110,prod_00462,view,2026-01-09 11:41:18,sess_f24ae924,mobile,137,
user_00937,prod_00154,like,2026-01-20 11:41:18,sess_a55f4f53,tablet,19,
user_00617,prod_00032,view,2026-03-27 11:41:18,sess_5c366318,tablet,157,
user_00479,prod_00269,like,2026-02-04 11:41:18,sess_2171941d,desktop,212,
user_00738,prod_00170,view,2026-02-24 11:41:18,sess_33ba8f99,desktop,158,
user_00399,prod_00465,view,2026-01-22 11:41:18,sess_f415d023,tablet,148,
user_00816,prod_00072,view,2026-03-08 11:41:18,sess_33820a23,desktop,161,
user_00600,prod_00126,view,2026-03-19 11:41:18,sess_36d0ce20,tablet,45,
user_00147,prod_00071,view,2026-03-21 11:41:18,sess_1de2bcef,desktop,54,
user_00142,prod_00331,view,2026-02-09 11:41:18,sess_1aa05191,tablet,147,
user_00033,prod_00167,like,2026-03-09 11:41:18,sess_02e39ff8,mobile,255,
user_00009,prod_00001,view,2026-02-11 11:41:18,sess_a5bc4e80,mobile,32,
user_00769,prod_00024,view,2026-02-03 11:41:18,sess_fc941b3c,mobile,248,
user_00248,prod_00147,view,2026-02-22 11:41:18,sess_bf49a6dd,mobile,87,
user_00437,prod_00240,like,2026-01-08 11:41:18,sess_21f5e68f,mobile,44,
user_00796,prod_00032,view,2026-03-01 11:41:18,sess_a4913a98,tablet,186,
user_00831,prod_00132,view,2026-02-03 11:41:18,sess_51e0cae1,desktop,125,
user_00057,prod_00383,view,2026-01-21 11:41:18,sess_d694f64f,mobile,44,
user_00636,prod_00217,like,2026-01-20 11:41:18,sess_a88be74f,mobile,75,
user_00278,prod_00106,like,2026-03-11 11:41:18,sess_2ec29fe6,desktop,192,
user_00965,prod_00257,like,2026-01-28 11:41:18,sess_26e44584,tablet,66,
user_00274,prod_00057,like,2026-01-05 11:41:18,sess_594abce9,desktop,235,
user_00925,prod_00030,view,2026-01-10 11:41:18,sess_c100dd97,tablet,100,
user_00862,prod_00432,view,2026-02-15 11:41:18,sess_b3a53c71,desktop,245,
user_00334,prod_00335,view,2026-03-01 11:41:18,sess_a2f249a4,mobile,196,
user_00828,prod_00387,like,2026-01-03 11:41:18,sess_18f958c9,mobile,71,
user_00306,prod_00081,like,2026-02-04 11:41:18,sess_10489a27,mobile,297,
user_00969,prod_00144,view,2026-02-11 11:41:18,sess_79ad9f06,tablet,114,
user_00726,prod_00051,cart,2026-02-14 11:41:18,sess_53fc9f88,tablet,181,
user_00516,prod_00365,view,2026-03-06 11:41:18,sess_cfce8be2,tablet,100,
user_00712,prod_00412,view,2026-03-07 11:41:18,sess_62b302df,desktop,41,
user_00621,prod_00080,view,2026-03-16 11:41:18,sess_3e042b33,tablet,8,
user_00178,prod_00121,like,2026-01-19 11:41:18,sess_5450d7b7,mobile,255,
user_00256,prod_00223,like,2026-02-19 11:41:18,sess_50b8ef05,tablet,257,
user_00043,prod_00194,view,2026-01-10 11:41:18,sess_8f6940f1,mobile,64,
user_00577,prod_00421,view,2026-02-24 11:41:18,sess_c9121bf2,mobile,127,
user_00354,prod_00212,view,2026-02-16 11:41:18,sess_ed71f3a0,mobile,93,
user_00075,prod_00456,like,2026-01-29 11:41:18,sess_6450ab01,mobile,27,
user_00984,prod_00003,view,2026-03-13 11:41:18,sess_699673a1,mobile,70,
user_00057,prod_00184,view,2026-03-09 11:41:18,sess_781ba998,mobile,282,
user_00601,prod_00121,view,2026-03-24 11:41:18,sess_c741c67e,tablet,297,
user_00542,prod_00016,view,2026-03-21 11:41:18,sess_1379c5e3,desktop,64,
user_00856,prod_00435,like,2026-03-07 11:41:18,sess_135c4996,desktop,243,
user_00845,prod_00181,like,2026-03-25 11:41:18,sess_35b97ec2,desktop,219,
user_00332,prod_00030,view,2026-01-09 11:41:18,sess_40a0f926,tablet,262,
user_00374,prod_00237,like,2026-03-05 11:41:18,sess_043469ea,mobile,222,
user_00021,prod_00123,view,2026-01-01 11:41:18,sess_8a56142e,desktop,179,
user_00016,prod_00202,view,2026-01-30 11:41:18,sess_cb23a51a,mobile,183,
user_00159,prod_00433,like,2026-01-12 11:41:18,sess_ab3debd6,desktop,165,
user_00442,prod_00460,view,2026-02-05 11:41:18,sess_b1f4df9e,desktop,244,
user_00407,prod_00396,view,2026-03-15 11:41:18,sess_db3f01f2,desktop,89,
user_00732,prod_00259,view,2026-03-30 11:41:18,sess_9c64a6df,mobile,61,
user_00217,prod_00390,view,2026-02-01 11:41:18,sess_cc765057,tablet,143,
user_00501,prod_00375,view,2026-01-29 11:41:18,sess_ff47c8ed,mobile,264,
user_00832,prod_00092,cart,2026-01-05 11:41:18,sess_ff61640e,tablet,282,
user_00707,prod_00115,view,2026-03-09 11:41:18,sess_557bfd85,tablet,77,
user_00892,prod_00108,view,2026-03-25 11:41:18,sess_43cad46c,mobile,180,
user_00283,prod_00061,view,2026-02-11 11:41:18,sess_d3adb547,desktop,280,
user_00432,prod_00418,view,2025-12-31 11:41:18,sess_aae18012,tablet,30,
user_00037,prod_00010,view,2026-03-15 11:41:18,sess_8f3a5522,tablet,200,
user_00167,prod_00330,view,2026-02-28 11:41:18,sess_6a5aa462,tablet,115,
user_00641,prod_00489,like,2026-02-22 11:41:18,sess_888da653,mobile,70,
user_00405,prod_00497,purchase,2026-02-18 11:41:18,sess_4924312b,tablet,182,3.5
user_00693,prod_00270,view,2026-01-25 11:41:18,sess_8b85c1f7,desktop,194,
user_00511,prod_00396,view,2026-03-18 11:41:18,sess_db76ebc0,tablet,113,
user_00113,prod_00261,like,2026-01-27 11:41:18,sess_82b2165c,mobile,280,
user_00288,prod_00141,view,2026-01-08 11:41:18,sess_05a355c0,desktop,13,
user_00108,prod_00342,view,2026-03-19 11:41:18,sess_a34a0be8,mobile,264,
user_00376,prod_00367,like,2026-01-11 11:41:18,sess_7d5769a2,mobile,87,
user_00974,prod_00207,purchase,2026-02-01 11:41:18,sess_e5bae862,mobile,122,4.4
user_00499,prod_00339,view,2026-02-04 11:41:18,sess_98e226f1,desktop,103,
user_00412,prod_00023,view,2026-01-17 11:41:18,sess_647690f7,desktop,47,
user_00189,prod_00243,view,2026-03-26 11:41:18,sess_74c9a615,tablet,84,
user_00900,prod_00199,view,2026-01-28 11:41:18,sess_3f20bf7d,desktop,165,
user_00429,prod_00435,view,2026-03-28 11:41:18,sess_f010e04b,desktop,64,
user_00518,prod_00223,view,2026-02-12 11:41:18,sess_19996cf8,desktop,211,
user_00885,prod_00431,view,2026-01-18 11:41:18,sess_3b0d0fb3,mobile,286,
user_00592,prod_00067,like,2026-02-03 11:41:18,sess_becab5f2,desktop,117,
user_00370,prod_00288,view,2026-01-26 11:41:18,sess_ca38c2ca,desktop,119,
user_00203,prod_00354,view,2026-02-25 11:41:18,sess_6406bc3f,tablet,73,
user_00514,prod_00323,cart,2026-01-02 11:41:18,sess_054af44b,desktop,66,
user_00676,prod_00244,view,2026-01-20 11:41:18,sess_b1844c08,desktop,116,
user_00257,prod_00462,view,2026-01-14 11:41:18,sess_42285a80,desktop,148,
user_00684,prod_00351,view,2026-02-05 11:41:18,sess_d9126bf2,tablet,298,
user_00681,prod_00079,like,2026-03-29 11:41:18,sess_3b4c30c4,mobile,184,
user_00548,prod_00031,view,2026-01-09 11:41:18,sess_2066f29b,mobile,135,
user_00763,prod_00149,like,2026-02-14 11:41:18,sess_c3b416df,mobile,153,
user_00571,prod_00469,like,2026-03-07 11:41:18,sess_33aa8fd7,desktop,88,
user_00959,prod_00232,view,2026-03-04 11:41:18,sess_5356d5e8,desktop,29,
user_00509,prod_00299,view,2026-01-25 11:41:18,sess_23057aab,mobile,290,
user_00092,prod_00198,view,2026-01-27 11:41:18,sess_d7974046,desktop,53,
user_00123,prod_00004,view,2026-03-08 11:41:18,sess_dfa10f31,mobile,256,
user_00893,prod_00113,view,2026-02-19 11:41:18,sess_0f3f6ba2,desktop,237,
user_00776,prod_00134,view,2026-01-11 11:41:18,sess_320cc01c,mobile,262,
user_00279,prod_00328,view,2026-03-23 11:41:18,sess_c03ce39b,mobile,12,
user_00898,prod_00423,view,2026-03-23 11:41:18,sess_cb8afec5,tablet,91,
user_00739,prod_00061,like,2026-03-29 11:41:18,sess_e7575dd8,mobile,52,
user_00745,prod_00421,like,2026-03-17 11:41:18,sess_0f1f33c9,desktop,290,
user_00886,prod_00372,view,2026-01-30 11:41:18,sess_c283658a,desktop,80,
user_00273,prod_00148,view,2025-12-30 11:41:18,sess_5bbf836a,desktop,152,
user_00331,prod_00194,view,2026-02-19 11:41:18,sess_d753d88e,desktop,292,
user_00588,prod_00456,view,2026-01-01 11:41:18,sess_67154538,tablet,284,
user_00763,prod_00425,view,2026-02-08 11:41:18,sess_291911e5,desktop,231,
user_00317,prod_00250,like,2026-02-21 11:41:18,sess_ff205b03,tablet,241,
user_00760,prod_00353,view,2025-12-31 11:41:18,sess_a3432dc6,tablet,12,
user_00887,prod_00262,view,2026-01-23 11:41:18,sess_df0ad501,mobile,197,
user_00356,prod_00217,view,2026-01-21 11:41:18,sess_d587698c,tablet,198,
user_00557,prod_00455,view,2026-02-07 11:41:18,sess_e45655cf,desktop,65,
user_00395,prod_00374,like,2026-01-03 11:41:18,sess_34a9ba2a,mobile,262,
user_00832,prod_00325,view,2026-02-10 11:41:18,sess_16d85703,desktop,238,
user_00943,prod_00464,like,2026-01-13 11:41:18,sess_423e7444,desktop,231,
user_00680,prod_00489,view,2026-01-30 11:41:18,sess_c75a5dac,desktop,227,
user_00494,prod_00110,view,2026-01-30 11:41:18,sess_8eb5303e,desktop,22,
user_00750,prod_00418,view,2026-03-06 11:41:18,sess_1bd8437b,tablet,132,
user_00800,prod_00244,like,2026-01-30 11:41:18,sess_66cb4f35,desktop,52,
user_00949,prod_00341,view,2026-01-18 11:41:18,sess_4d2cc2e0,tablet,212,
user_00836,prod_00173,view,2026-02-27 11:41:18,sess_ad3fa512,tablet,283,
user_00927,prod_00482,view,2026-02-07 11:41:18,sess_c78f75b7,mobile,189,
user_00160,prod_00042,like,2026-02-27 11:41:18,sess_7f95ea17,mobile,6,
user_00654,prod_00171,view,2026-01-15 11:41:18,sess_7d53569a,mobile,265,
user_00538,prod_00455,like,2026-03-10 11:41:18,sess_0254b41d,tablet,182,
user_00342,prod_00398,view,2026-03-03 11:41:18,sess_3907c457,mobile,267,
user_00536,prod_00276,view,2026-01-02 11:41:18,sess_f842a54e,mobile,229,
user_00613,prod_00375,like,2026-03-29 11:41:18,sess_299d43cd,desktop,70,
user_00193,prod_00351,view,2026-02-22 11:41:18,sess_1eb520ce,mobile,161,
user_00301,prod_00320,view,2026-01-27 11:41:18,sess_23751575,desktop,237,
user_00004,prod_00327,view,2026-02-08 11:41:18,sess_2d8d4181,desktop,68,
user_00115,prod_00361,like,2026-01-09 11:41:18,sess_d0ca55e7,desktop,198,
user_00246,prod_00132,view,2026-03-24 11:41:18,sess_942b81f9,tablet,133,
user_00107,prod_00214,view,2026-01-01 11:41:18,sess_a2eb652f,desktop,238,
user_00183,prod_00137,view,2026-02-10 11:41:18,sess_749fbf99,mobile,291,
user_00681,prod_00253,view,2026-02-27 11:41:18,sess_130f1565,mobile,56,
user_00382,prod_00448,view,2026-03-23 11:41:18,sess_08c6142c,mobile,44,
user_00524,prod_00239,view,2026-03-30 11:41:18,sess_5d5fb8b7,desktop,175,
user_00733,prod_00313,cart,2026-03-20 11:41:18,sess_be7fd2ee,tablet,286,
user_00957,prod_00343,view,2026-03-20 11:41:18,sess_bb4efb38,mobile,58,
user_00569,prod_00299,view,2026-03-26 11:41:18,sess_1db8a064,mobile,164,
user_00395,prod_00056,view,2026-02-21 11:41:18,sess_305517a5,mobile,252,
user_00921,prod_00362,like,2026-02-14 11:41:18,sess_3788a9c6,desktop,158,
user_00336,prod_00044,like,2026-02-15 11:41:18,sess_f57ac47c,desktop,43,
user_00425,prod_00407,cart,2026-01-06 11:41:18,sess_dea7f259,desktop,212,
user_00199,prod_00013,view,2026-03-01 11:41:18,sess_212ca8ea,tablet,215,
user_00733,prod_00158,view,2026-03-24 11:41:18,sess_2bdcc262,desktop,155,
user_00269,prod_00107,view,2026-02-18 11:41:18,sess_dc22e71e,tablet,5,
user_00066,prod_00291,view,2026-03-01 11:41:18,sess_5a67edcc,desktop,137,
user_00473,prod_00011,view,2026-01-11 11:41:18,sess_62c17056,desktop,250,
user_00498,prod_00260,purchase,2026-02-15 11:41:18,sess_8db1dc16,mobile,145,4.8
user_00283,prod_00281,view,2026-01-15 11:41:18,sess_905e667b,mobile,166,
user_00222,prod_00178,view,2026-01-04 11:41:18,sess_cba434cf,desktop,105,
user_00987,prod_00180,like,2026-02-10 11:41:18,sess_0f34e5c0,mobile,83,
user_00616,prod_00365,view,2026-02-07 11:41:18,sess_29fdd876,desktop,55,
user_00799,prod_00463,view,2026-01-31 11:41:18,sess_16c33104,mobile,30,
user_00036,prod_00154,like,2026-02-23 11:41:18,sess_5d5f9f57,mobile,269,
user_00272,prod_00388,like,2026-01-16 11:41:18,sess_e49a8af9,mobile,13,
user_00372,prod_00025,like,2026-01-03 11:41:18,sess_fbabc899,tablet,82,
user_00675,prod_00125,view,2026-01-15 11:41:18,sess_b39f5507,mobile,73,
user_00893,prod_00283,view,2026-03-15 11:41:18,sess_139e6468,mobile,91,
user_00726,prod_00151,view,2026-03-03 11:41:18,sess_ed11df8e,mobile,18,
user_00438,prod_00089,cart,2026-03-03 11:41:18,sess_6000ff86,tablet,92,
user_00275,prod_00187,view,2026-01-16 11:41:18,sess_037eb090,mobile,257,
user_00461,prod_00205,view,2026-01-16 11:41:18,sess_efefd798,desktop,9,
user_00504,prod_00318,view,2026-03-12 11:41:18,sess_3f6b0391,tablet,81,
user_00243,prod_00117,view,2026-02-27 11:41:18,sess_59492894,tablet,112,
user_00371,prod_00106,like,2026-01-20 11:41:18,sess_80c9f141,desktop,75,
user_00736,prod_00160,view,2026-01-08 11:41:18,sess_dc02d892,mobile,144,
user_00736,prod_00476,view,2026-03-17 11:41:18,sess_26fc7c65,desktop,233,
user_00682,prod_00255,like,2026-01-04 11:41:18,sess_ae28a0b4,tablet,280,
user_00178,prod_00040,view,2026-02-09 11:41:18,sess_e3e98c62,tablet,87,
user_00833,prod_00470,view,2026-02-10 11:41:18,sess_f409975f,mobile,254,
user_00005,prod_00109,like,2026-01-05 11:41:18,sess_0c13436d,tablet,229,
user_00900,prod_00119,like,2026-03-13 11:41:18,sess_06c36c86,desktop,86,
user_00877,prod_00222,view,2026-01-18 11:41:18,sess_d2e4a774,tablet,114,
user_00403,prod_00263,view,2026-02-26 11:41:18,sess_5d2509b5,mobile,155,
user_00351,prod_00070,like,2026-01-11 11:41:18,sess_a2b0d09c,mobile,147,
user_00265,prod_00239,view,2026-02-02 11:41:18,sess_bcde5c3e,desktop,164,
user_00220,prod_00140,view,2026-02-14 11:41:18,sess_12961d61,desktop,158,
user_00684,prod_00375,view,2026-02-17 11:41:18,sess_ef981789,mobile,184,
user_00223,prod_00091,view,2026-02-24 11:41:18,sess_a21b63e5,desktop,142,
user_00679,prod_00276,view,2026-02-11 11:41:18,sess_a10a152d,mobile,300,
user_00974,prod_00301,view,2026-03-30 11:41:18,sess_e3fcc8bc,tablet,235,
user_00495,prod_00163,view,2026-01-20 11:41:18,sess_2c722498,mobile,169,
user_00685,prod_00231,like,2026-03-30 11:41:18,sess_0bfdbf7d,mobile,224,
user_00962,prod_00089,view,2026-03-06 11:41:18,sess_9d1a96ee,tablet,234,
user_00455,prod_00064,view,2026-02-22 11:41:18,sess_cb0f2c15,tablet,248,
user_00169,prod_00145,view,2026-03-14 11:41:18,sess_91333b2d,desktop,64,
user_00357,prod_00089,view,2026-02-04 11:41:18,sess_8f093c30,tablet,73,
user_00746,prod_00027,view,2026-03-28 11:41:18,sess_fb1195f9,tablet,247,
user_00657,prod_00258,view,2026-01-24 11:41:18,sess_9ea62543,mobile,92,
user_00037,prod_00298,view,2026-01-09 11:41:18,sess_d1fe5715,mobile,7,
user_00663,prod_00361,like,2026-02-25 11:41:18,sess_cc3dff66,desktop,294,
user_00084,prod_00109,like,2026-03-14 11:41:18,sess_1ab1c766,tablet,10,
user_00172,prod_00162,view,2026-01-03 11:41:18,sess_da50e5ec,mobile,91,
user_00491,prod_00307,like,2026-01-16 11:41:18,sess_e6b356ff,tablet,274,
user_00254,prod_00171,like,2026-03-01 11:41:18,sess_bc13a265,mobile,92,
user_00307,prod_00026,like,2026-03-29 11:41:18,sess_2a111b31,mobile,251,
user_00791,prod_00274,view,2026-02-14 11:41:18,sess_7031b338,mobile,199,
user_00556,prod_00168,view,2026-03-29 11:41:18,sess_0f3d00e9,tablet,266,
user_00913,prod_00288,like,2026-01-20 11:41:18,sess_c88476ad,desktop,64,
user_00969,prod_00184,cart,2026-01-24 11:41:18,sess_9d14e99c,desktop,201,
user_00986,prod_00024,like,2026-01-01 11:41:18,sess_c2438ba1,desktop,300,
user_00288,prod_00471,view,2026-02-02 11:41:18,sess_2f775480,mobile,196,
user_00597,prod_00460,view,2026-02-21 11:41:18,sess_8a285995,tablet,255,
user_00255,prod_00242,view,2026-01-11 11:41:18,sess_94ad1e69,tablet,15,
user_00773,prod_00055,view,2026-01-16 11:41:18,sess_cfee8126,desktop,264,
user_00286,prod_00267,view,2026-03-01 11:41:18,sess_190bc122,tablet,74,
user_00578,prod_00477,view,2026-01-05 11:41:18,sess_ae501189,desktop,256,
user_00077,prod_00172,like,2026-01-17 11:41:18,sess_e3453617,tablet,178,
user_00690,prod_00318,cart,2026-01-15 11:41:18,sess_e8022ba2,desktop,229,
user_00688,prod_00446,view,2026-01-30 11:41:18,sess_26daf213,mobile,47,
user_00760,prod_00330,view,2026-03-06 11:41:18,sess_068d5b54,mobile,210,
user_00835,prod_00115,view,2026-03-16 11:41:18,sess_e60a48f4,tablet,245,
user_00184,prod_00104,view,2026-02-15 11:41:18,sess_a737cd45,tablet,49,
user_00382,prod_00165,view,2026-03-16 11:41:18,sess_fd94d25c,tablet,144,
user_00683,prod_00114,view,2026-03-16 11:41:18,sess_9190a1fc,mobile,180,
user_00312,prod_00075,view,2025-12-31 11:41:18,sess_d9441c9f,tablet,261,
user_00636,prod_00413,view,2026-01-13 11:41:18,sess_c7afabcb,tablet,63,
user_00639,prod_00076,view,2026-01-15 11:41:18,sess_cfca14bc,desktop,65,
user_00488,prod_00106,view,2026-02-09 11:41:18,sess_5f18a6ac,desktop,161,
user_00562,prod_00062,view,2026-03-03 11:41:18,sess_8a0c77ab,desktop,140,
user_00024,prod_00392,view,2026-01-17 11:41:18,sess_f94fed63,tablet,34,
user_00912,prod_00060,view,2026-02-06 11:41:18,sess_d96adbd1,mobile,289,
user_00169,prod_00093,like,2026-02-25 11:41:18,sess_27ccddaf,tablet,165,
user_00083,prod_00342,view,2026-01-27 11:41:18,sess_888043b7,tablet,174,
user_00880,prod_00167,like,2026-02-28 11:41:18,sess_4fab99b6,desktop,290,
user_00925,prod_00405,like,2026-01-12 11:41:18,sess_79a382b6,tablet,136,
user_00547,prod_00490,view,2026-02-22 11:41:18,sess_93f9fee5,tablet,144,
user_00051,prod_00269,view,2026-03-22 11:41:18,sess_b533dc4e,mobile,7,
user_00427,prod_00301,view,2026-01-20 11:41:18,sess_525149cb,mobile,279,
user_00719,prod_00111,like,2026-02-08 11:41:18,sess_b03023e1,desktop,91,
user_00399,prod_00410,view,2025-12-31 11:41:18,sess_8590dbf7,mobile,29,
user_00458,prod_00178,view,2026-01-16 11:41:18,sess_9aa994fc,tablet,18,
user_00672,prod_00485,view,2026-01-23 11:41:18,sess_07648f46,mobile,35,
user_00385,prod_00230,view,2026-03-17 11:41:18,sess_8fb9ccb1,desktop,197,
user_00379,prod_00051,like,2026-03-27 11:41:18,sess_35b5c648,tablet,200,
user_00337,prod_00111,view,2026-02-24 11:41:18,sess_8c6e56d4,desktop,187,
user_00730,prod_00273,view,2026-03-20 11:41:18,sess_27e3d7d9,tablet,191,
user_00889,prod_00432,view,2026-02-16 11:41:18,sess_014c4596,desktop,294,
user_00988,prod_00126,like,2026-03-12 11:41:18,sess_34dbd033,desktop,269,
user_00562,prod_00264,view,2026-01-09 11:41:18,sess_9ed860da,tablet,290,
user_00895,prod_00193,view,2026-03-20 11:41:18,sess_680ec8df,tablet,242,
user_00041,prod_00322,view,2026-01-09 11:41:18,sess_776be9be,tablet,66,
user_00476,prod_00379,view,2026-03-08 11:41:18,sess_86fe85f1,desktop,176,
user_00940,prod_00272,view,2026-01-10 11:41:18,sess_1e553ed2,tablet,64,
user_00170,prod_00378,view,2026-03-18 11:41:18,sess_b9dee7a7,desktop,53,
user_00559,prod_00016,like,2026-02-25 11:41:18,sess_8e61b375,desktop,244,
user_00446,prod_00401,view,2026-01-05 11:41:18,sess_8bb17fc3,mobile,181,
user_00623,prod_00228,view,2026-03-19 11:41:18,sess_53fedfde,mobile,178,
user_00263,prod_00153,view,2026-02-02 11:41:18,sess_4c4a338a,tablet,185,
user_00090,prod_00305,view,2026-01-16 11:41:18,sess_62c86fb4,tablet,14,
user_00994,prod_00433,like,2026-01-01 11:41:18,sess_8163fbc7,tablet,15,
user_00343,prod_00156,view,2026-01-16 11:41:18,sess_d65292a7,desktop,92,
user_00665,prod_00381,view,2026-03-16 11:41:18,sess_914ed644,desktop,183,
user_00253,prod_00283,like,2026-01-15 11:41:18,sess_5a0048a7,tablet,29,
user_00469,prod_00462,view,2026-02-07 11:41:18,sess_abb17022,desktop,187,
user_00719,prod_00078,view,2026-03-07 11:41:18,sess_2f7ff931,mobile,128,
user_00107,prod_00429,view,2026-01-14 11:41:18,sess_a323e835,desktop,9,
user_00415,prod_00472,cart,2026-03-14 11:41:18,sess_2efa8c25,desktop,193,
user_00776,prod_00030,view,2026-03-01 11:41:18,sess_9f131823,desktop,119,
user_00336,prod_00022,cart,2026-03-17 11:41:18,sess_7449622d,tablet,76,
user_00150,prod_00236,like,2026-01-12 11:41:18,sess_30d20292,tablet,122,
user_00367,prod_00093,view,2026-01-30 11:41:18,sess_ec7dd2bd,tablet,234,
user_00178,prod_00440,view,2026-01-25 11:41:18,sess_f68dda99,mobile,109,
user_00131,prod_00406,view,2026-02-16 11:41:18,sess_e964318b,tablet,138,
user_00961,prod_00070,purchase,2026-01-19 11:41:18,sess_f25911dd,mobile,114,1.8
user_00794,prod_00435,view,2026-03-23 11:41:18,sess_7c3df55b,mobile,90,
user_00333,prod_00442,view,2026-02-07 11:41:18,sess_f3fe070c,desktop,163,
user_00018,prod_00400,view,2026-02-11 11:41:18,sess_1caf6cfa,mobile,124,
user_00116,prod_00390,view,2026-02-21 11:41:18,sess_66804af4,tablet,264,
user_00226,prod_00166,view,2026-01-18 11:41:18,sess_727f43a8,desktop,178,
user_00198,prod_00352,like,2026-02-28 11:41:18,sess_65cad5cf,mobile,198,
user_00295,prod_00289,view,2026-03-11 11:41:18,sess_2f3a76d1,tablet,217,
user_00260,prod_00187,like,2026-01-11 11:41:18,sess_2c944852,mobile,29,
user_00213,prod_00068,view,2026-01-19 11:41:18,sess_7477cb1c,tablet,267,
user_00048,prod_00239,view,2026-03-11 11:41:18,sess_2648e478,mobile,176,
user_00345,prod_00251,purchase,2026-03-13 11:41:18,sess_af1c053d,desktop,56,1.7
user_00558,prod_00280,like,2026-01-06 11:41:18,sess_9f54e9fc,mobile,245,
user_00589,prod_00366,view,2026-02-20 11:41:18,sess_9d7978d2,desktop,180,
user_00645,prod_00188,like,2026-02-10 11:41:18,sess_80fde112,mobile,181,
user_00207,prod_00211,cart,2026-03-15 11:41:18,sess_9fe9fb11,tablet,74,
user_00045,prod_00117,like,2026-02-24 11:41:18,sess_166aea19,mobile,232,
user_00349,prod_00195,like,2026-03-08 11:41:18,sess_4aefcfa4,mobile,7,
user_00049,prod_00479,view,2026-03-08 11:41:18,sess_fb8c3946,mobile,123,
user_00992,prod_00492,view,2026-02-09 11:41:18,sess_dd53ce22,desktop,121,
user_00223,prod_00339,like,2026-03-20 11:41:18,sess_e964573a,tablet,236,
user_00642,prod_00381,cart,2026-02-18 11:41:18,sess_9b3b7afb,mobile,87,
user_00453,prod_00386,like,2026-01-15 11:41:18,sess_52807d7c,mobile,33,
user_00432,prod_00416,view,2026-02-26 11:41:18,sess_710a6cdd,mobile,29,
user_00650,prod_00488,cart,2026-01-01 11:41:18,sess_8758b710,mobile,43,
user_00042,prod_00040,view,2026-03-16 11:41:18,sess_13f9a82a,mobile,139,
user_00402,prod_00019,like,2026-02-19 11:41:18,sess_7c930156,tablet,179,
user_00848,prod_00199,view,2026-02-07 11:41:18,sess_53bf621e,tablet,182,
user_00092,prod_00011,view,2026-01-13 11:41:18,sess_bad24502,desktop,112,
user_00484,prod_00352,view,2025-12-30 11:41:18,sess_4e957d34,tablet,122,
user_00846,prod_00294,cart,2026-02-15 11:41:18,sess_aff47b94,mobile,97,
user_00315,prod_00138,view,2026-02-06 11:41:18,sess_268f8bea,tablet,228,
user_00366,prod_00237,like,2026-02-13 11:41:18,sess_72b00e19,tablet,89,
user_00568,prod_00291,view,2026-02-28 11:41:18,sess_6de0b96b,mobile,90,
user_00895,prod_00336,view,2026-02-28 11:41:18,sess_379ee639,desktop,237,
user_00268,prod_00298,like,2026-02-25 11:41:18,sess_39626a9f,tablet,243,
user_00558,prod_00349,view,2026-03-12 11:41:18,sess_e26c2cee,mobile,114,
user_00659,prod_00366,view,2026-01-08 11:41:18,sess_7042e40d,tablet,153,
user_00286,prod_00233,view,2026-01-22 11:41:18,sess_7b26ae8f,desktop,207,
user_00797,prod_00318,view,2026-02-16 11:41:18,sess_51d20f59,mobile,139,
user_00182,prod_00061,view,2026-01-10 11:41:18,sess_ce4a3be0,tablet,52,
user_00263,prod_00068,like,2026-01-15 11:41:18,sess_3d9e3221,mobile,143,
user_00240,prod_00463,view,2026-02-22 11:41:18,sess_1730b6a6,tablet,208,
user_00119,prod_00483,view,2026-01-13 11:41:18,sess_972d120f,desktop,170,
user_00271,prod_00188,like,2026-03-04 11:41:18,sess_369fe27b,desktop,93,
user_00859,prod_00494,like,2026-01-04 11:41:18,sess_98f213cf,mobile,35,
user_00967,prod_00318,view,2026-02-28 11:41:18,sess_83a0dce0,tablet,114,
user_00262,prod_00205,view,2026-01-28 11:41:18,sess_f7719dc9,desktop,113,
user_00577,prod_00060,like,2026-03-06 11:41:18,sess_8e14ff4d,tablet,85,
user_00530,prod_00479,view,2026-03-04 11:41:18,sess_a9698ad7,tablet,169,
user_00014,prod_00227,view,2026-02-20 11:41:18,sess_723e7d0a,tablet,169,
user_00348,prod_00006,view,2026-01-24 11:41:18,sess_93533435,mobile,182,
user_00097,prod_00351,view,2026-03-13 11:41:18,sess_bdc67180,desktop,262,
user_00342,prod_00203,view,2026-01-29 11:41:18,sess_7fdde21c,tablet,206,
user_00949,prod_00083,like,2026-01-25 11:41:18,sess_1462fa2f,mobile,161,
user_00276,prod_00447,view,2026-02-14 11:41:18,sess_b8a65838,mobile,142,
user_00607,prod_00309,view,2026-01-06 11:41:18,sess_71214558,mobile,40,
user_00304,prod_00133,like,2026-02-17 11:41:18,sess_0361121e,desktop,175,
user_00819,prod_00002,view,2026-03-12 11:41:18,sess_367e7b16,mobile,42,
user_00930,prod_00316,view,2026-03-04 11:41:18,sess_96d52b9e,mobile,70,
user_00996,prod_00028,like,2026-01-23 11:41:18,sess_3939ca37,tablet,124,
user_00025,prod_00290,view,2026-03-07 11:41:18,sess_8be417d7,mobile,25,
user_00169,prod_00368,like,2026-01-14 11:41:18,sess_ec7cb356,desktop,28,
user_00840,prod_00409,like,2026-01-19 11:41:18,sess_43220dd8,mobile,198,
user_00725,prod_00210,view,2026-01-02 11:41:18,sess_e35a394f,mobile,8,
user_00613,prod_00484,view,2026-02-17 11:41:18,sess_becb7230,tablet,155,
user_00595,prod_00338,view,2026-01-04 11:41:18,sess_3e8e349a,tablet,184,
user_00606,prod_00010,view,2026-03-03 11:41:18,sess_a64ad560,desktop,175,
user_00939,prod_00097,view,2026-02-15 11:41:18,sess_3f60400f,mobile,134,
user_00702,prod_00102,like,2026-01-30 11:41:18,sess_9bc78890,mobile,223,
user_00487,prod_00325,purchase,2026-01-09 11:41:18,sess_973059f3,mobile,142,3.1
user_00188,prod_00062,view,2026-02-25 11:41:18,sess_7fef535c,desktop,257,
user_00185,prod_00010,view,2026-03-01 11:41:18,sess_e8ad9bed,mobile,56,
user_00407,prod_00415,purchase,2026-02-09 11:41:18,sess_a5af0724,tablet,150,4.2
user_00015,prod_00181,cart,2026-03-10 11:41:18,sess_a2bfd3ce,mobile,291,
user_00515,prod_00145,like,2026-01-21 11:41:18,sess_586a46b6,tablet,291,
user_00749,prod_00365,like,2026-03-18 11:41:18,sess_78071e9d,mobile,209,
user_00648,prod_00348,like,2026-01-22 11:41:18,sess_efd45725,desktop,150,
user_00978,prod_00160,view,2026-03-08 11:41:18,sess_f11052f0,tablet,113,
user_00765,prod_00218,like,2026-02-03 11:41:18,sess_b42d6387,mobile,232,
user_00019,prod_00236,view,2026-02-25 11:41:18,sess_bfd048f8,tablet,76,
user_00918,prod_00015,like,2026-02-14 11:41:18,sess_8372b527,mobile,98,
user_00666,prod_00318,cart,2026-02-02 11:41:18,sess_4104d828,tablet,121,
user_00617,prod_00466,view,2026-01-18 11:41:18,sess_b26641f1,tablet,47,
user_00049,prod_00477,view,2026-01-15 11:41:18,sess_b397c23f,mobile,183,
user_00791,prod_00306,like,2026-02-21 11:41:18,sess_92bfcd04,tablet,233,
user_00536,prod_00145,view,2026-02-19 11:41:18,sess_71936c11,desktop,58,
user_00267,prod_00004,view,2026-01-16 11:41:18,sess_79d03475,desktop,44,
user_00332,prod_00358,view,2026-03-10 11:41:18,sess_83f0de18,mobile,63,
user_00958,prod_00331,view,2026-01-15 11:41:18,sess_8493ebc6,mobile,37,
user_00408,prod_00284,view,2026-02-19 11:41:18,sess_f468aae5,tablet,249,
user_00868,prod_00207,view,2026-01-10 11:41:18,sess_49b85b8c,tablet,163,
user_00483,prod_00397,view,2026-02-18 11:41:18,sess_ea89ba1a,tablet,300,
user_00191,prod_00393,view,2026-02-10 11:41:18,sess_6385d618,desktop,238,
user_00285,prod_00053,view,2026-02-02 11:41:18,sess_fad4cca4,desktop,213,
user_00753,prod_00193,view,2026-02-05 11:41:18,sess_ea37f6f9,mobile,231,
user_00104,prod_00194,view,2026-03-22 11:41:18,sess_e7822ca6,tablet,63,
user_00097,prod_00491,like,2026-03-13 11:41:18,sess_5f801779,desktop,41,
user_00928,prod_00254,view,2026-01-26 11:41:18,sess_8ebe7e09,desktop,256,
user_00561,prod_00084,view,2026-02-27 11:41:18,sess_4a5a1137,desktop,109,
user_00178,prod_00167,view,2026-03-20 11:41:18,sess_68c3d1cd,mobile,89,
user_00674,prod_00474,view,2026-02-24 11:41:18,sess_e60abf01,tablet,39,
user_00277,prod_00040,view,2026-03-14 11:41:18,sess_646e78d3,mobile,46,
user_00663,prod_00233,view,2025-12-31 11:41:18,sess_b6ae077b,tablet,52,
user_00321,prod_00352,view,2026-03-18 11:41:18,sess_310db3b5,tablet,145,
user_00908,prod_00067,cart,2026-03-22 11:41:18,sess_ef731432,mobile,136,
user_00330,prod_00412,view,2026-01-28 11:41:18,sess_5906708b,tablet,9,
user_00522,prod_00496,cart,2026-03-07 11:41:18,sess_0080c7d7,desktop,269,
user_00660,prod_00403,view,2026-03-06 11:41:18,sess_8e60de9c,desktop,152,
user_00168,prod_00169,view,2026-02-19 11:41:18,sess_3408751d,tablet,241,
user_00063,prod_00486,view,2026-03-17 11:41:18,sess_4d76123e,tablet,168,
user_00844,prod_00406,view,2026-02-03 11:41:18,sess_43e7da22,tablet,72,
user_00944,prod_00442,view,2025-12-31 11:41:18,sess_c60352e5,mobile,297,
user_00471,prod_00077,like,2026-01-23 11:41:18,sess_45564b04,tablet,229,
user_01000,prod_00014,like,2026-02-20 11:41:18,sess_c7729948,tablet,146,
user_00359,prod_00119,purchase,2026-03-08 11:41:18,sess_079db461,tablet,15,3.8
user_00978,prod_00263,view,2026-01-13 11:41:18,sess_ef6f70c2,tablet,28,
user_00980,prod_00071,view,2026-03-11 11:41:18,sess_378b4aef,desktop,269,
user_00205,prod_00215,view,2026-01-19 11:41:18,sess_a0c5d58f,tablet,146,
user_00633,prod_00460,view,2026-01-03 11:41:18,sess_20e0d4a3,desktop,239,
user_00614,prod_00029,view,2026-02-17 11:41:18,sess_1241394c,mobile,182,
user_00241,prod_00459,view,2026-03-09 11:41:18,sess_f97bb6f9,desktop,14,
user_00857,prod_00389,view,2026-01-20 11:41:18,sess_31cd2e55,mobile,132,
user_00700,prod_00265,view,2026-01-02 11:41:18,sess_93f86aef,mobile,12,
user_00699,prod_00326,view,2026-01-21 11:41:18,sess_b01cbcee,mobile,220,
user_00654,prod_00247,view,2026-02-04 11:41:18,sess_68878d93,desktop,165,
user_00208,prod_00003,view,2026-03-09 11:41:18,sess_7f257b8b,mobile,70,
user_00527,prod_00281,view,2026-03-28 11:41:18,sess_75e94bbf,mobile,168,
user_00840,prod_00275,like,2026-03-11 11:41:18,sess_248b508e,mobile,90,
user_00507,prod_00074,view,2026-03-13 11:41:18,sess_bcc4f210,desktop,41,
user_00921,prod_00394,like,2026-01-07 11:41:18,sess_68bddd79,tablet,46,
user_00261,prod_00388,view,2026-01-04 11:41:18,sess_eb5f5300,mobile,89,
user_00220,prod_00352,view,2026-01-25 11:41:18,sess_becdacfe,tablet,159,
user_00436,prod_00387,view,2026-01-15 11:41:18,sess_4d8a8c31,tablet,232,
user_00084,prod_00024,like,2026-03-16 11:41:18,sess_395afa90,mobile,121,
user_00457,prod_00480,like,2026-02-25 11:41:18,sess_adcafc1c,desktop,187,
user_00846,prod_00155,view,2026-03-11 11:41:18,sess_6444111f,desktop,19,
user_00732,prod_00027,like,2026-01-08 11:41:18,sess_b75d1049,tablet,257,
user_00822,prod_00135,view,2026-03-08 11:41:18,sess_d054ffa9,tablet,180,
user_00629,prod_00350,view,2026-03-03 11:41:18,sess_9b361912,desktop,134,
user_00528,prod_00441,view,2026-01-22 11:41:18,sess_c5883176,mobile,229,
user_00860,prod_00138,view,2026-03-24 11:41:18,sess_f9402ea8,mobile,209,
user_00675,prod_00003,view,2026-01-31 11:41:18,sess_b1d698c0,desktop,129,
user_00978,prod_00223,view,2026-02-12 11:41:18,sess_95e0ecd7,tablet,187,
user_00596,prod_00266,like,2026-02-18 11:41:18,sess_befc5b3e,desktop,124,
user_00232,prod_00120,like,2026-01-14 11:41:18,sess_57497d60,mobile,99,
user_00253,prod_00274,cart,2026-02-03 11:41:18,sess_10d16eb4,tablet,153,
user_00696,prod_00426,view,2026-03-17 11:41:18,sess_fe5da5db,tablet,91,
user_00475,prod_00481,view,2026-01-03 11:41:18,sess_6f261057,mobile,241,
user_00621,prod_00324,view,2026-01-20 11:41:18,sess_738b02e5,mobile,299,
user_00817,prod_00315,view,2026-02-25 11:41:18,sess_fb801ab0,tablet,73,
user_00773,prod_00233,view,2026-02-01 11:41:18,sess_e05df5b2,tablet,130,
user_00920,prod_00499,view,2026-03-20 11:41:18,sess_9b29ad26,desktop,16,
user_00066,prod_00058,view,2026-02-16 11:41:18,sess_b54a2103,desktop,205,
user_00466,prod_00236,view,2026-02-11 11:41:18,sess_3ba7cdab,mobile,27,
user_00912,prod_00215,like,2026-01-12 11:41:18,sess_a3642f44,tablet,265,
user_00578,prod_00022,like,2026-01-27 11:41:18,sess_03b73b8b,tablet,268,
user_00054,prod_00121,like,2026-01-16 11:41:18,sess_177eb0fc,mobile,117,
user_00691,prod_00347,cart,2026-03-03 11:41:18,sess_d7b36bd6,mobile,159,
user_00124,prod_00460,cart,2026-02-18 11:41:18,sess_e2f06ce6,tablet,165,
user_00809,prod_00351,like,2026-03-23 11:41:18,sess_c64dc8e4,mobile,265,
user_00966,prod_00439,view,2026-02-11 11:41:18,sess_0935edbf,desktop,110,
user_00108,prod_00424,view,2026-03-02 11:41:18,sess_dc64a8de,mobile,82,
user_00955,prod_00365,cart,2026-02-24 11:41:18,sess_86da5a78,tablet,268,
user_00642,prod_00440,like,2026-01-17 11:41:18,sess_3d9ab805,tablet,241,
user_00234,prod_00071,view,2026-03-13 11:41:18,sess_379ae117,desktop,273,
user_00040,prod_00319,like,2026-01-05 11:41:18,sess_efad78d1,tablet,281,
user_00406,prod_00108,view,2026-02-05 11:41:18,sess_1e69738c,mobile,20,
user_00284,prod_00488,like,2026-03-25 11:41:18,sess_ce2ae740,mobile,282,
user_00066,prod_00437,view,2026-01-16 11:41:18,sess_57791b89,desktop,284,
user_00403,prod_00246,view,2026-02-10 11:41:18,sess_48e0bd26,tablet,280,
user_00768,prod_00209,view,2026-02-23 11:41:18,sess_70431e09,tablet,37,
user_00123,prod_00280,view,2026-03-17 11:41:18,sess_dfbac5dc,desktop,139,
user_00685,prod_00086,like,2026-01-31 11:41:18,sess_2dc74084,mobile,12,
user_00755,prod_00053,view,2026-03-13 11:41:18,sess_117d1382,desktop,262,
user_00309,prod_00090,view,2026-03-10 11:41:18,sess_1e95d964,tablet,248,
user_00950,prod_00500,view,2026-02-11 11:41:18,sess_ba7570e9,mobile,63,
user_00704,prod_00177,view,2026-01-04 11:41:18,sess_a475dd61,mobile,128,
user_00071,prod_00444,purchase,2026-02-09 11:41:18,sess_ee8dcf35,desktop,124,3.2
user_00428,prod_00237,like,2026-01-30 11:41:18,sess_ba9000df,desktop,243,
user_00113,prod_00335,view,2026-02-13 11:41:18,sess_2b64dd56,mobile,159,
user_00976,prod_00202,view,2026-02-02 11:41:18,sess_0dda6969,desktop,36,
user_00629,prod_00196,view,2026-01-07 11:41:18,sess_a1347d14,tablet,228,
user_00801,prod_00321,view,2026-01-01 11:41:18,sess_82ee6a00,desktop,210,
user_00808,prod_00082,view,2026-01-26 11:41:18,sess_0590c291,desktop,103,
user_00399,prod_00394,view,2026-01-13 11:41:18,sess_c54f9e7e,mobile,283,
user_00932,prod_00033,cart,2026-01-28 11:41:18,sess_12c0a3ee,tablet,246,
user_00554,prod_00122,like,2026-02-06 11:41:18,sess_4db02e26,mobile,249,
user_00655,prod_00129,view,2026-01-27 11:41:18,sess_aa543509,tablet,29,
user_00213,prod_00467,view,2026-03-23 11:41:18,sess_e360dbf7,tablet,268,
user_00091,prod_00320,view,2026-01-03 11:41:18,sess_8ff80b54,mobile,87,
user_00487,prod_00499,view,2026-02-11 11:41:18,sess_ff0bfbde,desktop,184,
user_00744,prod_00496,like,2026-02-02 11:41:18,sess_607aa8da,tablet,258,
user_00727,prod_00308,view,2026-02-02 11:41:18,sess_777c70e2,tablet,240,
user_00945,prod_00418,view,2026-03-27 11:41:18,sess_2818529e,desktop,205,
user_00572,prod_00199,view,2026-01-16 11:41:18,sess_df675c78,tablet,138,
user_00129,prod_00445,view,2026-02-10 11:41:18,sess_c1184d11,mobile,116,
user_00484,prod_00220,view,2026-02-10 11:41:18,sess_6a46f626,mobile,292,
user_00135,prod_00163,like,2026-01-26 11:41:18,sess_5231fccb,tablet,19,
user_00615,prod_00036,view,2026-03-21 11:41:18,sess_2def6b4e,mobile,47,
user_00966,prod_00083,view,2026-01-18 11:41:18,sess_275f8fcc,mobile,192,
user_00445,prod_00245,view,2026-02-09 11:41:18,sess_1a0ad194,mobile,92,
user_00727,prod_00167,view,2026-03-06 11:41:18,sess_cde57ab7,desktop,219,
user_00134,prod_00409,view,2026-01-27 11:41:18,sess_df15b0fd,tablet,98,
user_00817,prod_00278,purchase,2026-03-18 11:41:18,sess_88325f84,mobile,186,4.5
user_00136,prod_00030,view,2026-03-07 11:41:18,sess_07f44cd8,mobile,293,
user_00072,prod_00277,view,2026-01-06 11:41:18,sess_c2bb91bf,mobile,83,
user_00299,prod_00247,view,2026-02-03 11:41:18,sess_bc4ba4a4,tablet,243,
user_00526,prod_00106,view,2026-03-18 11:41:18,sess_f37efcfd,desktop,91,
user_00612,prod_00382,view,2026-01-11 11:41:18,sess_95e90f7b,mobile,248,
user_00359,prod_00042,view,2026-01-02 11:41:18,sess_5bf9ca00,tablet,137,
user_00544,prod_00058,cart,2026-01-13 11:41:18,sess_33a0e8d2,tablet,199,
user_00507,prod_00289,view,2026-02-17 11:41:18,sess_e1716c43,mobile,83,
user_00003,prod_00261,like,2026-01-24 11:41:18,sess_de4f22a3,desktop,51,
user_00929,prod_00292,view,2026-02-07 11:41:18,sess_05112a49,tablet,153,
user_00772,prod_00350,view,2026-01-15 11:41:18,sess_7367c655,mobile,134,
user_00056,prod_00480,view,2026-01-30 11:41:18,sess_bfa7f204,desktop,94,
user_00562,prod_00232,view,2026-02-15 11:41:18,sess_8e469677,desktop,169,
user_00049,prod_00066,view,2026-02-27 11:41:18,sess_f24ee9d1,tablet,65,
user_00678,prod_00081,like,2026-02-22 11:41:18,sess_3e1a1808,tablet,296,
user_00829,prod_00188,view,2026-02-27 11:41:18,sess_a009a6ac,tablet,11,
user_00464,prod_00296,view,2026-02-16 11:41:18,sess_572ed63b,desktop,224,
user_00481,prod_00495,view,2026-01-10 11:41:18,sess_767c3838,desktop,231,
user_00683,prod_00249,view,2026-02-02 11:41:18,sess_ce892a2a,desktop,46,
user_00417,prod_00104,view,2026-03-07 11:41:18,sess_54d16fea,desktop,252,
user_00637,prod_00473,view,2026-01-01 11:41:18,sess_95b5dfa6,tablet,24,
user_00471,prod_00107,like,2026-03-16 11:41:18,sess_a9787a2b,desktop,204,
user_00281,prod_00273,view,2026-03-22 11:41:18,sess_a5fc1459,desktop,187,
user_00311,prod_00129,view,2026-03-07 11:41:18,sess_e793fc70,tablet,45,
user_00935,prod_00484,view,2026-03-28 11:41:18,sess_afdaac24,tablet,171,
user_00766,prod_00268,view,2026-03-21 11:41:18,sess_5504fe7f,tablet,143,
user_00585,prod_00092,view,2026-02-17 11:41:18,sess_40d6b1cd,tablet,210,
user_00035,prod_00364,view,2026-01-14 11:41:18,sess_e3a3a753,mobile,187,
user_00925,prod_00033,view,2026-02-20 11:41:18,sess_83c64511,tablet,212,
user_00194,prod_00213,like,2026-02-26 11:41:18,sess_6b6f4a41,desktop,22,
user_00486,prod_00004,view,2026-01-04 11:41:18,sess_4530b5a0,tablet,58,
user_00499,prod_00192,view,2026-03-10 11:41:18,sess_88b99f0f,desktop,38,
user_00902,prod_00496,view,2026-02-25 11:41:18,sess_4647ec18,desktop,208,
user_00206,prod_00474,like,2026-02-08 11:41:18,sess_1d0f43a3,mobile,96,
user_00432,prod_00172,view,2026-01-12 11:41:18,sess_d6ef55f0,tablet,254,
user_00369,prod_00172,view,2026-01-29 11:41:18,sess_2db7a353,tablet,249,
user_00552,prod_00478,view,2026-02-05 11:41:18,sess_814b896f,tablet,27,
user_00639,prod_00208,view,2026-01-16 11:41:18,sess_a01454a8,tablet,264,
user_00567,prod_00229,view,2025-12-30 11:41:18,sess_9d7812f2,desktop,104,
user_00811,prod_00093,view,2026-02-01 11:41:18,sess_e10b7243,tablet,170,
user_00301,prod_00163,view,2026-01-28 11:41:18,sess_d9b31a47,tablet,241,
user_00024,prod_00204,view,2026-01-08 11:41:18,sess_9c8e8b21,desktop,178,
user_00566,prod_00370,view,2026-02-11 11:41:18,sess_d7deda16,desktop,150,
user_00771,prod_00484,like,2026-02-19 11:41:18,sess_88d483a7,mobile,41,
user_00744,prod_00423,view,2026-03-11 11:41:18,sess_c3ad3e38,desktop,237,
user_00053,prod_00468,like,2026-02-09 11:41:18,sess_f62ba72a,mobile,204,
user_00411,prod_00455,view,2026-02-11 11:41:18,sess_89943af7,mobile,235,
user_00828,prod_00301,view,2026-01-18 11:41:18,sess_67951987,desktop,135,
user_00408,prod_00122,view,2026-02-23 11:41:18,sess_340b6ade,tablet,214,
user_00041,prod_00205,view,2026-01-17 11:41:18,sess_1b301a42,mobile,87,
user_00245,prod_00249,view,2026-01-21 11:41:18,sess_4c82b828,mobile,268,
user_00534,prod_00104,view,2026-03-19 11:41:18,sess_a4bab311,desktop,132,
user_00667,prod_00080,like,2026-01-02 11:41:18,sess_ddbd5795,mobile,261,
user_00821,prod_00480,like,2026-02-04 11:41:18,sess_277d4265,desktop,169,
user_00213,prod_00133,view,2025-12-31 11:41:18,sess_4f73de4b,mobile,22,
user_00582,prod_00011,view,2026-01-21 11:41:18,sess_c93027aa,mobile,5,
user_00041,prod_00011,like,2026-03-19 11:41:18,sess_0de3a4fc,desktop,292,
user_00014,prod_00261,like,2025-12-30 11:41:18,sess_de7da2cf,tablet,40,
user_00401,prod_00499,like,2026-02-14 11:41:18,sess_36513e11,mobile,80,
user_00885,prod_00375,purchase,2026-03-20 11:41:18,sess_f1785341,mobile,73,4.3
user_00588,prod_00060,like,2026-01-15 11:41:18,sess_e7e26e71,mobile,251,
user_00075,prod_00491,like,2026-02-10 11:41:18,sess_5ee668aa,mobile,152,
user_00140,prod_00311,view,2026-03-27 11:41:18,sess_97882db6,mobile,29,
user_00783,prod_00385,cart,2026-02-02 11:41:18,sess_44f1fbfe,desktop,155,
user_00316,prod_00203,view,2026-02-21 11:41:18,sess_8dc207ba,tablet,197,
user_00272,prod_00295,view,2026-02-17 11:41:18,sess_b509e81b,mobile,238,
user_00561,prod_00389,view,2026-03-14 11:41:18,sess_377c306e,mobile,118,
user_00119,prod_00439,like,2026-02-10 11:41:18,sess_f1e386f9,mobile,57,
user_00858,prod_00251,view,2026-03-27 11:41:18,sess_d86f3fa5,tablet,118,
user_00464,prod_00179,view,2026-02-10 11:41:18,sess_06d6cb23,desktop,292,
user_00751,prod_00378,view,2026-01-22 11:41:18,sess_08fa8dec,tablet,300,
user_00574,prod_00096,view,2026-01-31 11:41:18,sess_52ef6569,tablet,103,
user_00977,prod_00332,view,2026-02-08 11:41:18,sess_b5ce3564,mobile,86,
user_00832,prod_00270,view,2026-02-06 11:41:18,sess_66262c66,mobile,189,
user_00376,prod_00472,view,2026-03-28 11:41:18,sess_5db87fa1,mobile,77,
user_00068,prod_00337,view,2026-01-03 11:41:18,sess_37f636f1,tablet,183,
user_00133,prod_00165,like,2026-03-30 11:41:18,sess_4607ab8e,mobile,298,
user_00397,prod_00187,view,2026-01-27 11:41:18,sess_e1d60777,mobile,177,
user_00811,prod_00494,like,2026-01-17 11:41:18,sess_f427c49b,mobile,138,
user_00321,prod_00076,view,2026-03-26 11:41:18,sess_cd1ef884,tablet,109,
user_00517,prod_00280,view,2026-02-01 11:41:18,sess_8b00ebae,mobile,131,
user_00858,prod_00382,view,2026-02-22 11:41:18,sess_8e88df73,mobile,39,
user_00145,prod_00490,cart,2026-02-22 11:41:18,sess_8a5b7a2a,desktop,282,
user_00497,prod_00312,view,2026-03-20 11:41:18,sess_c83ea2a5,mobile,35,
user_00539,prod_00146,view,2026-03-08 11:41:18,sess_18f5befb,desktop,174,
user_00725,prod_00222,like,2026-01-07 11:41:18,sess_ad30ef09,desktop,141,
user_00291,prod_00413,view,2026-03-28 11:41:18,sess_30b1f53f,desktop,200,
user_00510,prod_00110,view,2025-12-31 11:41:18,sess_76e3a35d,tablet,215,
user_00773,prod_00294,view,2026-03-29 11:41:18,sess_352d5103,desktop,133,
user_00696,prod_00265,view,2026-02-28 11:41:18,sess_29c4c810,desktop,273,
user_00987,prod_00399,like,2026-01-05 11:41:18,sess_a6c9afbb,desktop,47,
user_00474,prod_00449,view,2026-03-24 11:41:18,sess_409efc83,desktop,242,
user_00495,prod_00012,view,2026-03-05 11:41:18,sess_16743b68,tablet,8,
user_00704,prod_00486,view,2026-01-30 11:41:18,sess_37fae815,mobile,92,
user_00371,prod_00176,view,2026-01-31 11:41:18,sess_bd684e10,tablet,162,
user_00222,prod_00286,view,2026-02-08 11:41:18,sess_743fb39b,mobile,70,
user_00346,prod_00030,like,2026-01-31 11:41:18,sess_c98a1e7f,mobile,75,
user_00917,prod_00487,cart,2026-02-06 11:41:18,sess_318133e6,desktop,222,
user_00495,prod_00187,view,2026-03-23 11:41:18,sess_370cad8a,tablet,172,
user_00758,prod_00152,view,2026-01-01 11:41:18,sess_966be721,mobile,36,
user_00218,prod_00300,view,2026-03-25 11:41:18,sess_acb9551d,mobile,15,
user_00283,prod_00387,view,2026-03-26 11:41:18,sess_655dc563,desktop,27,
user_00598,prod_00277,like,2026-02-26 11:41:18,sess_74cd16c7,mobile,214,
user_00714,prod_00011,like,2026-02-07 11:41:18,sess_4dd55089,tablet,154,
user_00683,prod_00270,view,2026-01-23 11:41:18,sess_6baf466a,tablet,160,
user_00160,prod_00084,view,2026-01-30 11:41:18,sess_b1b588b3,desktop,204,
user_00536,prod_00181,view,2026-01-01 11:41:18,sess_56c0c22d,desktop,155,
user_00320,prod_00497,view,2026-01-26 11:41:18,sess_154fffe6,desktop,179,
user_00024,prod_00045,view,2026-02-12 11:41:18,sess_63c29820,mobile,213,
user_00845,prod_00226,view,2026-03-13 11:41:18,sess_b910cec9,mobile,93,
user_00093,prod_00218,view,2026-02-13 11:41:18,sess_5c47fc63,mobile,102,
user_00522,prod_00406,like,2026-01-01 11:41:18,sess_0f5b9805,desktop,97,
user_00765,prod_00012,view,2026-01-31 11:41:18,sess_745d0b32,desktop,235,
user_00638,prod_00113,view,2026-03-24 11:41:18,sess_e7319f97,desktop,130,
user_00530,prod_00197,view,2026-03-01 11:41:18,sess_b358913f,mobile,256,
user_00347,prod_00328,view,2026-01-30 11:41:18,sess_e54b7d55,mobile,157,
user_00935,prod_00248,view,2026-03-03 11:41:18,sess_cc17f850,mobile,227,
user_00328,prod_00500,view,2026-01-31 11:41:18,sess_9580061b,desktop,187,
user_00308,prod_00473,like,2026-03-22 11:41:18,sess_44236fe6,desktop,288,
user_00584,prod_00251,view,2026-01-08 11:41:18,sess_92a81253,mobile,256,
user_00772,prod_00262,like,2026-01-04 11:41:18,sess_ea977509,tablet,164,
user_00653,prod_00443,like,2026-02-06 11:41:18,sess_b7f52965,tablet,244,
user_00420,prod_00059,view,2026-03-27 11:41:18,sess_064b065c,desktop,207,
user_00081,prod_00051,like,2026-03-25 11:41:18,sess_4ef86a71,desktop,158,
user_00826,prod_00305,view,2026-02-07 11:41:18,sess_efdac775,tablet,200,
user_00907,prod_00054,view,2026-01-22 11:41:18,sess_538e4d3b,tablet,19,
user_00066,prod_00250,like,2026-01-31 11:41:18,sess_8b2e1a38,mobile,45,
user_00747,prod_00096,view,2026-01-07 11:41:18,sess_4b33e9ce,mobile,187,
user_00777,prod_00208,view,2026-02-25 11:41:18,sess_c158cdee,mobile,35,
user_00400,prod_00025,view,2026-03-22 11:41:18,sess_5bdbeb5c,mobile,211,
user_00640,prod_00394,view,2026-03-29 11:41:18,sess_f996f2e3,desktop,141,
user_00253,prod_00171,like,2026-03-22 11:41:18,sess_747d75d1,tablet,157,
user_00728,prod_00230,view,2026-03-30 11:41:18,sess_00fff4e3,tablet,72,
user_00683,prod_00127,view,2026-03-17 11:41:18,sess_7f3c4fb6,mobile,247,
user_00801,prod_00127,view,2026-02-01 11:41:18,sess_95c79392,desktop,76,
user_00124,prod_00481,view,2026-03-26 11:41:18,sess_7733e398,mobile,158,
user_00521,prod_00314,view,2026-02-26 11:41:18,sess_259c5227,mobile,46,
user_00454,prod_00071,like,2026-02-08 11:41:18,sess_15c18914,mobile,39,
user_00810,prod_00037,like,2026-01-06 11:41:18,sess_61551d6e,mobile,294,
user_00551,prod_00254,view,2026-01-02 11:41:18,sess_9204aa8f,desktop,159,
user_00945,prod_00152,view,2026-03-17 11:41:18,sess_b936966c,tablet,59,
user_00228,prod_00498,view,2026-02-21 11:41:18,sess_6af60024,desktop,6,
user_00982,prod_00477,view,2026-03-17 11:41:18,sess_c4df1137,mobile,188,
user_00667,prod_00434,purchase,2026-02-06 11:41:18,sess_f81be819,desktop,252,1.4
user_00570,prod_00429,view,2026-01-09 11:41:18,sess_8eb7e177,tablet,143,
user_00197,prod_00210,view,2026-02-21 11:41:18,sess_b0c3eba7,desktop,124,
user_00772,prod_00316,view,2026-03-29 11:41:18,sess_207b2b1d,desktop,73,
user_00800,prod_00012,like,2026-02-14 11:41:18,sess_cf505fdf,tablet,270,
user_00284,prod_00169,view,2026-03-14 11:41:18,sess_1eefc02d,mobile,232,
user_00738,prod_00248,view,2026-03-14 11:41:18,sess_b2e62dda,mobile,288,
user_00056,prod_00217,cart,2026-03-08 11:41:18,sess_d8238eaa,desktop,103,
user_00770,prod_00373,view,2026-02-24 11:41:18,sess_9509a1ba,desktop,67,
user_00730,prod_00412,view,2026-01-27 11:41:18,sess_1002cef2,desktop,78,
user_00067,prod_00376,like,2026-02-05 11:41:18,sess_6d6cbffa,mobile,146,
user_00303,prod_00103,view,2026-01-02 11:41:18,sess_7708e007,tablet,270,
user_00263,prod_00086,view,2026-02-14 11:41:18,sess_247e0f60,desktop,99,
user_00831,prod_00118,like,2026-01-17 11:41:18,sess_2066b270,desktop,69,
user_00319,prod_00268,view,2026-01-24 11:41:18,sess_fbb7901e,tablet,104,
user_00170,prod_00083,like,2026-03-27 11:41:18,sess_ae35f8d8,mobile,98,
user_00459,prod_00479,view,2026-02-08 11:41:18,sess_d784d8d3,tablet,8,
user_00198,prod_00118,view,2026-03-16 11:41:18,sess_d542d907,mobile,249,
user_00909,prod_00005,view,2026-01-26 11:41:18,sess_f16a20c9,tablet,256,
user_00746,prod_00172,view,2026-03-20 11:41:18,sess_ea8370b1,tablet,87,
user_00741,prod_00465,view,2026-02-19 11:41:18,sess_768283d0,mobile,81,
user_00220,prod_00339,view,2026-03-24 11:41:18,sess_f956b992,mobile,120,
user_00695,prod_00424,view,2026-01-19 11:41:18,sess_fcbeccc6,desktop,195,
user_00942,prod_00394,view,2026-03-26 11:41:18,sess_81d0f026,mobile,69,
user_00100,prod_00161,view,2026-03-05 11:41:18,sess_38bfd9d5,desktop,198,
user_00426,prod_00290,view,2026-03-06 11:41:18,sess_5bdb850f,desktop,178,
user_00520,prod_00193,view,2026-01-12 11:41:18,sess_ed6cf831,tablet,250,
user_00556,prod_00356,cart,2026-03-02 11:41:18,sess_364ad2f4,tablet,163,
user_00301,prod_00411,like,2026-02-09 11:41:18,sess_1dd9efd2,desktop,259,
user_00195,prod_00252,view,2026-03-11 11:41:18,sess_14250caf,tablet,112,
user_00091,prod_00258,view,2026-02-05 11:41:18,sess_47281994,desktop,122,
user_00250,prod_00417,view,2026-01-24 11:41:18,sess_767cf472,mobile,46,
user_00100,prod_00174,like,2026-01-12 11:41:18,sess_35c2d45b,desktop,238,
user_00006,prod_00388,view,2026-02-25 11:41:18,sess_75f02901,tablet,298,
user_00117,prod_00037,like,2026-01-07 11:41:18,sess_f0713208,desktop,257,
user_00407,prod_00181,like,2026-01-02 11:41:18,sess_5a00d979,tablet,145,
user_01000,prod_00306,view,2026-03-02 11:41:18,sess_cc4f030d,desktop,56,
user_00206,prod_00263,view,2026-02-12 11:41:18,sess_d0d23469,desktop,89,
user_00842,prod_00290,view,2026-01-04 11:41:18,sess_b5d08db4,tablet,171,
user_00433,prod_00434,view,2026-01-01 11:41:18,sess_6895828a,tablet,83,
user_00159,prod_00361,like,2026-01-27 11:41:18,sess_454f7d83,desktop,23,
user_00351,prod_00291,view,2026-02-12 11:41:18,sess_76d21e95,tablet,226,
user_00086,prod_00086,view,2026-01-19 11:41:18,sess_51f79edb,tablet,116,
user_00236,prod_00397,view,2026-02-19 11:41:18,sess_f8453c74,desktop,253,
user_00818,prod_00297,view,2026-03-04 11:41:18,sess_f7485ce3,tablet,81,
user_00381,prod_00345,cart,2026-02-22 11:41:18,sess_c31bd12a,tablet,119,
user_00948,prod_00243,like,2026-01-11 11:41:18,sess_7090b77f,mobile,270,
user_00957,prod_00116,cart,2026-02-08 11:41:18,sess_28f89078,tablet,268,
user_00432,prod_00230,like,2026-01-22 11:41:18,sess_9e7c0148,desktop,274,
user_00939,prod_00231,view,2026-01-31 11:41:18,sess_87ff317c,mobile,277,
user_00089,prod_00500,view,2026-02-26 11:41:18,sess_d30cf080,desktop,63,
user_00680,prod_00281,view,2026-01-12 11:41:18,sess_d08df6ac,desktop,47,
user_00517,prod_00367,view,2026-03-16 11:41:18,sess_f3a33845,desktop,121,
user_00738,prod_00293,view,2026-03-28 11:41:18,sess_23f3af58,desktop,144,
user_00080,prod_00296,view,2026-01-15 11:41:18,sess_b054e1a4,tablet,158,
user_00736,prod_00455,view,2026-03-15 11:41:18,sess_a2502728,mobile,251,
user_00296,prod_00087,view,2026-03-14 11:41:18,sess_b28998b7,mobile,232,
user_00318,prod_00015,view,2026-03-09 11:41:18,sess_d7370ca0,mobile,273,
user_00697,prod_00169,view,2026-03-27 11:41:18,sess_3fb61242,tablet,64,
user_00051,prod_00381,view,2026-01-02 11:41:18,sess_af9a071d,desktop,119,
user_00931,prod_00045,view,2026-02-19 11:41:18,sess_e88323c5,tablet,96,
user_00262,prod_00206,cart,2026-03-11 11:41:18,sess_fdb2b1d4,tablet,188,
user_00266,prod_00342,like,2026-03-18 11:41:18,sess_d5fb83a2,tablet,176,
user_00054,prod_00263,view,2026-02-03 11:41:18,sess_8426d56c,desktop,231,
user_00861,prod_00028,like,2026-02-13 11:41:18,sess_101ecb1a,tablet,234,
user_00614,prod_00010,view,2026-01-04 11:41:18,sess_8b6d234f,mobile,203,
user_00278,prod_00077,view,2026-02-12 11:41:18,sess_e4d541b7,tablet,261,
user_00287,prod_00414,view,2026-01-10 11:41:18,sess_fa13a71e,tablet,45,
user_00551,prod_00368,view,2026-01-23 11:41:18,sess_472d526b,tablet,149,
user_00078,prod_00090,view,2026-02-22 11:41:18,sess_996befb7,tablet,199,
user_00036,prod_00180,cart,2026-02-08 11:41:18,sess_dfa3116b,mobile,242,
user_00147,prod_00116,view,2026-02-24 11:41:18,sess_ba1fa73c,tablet,112,
user_00391,prod_00046,view,2026-01-23 11:41:18,sess_ae013dc8,tablet,247,
user_00060,prod_00363,view,2026-02-03 11:41:18,sess_f2775102,mobile,264,
user_00287,prod_00255,like,2026-03-24 11:41:18,sess_e7a8f88a,tablet,225,
user_00262,prod_00211,view,2026-01-16 11:41:18,sess_7ba047d8,tablet,148,
user_00527,prod_00126,view,2026-03-25 11:41:18,sess_72928f77,mobile,227,
user_00826,prod_00217,view,2026-02-06 11:41:18,sess_118e2938,desktop,230,
user_00540,prod_00309,view,2026-03-13 11:41:18,sess_5cb6ea62,desktop,235,
user_00785,prod_00173,view,2026-03-25 11:41:18,sess_216b6b29,mobile,205,
user_00955,prod_00039,view,2026-03-28 11:41:18,sess_531bbb46,mobile,282,
user_00948,prod_00476,like,2026-01-07 11:41:18,sess_e39eabdf,desktop,72,
user_00889,prod_00498,like,2026-01-22 11:41:18,sess_f8e4fbb7,mobile,116,
user_00463,prod_00041,view,2026-02-03 11:41:18,sess_53bf3030,desktop,280,
user_00902,prod_00279,view,2026-02-07 11:41:18,sess_eb15759f,mobile,80,
user_00041,prod_00129,view,2026-02-17 11:41:18,sess_db5d7f94,desktop,167,
user_00445,prod_00200,view,2026-03-04 11:41:18,sess_361be3ce,desktop,104,
user_00999,prod_00362,view,2026-01-10 11:41:18,sess_d8778b38,mobile,76,
user_00906,prod_00091,like,2026-03-07 11:41:18,sess_d1d05753,mobile,34,
user_00237,prod_00252,like,2026-01-17 11:41:18,sess_8cfcd209,tablet,115,
user_00511,prod_00371,cart,2026-03-01 11:41:18,sess_58c3043f,mobile,176,
user_00791,prod_00230,like,2026-02-14 11:41:18,sess_f845a5a2,tablet,8,
user_00083,prod_00092,view,2026-01-02 11:41:18,sess_654256c4,tablet,71,
user_00634,prod_00080,view,2026-03-04 11:41:18,sess_679ae285,desktop,12,
user_00763,prod_00147,like,2026-01-05 11:41:18,sess_9bd6b2e5,tablet,169,
user_00051,prod_00474,purchase,2026-03-20 11:41:18,sess_e9d71973,mobile,84,3.2
user_00202,prod_00448,view,2026-02-19 11:41:18,sess_627dc170,tablet,127,
user_00560,prod_00431,purchase,2026-01-19 11:41:18,sess_cf4b1e39,mobile,14,3.9
user_00224,prod_00482,view,2026-02-28 11:41:18,sess_47bc6b42,desktop,238,
user_00766,prod_00393,like,2026-03-23 11:41:18,sess_93f20635,desktop,260,
user_00690,prod_00212,view,2026-02-12 11:41:18,sess_8dafbffa,desktop,49,
user_00928,prod_00343,view,2026-01-25 11:41:18,sess_d3427e3a,mobile,43,
user_00012,prod_00204,view,2026-03-11 11:41:18,sess_4175c147,tablet,99,
user_00169,prod_00477,view,2026-01-10 11:41:18,sess_6b65b116,desktop,263,
user_00594,prod_00365,like,2026-01-07 11:41:18,sess_3e14b0ed,tablet,80,
user_00043,prod_00033,like,2026-01-01 11:41:18,sess_026b25ed,mobile,8,
user_00493,prod_00082,view,2026-03-12 11:41:18,sess_f3f5628d,tablet,259,
user_00308,prod_00380,view,2026-03-26 11:41:18,sess_cb54bd92,mobile,163,
user_00274,prod_00064,view,2026-01-21 11:41:18,sess_8f009ef3,mobile,162,
user_00780,prod_00482,view,2026-02-15 11:41:18,sess_f3b8c27d,mobile,253,
user_00299,prod_00071,view,2026-02-20 11:41:18,sess_1a4d7f72,mobile,258,
user_00514,prod_00170,view,2026-01-26 11:41:18,sess_808627df,mobile,84,
user_00221,prod_00299,view,2026-01-08 11:41:18,sess_e9939570,mobile,46,
user_00057,prod_00309,view,2026-03-22 11:41:18,sess_428f7884,tablet,52,
user_00011,prod_00150,like,2026-03-08 11:41:18,sess_2cbd48ea,mobile,163,
user_00922,prod_00047,view,2026-03-11 11:41:18,sess_3561d5fa,desktop,78,
user_00357,prod_00024,view,2026-02-09 11:41:18,sess_85f58ce8,mobile,59,
user_00058,prod_00470,like,2026-02-22 11:41:18,sess_274f1288,mobile,285,
user_00480,prod_00407,like,2026-01-11 11:41:18,sess_7d081e2c,desktop,49,
user_00707,prod_00241,view,2026-02-02 11:41:18,sess_5ba70902,tablet,100,
user_00577,prod_00491,view,2026-03-28 11:41:18,sess_34759044,desktop,92,
user_00787,prod_00301,view,2025-12-30 11:41:18,sess_fb1c8d52,tablet,50,
user_00060,prod_00486,view,2026-02-19 11:41:18,sess_f43033c2,mobile,29,
user_00740,prod_00015,view,2026-01-14 11:41:18,sess_5d89455a,tablet,96,
user_00217,prod_00025,view,2026-03-16 11:41:18,sess_9d481271,desktop,216,
user_00571,prod_00083,like,2026-01-25 11:41:18,sess_1bc72506,tablet,18,
user_00044,prod_00159,like,2026-01-17 11:41:18,sess_7359543a,mobile,196,
user_00864,prod_00023,view,2026-01-14 11:41:18,sess_727d718b,tablet,176,
user_00674,prod_00045,cart,2026-02-25 11:41:18,sess_97d4054b,mobile,30,
user_00778,prod_00145,view,2026-03-28 11:41:18,sess_25460f94,tablet,230,
user_00573,prod_00279,view,2026-03-14 11:41:18,sess_4b8c2bc2,desktop,119,
user_00165,prod_00085,view,2026-03-01 11:41:18,sess_8cecbac1,mobile,103,
user_00330,prod_00283,purchase,2026-03-03 11:41:18,sess_7ea25274,desktop,249,1.1
user_00146,prod_00123,view,2026-03-13 11:41:18,sess_6dddcb3f,mobile,174,
user_00824,prod_00440,view,2026-01-30 11:41:18,sess_5eb69d00,desktop,47,
user_00760,prod_00416,view,2026-03-24 11:41:18,sess_01f25c76,tablet,276,
user_00207,prod_00086,like,2026-02-19 11:41:18,sess_7dc965cf,mobile,179,
user_00860,prod_00144,like,2026-01-07 11:41:18,sess_cb5d4061,tablet,262,
user_00587,prod_00078,like,2026-02-22 11:41:18,sess_92d4a843,tablet,220,
user_00642,prod_00152,view,2026-03-01 11:41:18,sess_577ed5b4,mobile,144,
user_00837,prod_00009,cart,2026-01-04 11:41:18,sess_0f50e09b,tablet,178,
user_00561,prod_00399,view,2026-02-12 11:41:18,sess_8cead3ef,tablet,267,
user_00359,prod_00121,view,2026-02-03 11:41:18,sess_b9a35e83,mobile,82,
user_00370,prod_00487,like,2026-01-11 11:41:18,sess_92adff48,mobile,296,
user_00671,prod_00437,like,2026-03-03 11:41:18,sess_f0e67682,mobile,95,
user_00834,prod_00428,view,2026-02-10 11:41:18,sess_b2fc5a90,tablet,185,
user_00345,prod_00207,cart,2026-03-10 11:41:18,sess_3cccc3c4,mobile,9,
user_00654,prod_00273,view,2026-01-20 11:41:18,sess_281a3e32,tablet,157,
user_00774,prod_00254,view,2026-02-11 11:41:18,sess_d4621553,mobile,113,
user_00880,prod_00095,view,2026-03-21 11:41:18,sess_d96db7d5,tablet,101,
user_00700,prod_00190,view,2026-03-16 11:41:18,sess_01e181b8,tablet,90,
user_00046,prod_00059,view,2026-01-31 11:41:18,sess_bff167d3,tablet,264,
user_00952,prod_00116,view,2026-02-01 11:41:18,sess_2b7c6030,desktop,43,
user_00821,prod_00352,view,2026-03-18 11:41:18,sess_1318e81e,tablet,20,
user_00576,prod_00372,like,2026-02-28 11:41:18,sess_4c176b28,desktop,294,
user_00441,prod_00104,view,2026-02-12 11:41:18,sess_a21822a9,mobile,128,
user_00871,prod_00316,like,2026-02-17 11:41:18,sess_6d64f6d7,mobile,284,
user_00385,prod_00052,like,2026-01-07 11:41:18,sess_f8bd5cf9,tablet,29,
user_00034,prod_00069,view,2026-01-26 11:41:18,sess_f6ff2d61,tablet,176,
user_00878,prod_00277,view,2026-02-15 11:41:18,sess_5fe84e21,mobile,28,
user_00190,prod_00075,like,2026-01-22 11:41:18,sess_d98ffe92,tablet,256,
user_00381,prod_00331,like,2026-03-13 11:41:18,sess_83572454,mobile,182,
user_00084,prod_00322,like,2026-03-07 11:41:18,sess_4ba7cb4d,mobile,159,
user_00600,prod_00072,view,2026-03-01 11:41:18,sess_fcd9d29f,tablet,147,
user_00897,prod_00147,view,2026-01-14 11:41:18,sess_59dd486d,mobile,253,
user_00659,prod_00319,view,2026-03-05 11:41:18,sess_bae88ff1,tablet,82,
user_00006,prod_00178,like,2026-01-06 11:41:18,sess_472c4547,desktop,7,
user_00810,prod_00129,like,2026-03-29 11:41:18,sess_5b6a7916,desktop,117,
user_00257,prod_00320,view,2026-02-12 11:41:18,sess_6d611f10,tablet,292,
user_00940,prod_00262,view,2026-01-23 11:41:18,sess_efd2519e,desktop,154,
user_00299,prod_00113,view,2026-03-04 11:41:18,sess_138e3725,mobile,139,
user_00646,prod_00474,view,2026-03-28 11:41:18,sess_c2f8225a,mobile,15,
user_00052,prod_00280,like,2026-03-19 11:41:18,sess_467b15f4,mobile,64,
user_00659,prod_00154,view,2026-02-11 11:41:18,sess_de182864,tablet,244,
user_00551,prod_00406,view,2026-02-05 11:41:18,sess_4cebf6e2,mobile,134,
user_00519,prod_00157,view,2026-03-23 11:41:18,sess_aa8effe8,desktop,114,
user_00309,prod_00475,like,2026-02-15 11:41:18,sess_f7578db9,desktop,15,
user_00812,prod_00264,like,2026-01-21 11:41:18,sess_7cfcf774,tablet,54,
user_00947,prod_00202,view,2026-01-31 11:41:18,sess_e4254f1a,tablet,48,
user_00596,prod_00453,view,2026-01-21 11:41:18,sess_4178e350,mobile,256,
user_00232,prod_00406,cart,2026-02-10 11:41:18,sess_18b6c77f,mobile,183,
user_00352,prod_00151,view,2026-02-03 11:41:18,sess_efe357da,tablet,217,
user_00220,prod_00390,view,2026-03-04 11:41:18,sess_86ad3c10,mobile,107,
user_00538,prod_00115,like,2026-02-25 11:41:18,sess_911484e6,mobile,76,
user_00489,prod_00496,view,2026-02-10 11:41:18,sess_d1927e22,desktop,180,
user_00563,prod_00166,view,2026-01-18 11:41:18,sess_982d01d5,mobile,89,
user_00242,prod_00370,view,2026-01-25 11:41:18,sess_37159334,mobile,263,
user_00363,prod_00332,like,2026-01-02 11:41:18,sess_664da3a2,mobile,134,
user_00242,prod_00338,view,2026-01-27 11:41:18,sess_c6166add,tablet,141,
user_00926,prod_00297,view,2026-02-25 11:41:18,sess_20d65d8d,tablet,148,
user_00510,prod_00047,like,2026-03-26 11:41:18,sess_b8269341,desktop,81,
user_00905,prod_00037,cart,2026-03-03 11:41:18,sess_4c8b27dc,desktop,138,
user_00449,prod_00097,view,2026-03-09 11:41:18,sess_b70f8617,desktop,169,
user_00356,prod_00387,view,2026-01-09 11:41:18,sess_5af4b7ce,tablet,66,
user_00924,prod_00136,like,2026-01-31 11:41:18,sess_cc08095d,tablet,61,
user_00572,prod_00029,like,2026-01-05 11:41:18,sess_4730f4dd,tablet,101,
user_00634,prod_00431,view,2026-03-13 11:41:18,sess_d708e8d2,tablet,192,
user_00720,prod_00054,view,2026-03-30 11:41:18,sess_0f9b92ca,tablet,97,
user_00786,prod_00230,view,2026-02-01 11:41:18,sess_9e651a6b,desktop,196,
user_00422,prod_00179,cart,2026-02-04 11:41:18,sess_7fb536c7,mobile,121,
user_00487,prod_00426,view,2026-03-05 11:41:18,sess_abf1c5c2,desktop,123,
user_00508,prod_00058,view,2026-02-08 11:41:18,sess_417b2f03,mobile,32,
user_00512,prod_00031,view,2026-02-16 11:41:18,sess_f809aabc,tablet,110,
user_00826,prod_00011,view,2026-01-20 11:41:18,sess_931d4f10,desktop,116,
user_00153,prod_00123,view,2026-02-07 11:41:18,sess_2d3105d0,desktop,168,
user_00966,prod_00255,view,2026-01-02 11:41:18,sess_96e590cb,desktop,107,
user_00406,prod_00202,view,2026-03-12 11:41:18,sess_b4d2c926,mobile,209,
user_00017,prod_00267,view,2026-03-09 11:41:18,sess_f8a589bd,tablet,238,
user_00825,prod_00144,view,2026-01-02 11:41:18,sess_09d269e2,tablet,109,
user_00273,prod_00466,view,2026-01-13 11:41:18,sess_4d9d0f6c,mobile,191,
user_00225,prod_00318,like,2026-02-17 11:41:18,sess_ad6e1fa9,desktop,81,
user_00722,prod_00412,view,2026-02-06 11:41:18,sess_0ce0a181,desktop,46,
user_00978,prod_00270,purchase,2026-03-04 11:41:18,sess_83d36e83,desktop,38,3.3
user_00423,prod_00199,view,2026-03-12 11:41:18,sess_6ce74531,mobile,239,
user_00665,prod_00395,like,2026-02-20 11:41:18,sess_03987ce4,desktop,254,
user_00491,prod_00378,view,2026-02-23 11:41:18,sess_3e0d1292,desktop,120,
user_00914,prod_00115,like,2026-01-31 11:41:18,sess_6eb40d65,tablet,56,
user_00713,prod_00223,view,2026-03-11 11:41:18,sess_b277777f,desktop,130,
user_00590,prod_00210,purchase,2026-01-30 11:41:18,sess_d87ef888,tablet,276,4.8
user_00178,prod_00107,view,2026-01-18 11:41:18,sess_f940fe30,tablet,44,
user_00486,prod_00257,like,2026-02-05 11:41:18,sess_05390f6e,mobile,99,
user_00077,prod_00056,view,2026-03-17 11:41:18,sess_3f948b89,tablet,201,
user_00146,prod_00197,view,2026-02-16 11:41:18,sess_bfe39c1c,tablet,64,
user_00951,prod_00025,like,2026-01-30 11:41:18,sess_83658251,mobile,158,
user_00308,prod_00400,view,2026-03-30 11:41:18,sess_37b0668d,mobile,155,
user_00460,prod_00316,view,2026-01-04 11:41:18,sess_61fecccb,tablet,88,
user_00600,prod_00120,like,2026-02-09 11:41:18,sess_8486dc2c,desktop,83,
user_00930,prod_00375,view,2026-01-16 11:41:18,sess_12c1a643,mobile,296,
user_00404,prod_00277,view,2026-02-04 11:41:18,sess_afca1487,tablet,255,
user_00464,prod_00424,view,2026-02-10 11:41:18,sess_ae3aa4af,desktop,122,
user_00885,prod_00191,view,2026-02-07 11:41:18,sess_e1a8f315,mobile,14,
user_00810,prod_00411,view,2026-03-29 11:41:18,sess_f3458da6,desktop,9,
user_00667,prod_00287,view,2026-03-05 11:41:18,sess_f0511057,tablet,123,
user_00800,prod_00257,view,2026-01-31 11:41:18,sess_f8d81a85,desktop,81,
user_00813,prod_00279,view,2026-01-07 11:41:18,sess_98ab4d7d,desktop,11,
user_00510,prod_00248,view,2026-01-23 11:41:18,sess_72432bb5,mobile,196,
user_00425,prod_00362,view,2026-02-25 11:41:18,sess_f5409702,mobile,92,
user_00566,prod_00329,view,2026-01-18 11:41:18,sess_b46b2ef1,mobile,79,
user_00175,prod_00464,view,2026-02-21 11:41:18,sess_40d4920e,desktop,226,
user_00086,prod_00498,view,2026-01-29 11:41:18,sess_102d83f2,tablet,189,
user_00576,prod_00222,view,2026-03-07 11:41:18,sess_96951666,desktop,186,
user_00997,prod_00255,view,2026-03-03 11:41:18,sess_a029f4d3,tablet,276,
user_00206,prod_00101,view,2026-01-03 11:41:18,sess_c64937a1,tablet,272,
user_00272,prod_00013,view,2026-02-08 11:41:18,sess_e91d66a6,tablet,44,
user_00467,prod_00208,view,2026-02-12 11:41:18,sess_8dca4324,desktop,232,
user_00999,prod_00452,view,2026-03-04 11:41:18,sess_c81cce93,desktop,295,
user_00567,prod_00489,like,2026-01-31 11:41:18,sess_821e8755,mobile,169,
user_00308,prod_00240,view,2026-01-10 11:41:18,sess_0d879f6f,mobile,226,
user_00275,prod_00435,view,2026-03-12 11:41:18,sess_2ac72643,tablet,216,
user_00471,prod_00368,cart,2026-01-12 11:41:18,sess_b5c81ef9,mobile,224,
user_00420,prod_00277,view,2026-03-16 11:41:18,sess_22eccfea,tablet,28,
user_00030,prod_00474,like,2026-02-09 11:41:18,sess_f0f4e7e1,tablet,28,
user_00054,prod_00092,view,2026-01-07 11:41:18,sess_c7b10645,mobile,225,
user_00316,prod_00396,view,2026-03-09 11:41:18,sess_8c34b16d,mobile,132,
user_00352,prod_00164,view,2026-01-12 11:41:18,sess_e4b991ee,desktop,56,
user_00170,prod_00134,view,2026-02-07 11:41:18,sess_e1bded66,mobile,60,
user_00152,prod_00380,view,2026-02-25 11:41:18,sess_be140086,tablet,18,
user_00591,prod_00130,view,2026-03-06 11:41:18,sess_0d866b4b,tablet,211,
user_00342,prod_00134,view,2026-01-01 11:41:18,sess_7256b09c,desktop,54,
user_00456,prod_00398,view,2026-01-11 11:41:18,sess_c074620b,tablet,117,
user_00432,prod_00156,view,2026-01-13 11:41:18,sess_bdca10ea,tablet,95,
user_00418,prod_00076,view,2026-01-27 11:41:18,sess_e593e950,mobile,35,
user_00992,prod_00374,cart,2026-01-01 11:41:18,sess_760fba24,mobile,10,
user_00416,prod_00052,view,2026-03-08 11:41:18,sess_d71c1440,tablet,261,
user_00970,prod_00188,view,2026-01-13 11:41:18,sess_a01eb074,tablet,15,
user_00425,prod_00307,view,2026-03-14 11:41:18,sess_5ab2cba5,mobile,246,
user_00074,prod_00031,view,2026-03-23 11:41:18,sess_1d3cc925,desktop,54,
user_00673,prod_00054,view,2026-02-26 11:41:18,sess_2ef3f8f8,desktop,281,
user_00980,prod_00315,like,2026-01-22 11:41:18,sess_b7ca9f21,desktop,268,
user_00322,prod_00276,view,2026-03-18 11:41:18,sess_015a23cd,mobile,240,
user_00816,prod_00434,view,2026-03-26 11:41:18,sess_c2755b33,desktop,102,
user_00985,prod_00344,view,2026-01-01 11:41:18,sess_6948ad52,tablet,179,
user_00218,prod_00374,like,2026-01-07 11:41:18,sess_0bfbc8a4,mobile,122,
user_00583,prod_00381,like,2026-01-24 11:41:18,sess_6e20a08f,mobile,20,
user_00259,prod_00464,view,2026-03-06 11:41:18,sess_5dff0594,mobile,218,
user_00747,prod_00352,view,2026-03-15 11:41:18,sess_c0d21a4f,mobile,140,
user_00785,prod_00069,purchase,2025-12-31 11:41:18,sess_a1106d60,tablet,287,4.9
user_00374,prod_00280,view,2026-01-01 11:41:18,sess_a1692bed,mobile,119,
user_00266,prod_00288,view,2026-01-11 11:41:18,sess_b1808631,mobile,157,
user_00880,prod_00086,view,2026-02-22 11:41:18,sess_33d8ff95,desktop,149,
user_00407,prod_00240,like,2026-02-18 11:41:18,sess_4f3cb548,mobile,133,
user_00112,prod_00171,view,2026-03-06 11:41:18,sess_b5b0c35c,mobile,95,
user_00287,prod_00116,view,2026-01-15 11:41:18,sess_f53b2dab,desktop,298,
user_00979,prod_00079,like,2026-03-16 11:41:18,sess_dc92054f,desktop,145,
user_00050,prod_00117,view,2026-03-04 11:41:18,sess_8ef748d9,tablet,24,
user_00041,prod_00394,like,2026-02-01 11:41:18,sess_ee4e9262,mobile,255,
user_00216,prod_00139,view,2026-01-27 11:41:18,sess_0ebf443c,desktop,139,
user_00120,prod_00117,view,2025-12-30 11:41:18,sess_b40ad62f,mobile,57,
user_00824,prod_00405,like,2026-01-07 11:41:18,sess_8d46ff57,tablet,72,
user_00135,prod_00315,view,2026-03-11 11:41:18,sess_afbe13fd,mobile,43,
user_00784,prod_00115,cart,2026-01-04 11:41:18,sess_ec20948f,desktop,26,
user_00222,prod_00332,like,2026-03-06 11:41:18,sess_56c2b197,mobile,215,
user_00143,prod_00258,view,2026-02-23 11:41:18,sess_7e920330,desktop,68,
user_00142,prod_00294,like,2026-03-12 11:41:18,sess_9adfef07,tablet,176,
user_00342,prod_00278,view,2026-02-28 11:41:18,sess_57be0c78,mobile,199,
user_00926,prod_00448,view,2026-03-11 11:41:18,sess_bc86bb76,desktop,267,
user_00436,prod_00101,view,2026-02-02 11:41:18,sess_665b7e7e,desktop,190,
user_00737,prod_00201,view,2026-03-23 11:41:18,sess_c6379c8d,desktop,183,
user_00953,prod_00163,cart,2025-12-31 11:41:18,sess_d207a592,tablet,174,
user_00218,prod_00041,like,2026-01-29 11:41:18,sess_177a0a49,tablet,288,
user_00702,prod_00173,purchase,2026-03-14 11:41:18,sess_d0286535,tablet,80,3.5
user_00702,prod_00432,view,2026-03-09 11:41:18,sess_efd37533,mobile,287,
user_00645,prod_00344,view,2026-02-26 11:41:18,sess_8cfc81a2,desktop,209,
user_00328,prod_00353,view,2026-02-13 11:41:18,sess_08ccf7ca,mobile,261,
user_00332,prod_00166,view,2026-02-16 11:41:18,sess_f51dee2e,tablet,268,
user_00877,prod_00421,view,2026-03-24 11:41:18,sess_03e10077,desktop,128,
user_00594,prod_00402,view,2026-01-20 11:41:18,sess_18da5216,tablet,300,
user_00296,prod_00319,like,2026-03-12 11:41:18,sess_60d62f1b,desktop,22,
user_00585,prod_00326,view,2026-03-24 11:41:18,sess_205e4503,desktop,72,
user_00108,prod_00500,view,2026-03-30 11:41:18,sess_5a62625f,desktop,243,
user_00511,prod_00100,view,2026-01-25 11:41:18,sess_0a2384da,mobile,173,
user_00236,prod_00011,like,2026-02-09 11:41:18,sess_6f7e4b92,desktop,234,
user_00063,prod_00177,view,2026-01-15 11:41:18,sess_6f6786fe,mobile,185,
user_00240,prod_00277,view,2026-03-12 11:41:18,sess_df5db389,tablet,234,
user_00603,prod_00324,cart,2026-03-02 11:41:18,sess_e3c0e58d,mobile,76,
user_00720,prod_00184,like,2026-02-20 11:41:18,sess_0360bf10,mobile,221,
user_00177,prod_00249,view,2026-03-18 11:41:18,sess_749a0a53,mobile,62,
user_00091,prod_00382,view,2026-02-24 11:41:18,sess_b9660c89,desktop,268,
user_00771,prod_00180,view,2026-02-20 11:41:18,sess_76c87f95,desktop,42,
user_00019,prod_00348,view,2026-01-21 11:41:18,sess_5aa71078,mobile,6,
user_00507,prod_00053,like,2026-01-27 11:41:18,sess_ad68e553,mobile,12,
user_00963,prod_00318,like,2026-02-08 11:41:18,sess_2f845506,mobile,233,
user_00195,prod_00444,view,2026-02-19 11:41:18,sess_f030871e,mobile,129,
user_00651,prod_00092,view,2026-02-20 11:41:18,sess_1b029629,mobile,57,
user_00163,prod_00039,view,2026-02-04 11:41:18,sess_9b49c937,tablet,110,
user_00922,prod_00336,view,2026-03-22 11:41:18,sess_fbd14612,desktop,177,
user_00374,prod_00422,view,2026-01-13 11:41:18,sess_6c88e1a5,mobile,133,
user_00245,prod_00043,view,2026-02-03 11:41:18,sess_d101e48d,tablet,222,
user_00439,prod_00235,view,2026-02-21 11:41:18,sess_44fe04b0,desktop,261,
user_00791,prod_00344,view,2026-03-04 11:41:18,sess_ea9d2bb5,mobile,22,
user_00583,prod_00145,view,2026-02-13 11:41:18,sess_d943874b,mobile,48,
user_00906,prod_00299,view,2026-01-29 11:41:18,sess_6eb574e1,mobile,39,
user_00775,prod_00156,view,2026-01-24 11:41:18,sess_0c3979c2,desktop,34,
user_00803,prod_00322,view,2026-03-01 11:41:18,sess_f4b9616f,tablet,71,
user_00273,prod_00410,view,2026-03-01 11:41:18,sess_b28d2530,mobile,161,
user_00993,prod_00354,view,2026-02-16 11:41:18,sess_1c4ad055,mobile,265,
user_00830,prod_00265,view,2026-02-25 11:41:18,sess_3cacee92,tablet,106,
user_00640,prod_00211,like,2026-01-04 11:41:18,sess_0efb27b3,desktop,256,
user_00219,prod_00486,view,2026-03-10 11:41:18,sess_57be7f31,desktop,89,
user_00619,prod_00085,view,2026-03-13 11:41:18,sess_8b2bf42a,desktop,7,
user_00949,prod_00202,view,2026-01-02 11:41:18,sess_225d8463,tablet,152,
user_00414,prod_00011,view,2026-03-11 11:41:18,sess_97074ce1,desktop,134,
user_00946,prod_00190,like,2026-02-13 11:41:18,sess_b22ffed1,tablet,273,
user_00172,prod_00196,like,2026-03-18 11:41:18,sess_ef8e6663,mobile,146,
user_00990,prod_00114,view,2026-02-15 11:41:18,sess_96238d28,tablet,29,
user_00190,prod_00164,view,2026-01-13 11:41:18,sess_830eee3f,desktop,143,
user_00487,prod_00224,view,2026-02-20 11:41:18,sess_8150efd9,mobile,157,
user_00151,prod_00137,view,2026-01-01 11:41:18,sess_1450f217,tablet,218,
user_00323,prod_00193,view,2026-02-08 11:41:18,sess_21337d66,mobile,136,
user_00414,prod_00153,view,2026-03-27 11:41:18,sess_1d9fed42,desktop,87,
user_00313,prod_00238,purchase,2026-02-13 11:41:18,sess_b6933693,tablet,116,1.3
user_00224,prod_00316,like,2026-02-10 11:41:18,sess_aac20abc,desktop,119,
user_00505,prod_00242,like,2026-03-08 11:41:18,sess_2f7f709b,desktop,91,
user_00495,prod_00262,cart,2026-01-21 11:41:18,sess_fe7198a1,tablet,256,
user_00656,prod_00212,view,2026-01-25 11:41:18,sess_aaa576e8,mobile,223,
user_00999,prod_00055,view,2026-01-15 11:41:18,sess_d6ba2e3c,tablet,288,
user_00473,prod_00230,view,2026-01-25 11:41:18,sess_a0bf44d9,mobile,164,
user_00710,prod_00438,view,2026-01-19 11:41:18,sess_4ab03f86,mobile,95,
user_00868,prod_00235,view,2026-03-19 11:41:18,sess_7c441a10,tablet,10,
user_00302,prod_00468,view,2026-01-29 11:41:18,sess_0856047f,mobile,78,
user_00332,prod_00406,view,2026-02-24 11:41:18,sess_28ede437,tablet,41,
user_00031,prod_00194,view,2026-03-21 11:41:18,sess_3e5d03b2,desktop,182,
user_00938,prod_00201,view,2025-12-31 11:41:18,sess_63b86e83,tablet,219,
user_00914,prod_00163,cart,2026-02-25 11:41:18,sess_05c81ef4,mobile,186,
user_00811,prod_00066,like,2026-02-20 11:41:18,sess_7b6a589b,desktop,252,
user_00008,prod_00059,like,2026-03-28 11:41:18,sess_eeb14e5e,tablet,82,
user_00680,prod_00123,view,2026-01-27 11:41:18,sess_22ced56b,mobile,209,
user_00381,prod_00394,view,2026-03-21 11:41:18,sess_77f9b086,mobile,246,
user_00554,prod_00304,like,2026-02-17 11:41:18,sess_39dfb4fe,desktop,120,
user_00375,prod_00333,view,2026-03-28 11:41:18,sess_8f44b806,desktop,189,
user_00559,prod_00410,view,2026-01-19 11:41:18,sess_5b93f7c7,desktop,191,
user_00142,prod_00149,view,2026-03-25 11:41:18,sess_5e8fb740,mobile,147,
user_00848,prod_00162,like,2026-01-07 11:41:18,sess_3ee6004e,desktop,213,
user_00013,prod_00192,view,2026-01-17 11:41:18,sess_6bd42b3d,mobile,138,
user_00217,prod_00297,view,2026-01-22 11:41:18,sess_67fcddf6,tablet,266,
user_00253,prod_00084,purchase,2026-03-16 11:41:18,sess_3c51bc1a,mobile,215,3.2
user_00400,prod_00207,view,2026-01-21 11:41:18,sess_b7c8d2ca,tablet,98,
user_00538,prod_00450,view,2026-01-25 11:41:18,sess_105700b9,tablet,206,
user_00934,prod_00180,like,2026-01-28 11:41:18,sess_ac6a8798,tablet,61,
user_00978,prod_00392,like,2026-03-06 11:41:18,sess_ee1ce164,desktop,49,
user_00759,prod_00400,view,2026-01-18 11:41:18,sess_9ea85faa,mobile,118,
user_00972,prod_00194,like,2026-01-14 11:41:18,sess_b88e1f2e,mobile,149,
user_00478,prod_00359,view,2026-03-01 11:41:18,sess_1413209a,desktop,77,
user_00441,prod_00483,view,2026-02-24 11:41:18,sess_13e8c478,desktop,207,
user_00445,prod_00375,view,2026-02-16 11:41:18,sess_74d3719f,desktop,209,
user_00576,prod_00331,like,2026-02-09 11:41:18,sess_1278747a,desktop,34,
user_00379,prod_00225,like,2026-03-21 11:41:18,sess_db985f7b,desktop,283,
user_00162,prod_00347,like,2026-01-09 11:41:18,sess_b4a76d93,desktop,121,
user_00018,prod_00232,like,2026-01-13 11:41:18,sess_b25b6415,desktop,73,
user_00968,prod_00493,view,2026-03-16 11:41:18,sess_7657fe10,tablet,223,
user_00640,prod_00405,view,2026-02-11 11:41:18,sess_19423c70,mobile,59,
user_00487,prod_00150,view,2026-02-18 11:41:18,sess_2bd692b0,tablet,284,
user_00549,prod_00137,like,2026-02-20 11:41:18,sess_ef87d4ac,mobile,290,
user_00024,prod_00342,like,2026-02-11 11:41:18,sess_068443d9,desktop,299,
user_00363,prod_00178,view,2026-03-22 11:41:18,sess_d0e60b24,desktop,222,
user_00735,prod_00232,view,2026-01-22 11:41:18,sess_d9506080,mobile,181,
user_00953,prod_00218,view,2026-03-28 11:41:18,sess_c6f85a1b,mobile,121,
user_00878,prod_00083,like,2026-03-19 11:41:18,sess_4dfc80dc,desktop,150,
user_00798,prod_00309,view,2026-01-16 11:41:18,sess_b71019b4,desktop,206,
user_00536,prod_00238,view,2026-02-06 11:41:18,sess_0dda22dd,desktop,260,
user_00112,prod_00274,view,2026-01-28 11:41:18,sess_7f7b67b1,desktop,121,
user_00273,prod_00020,view,2026-01-08 11:41:18,sess_5fc14f93,tablet,230,
user_00791,prod_00323,view,2026-01-27 11:41:18,sess_da8db87e,desktop,219,
user_00974,prod_00112,cart,2026-03-24 11:41:18,sess_9b2b0673,mobile,65,
user_00036,prod_00302,like,2026-02-03 11:41:18,sess_8d22911d,tablet,217,
user_00636,prod_00493,like,2026-01-25 11:41:18,sess_586be589,tablet,127,
user_00220,prod_00090,view,2026-03-04 11:41:18,sess_fec986f3,desktop,107,
user_00067,prod_00290,like,2026-01-15 11:41:18,sess_462f04a4,tablet,41,
user_00773,prod_00065,view,2026-01-29 11:41:18,sess_daf28df1,tablet,234,
user_00162,prod_00217,view,2026-02-11 11:41:18,sess_469fcaa2,desktop,49,
user_00654,prod_00155,cart,2026-03-10 11:41:18,sess_571c60d1,tablet,283,
user_00217,prod_00488,view,2026-02-21 11:41:18,sess_f8afee0c,mobile,200,
user_00283,prod_00198,view,2026-03-17 11:41:18,sess_cb280d4f,desktop,26,
user_00002,prod_00221,view,2026-03-09 11:41:18,sess_7b395446,tablet,174,
user_00927,prod_00103,view,2026-02-17 11:41:18,sess_99d57064,desktop,245,
user_00712,prod_00335,view,2026-02-16 11:41:18,sess_d62f1352,tablet,98,
user_00154,prod_00078,purchase,2026-02-09 11:41:18,sess_cb134bb1,desktop,249,3.6
user_00314,prod_00329,view,2026-03-13 11:41:18,sess_450c41ce,tablet,33,
user_00085,prod_00260,view,2026-02-22 11:41:18,sess_3b3f55cf,mobile,5,
user_00735,prod_00194,like,2026-03-27 11:41:18,sess_6b82239e,desktop,224,
user_00428,prod_00269,view,2026-03-27 11:41:18,sess_d240ba03,tablet,290,
user_00124,prod_00410,view,2026-03-12 11:41:18,sess_850c8105,mobile,46,
user_00979,prod_00223,view,2026-02-28 11:41:18,sess_7f9bed75,mobile,140,
user_00399,prod_00357,view,2026-02-08 11:41:18,sess_5dd97fa8,desktop,281,
user_00003,prod_00383,view,2026-02-05 11:41:18,sess_aa713116,desktop,284,
user_00836,prod_00351,like,2026-03-10 11:41:18,sess_a891a2d5,mobile,83,
user_00983,prod_00441,view,2026-03-22 11:41:18,sess_ab9f0d07,tablet,19,
user_00143,prod_00052,like,2026-01-16 11:41:18,sess_544e5590,desktop,125,
user_00617,prod_00294,view,2026-03-06 11:41:18,sess_d02c5cd2,desktop,276,
user_00561,prod_00037,view,2026-01-03 11:41:18,sess_15c6504c,tablet,79,
user_00267,prod_00357,view,2026-01-30 11:41:18,sess_ffb41ed9,tablet,159,
user_00948,prod_00107,view,2026-03-16 11:41:18,sess_a71674e5,tablet,244,
user_00843,prod_00189,view,2026-02-09 11:41:18,sess_833a08b3,mobile,208,
user_00191,prod_00045,view,2026-02-28 11:41:18,sess_2c0370c7,tablet,97,
user_00636,prod_00192,view,2026-01-03 11:41:18,sess_c1707f80,tablet,252,
user_00830,prod_00197,view,2026-03-06 11:41:18,sess_d3a925aa,mobile,57,
user_00402,prod_00174,like,2026-01-29 11:41:18,sess_853a4940,tablet,22,
user_00894,prod_00356,view,2026-03-16 11:41:18,sess_42cf3c1d,tablet,119,
user_00866,prod_00269,cart,2026-03-28 11:41:18,sess_e965e758,desktop,179,
user_00642,prod_00262,view,2026-01-29 11:41:18,sess_f20183f1,mobile,47,
user_00616,prod_00483,view,2026-03-14 11:41:18,sess_8ab5df81,mobile,49,
user_00982,prod_00288,view,2026-02-14 11:41:18,sess_b47f137c,mobile,249,
user_00233,prod_00057,like,2026-02-06 11:41:18,sess_89c20866,desktop,100,
user_00191,prod_00141,view,2026-02-09 11:41:18,sess_193edd57,desktop,17,
user_00717,prod_00128,view,2026-03-18 11:41:18,sess_adb01225,tablet,295,
user_00363,prod_00413,view,2026-02-25 11:41:18,sess_7779f93f,tablet,96,
user_00708,prod_00449,view,2026-02-25 11:41:18,sess_666048a2,mobile,209,
user_00443,prod_00475,like,2026-03-14 11:41:18,sess_ab8401fb,mobile,31,
user_00897,prod_00303,like,2026-01-20 11:41:18,sess_c8692151,desktop,38,
user_00565,prod_00097,view,2026-02-15 11:41:18,sess_22f65b89,tablet,65,
user_00302,prod_00113,like,2026-03-09 11:41:18,sess_b5d6e616,desktop,184,
user_00387,prod_00377,cart,2026-03-08 11:41:18,sess_fbd19b25,mobile,274,
user_00654,prod_00020,view,2026-02-01 11:41:18,sess_a55721fe,tablet,6,
user_00539,prod_00254,view,2026-03-02 11:41:18,sess_3efaa267,tablet,162,
user_00453,prod_00442,view,2026-02-25 11:41:18,sess_b7bd3fae,mobile,35,
user_00911,prod_00457,view,2026-03-02 11:41:18,sess_a45b82d1,desktop,191,
user_00583,prod_00393,view,2026-02-18 11:41:18,sess_57ed1897,desktop,18,
user_00505,prod_00373,like,2026-01-16 11:41:18,sess_7dd5727b,mobile,5,
user_00717,prod_00135,like,2026-03-21 11:41:18,sess_c163503b,mobile,229,
user_00147,prod_00469,view,2026-03-01 11:41:18,sess_467b871d,desktop,31,
user_00186,prod_00360,purchase,2026-01-01 11:41:18,sess_3cb88f1c,desktop,97,4.3
user_00055,prod_00078,cart,2026-03-09 11:41:18,sess_a5d29642,desktop,87,
user_00100,prod_00009,view,2026-03-04 11:41:18,sess_0f653d21,mobile,14,
user_00783,prod_00402,view,2026-03-02 11:41:18,sess_010b06ba,tablet,67,
user_00858,prod_00296,view,2026-02-26 11:41:18,sess_e2484dc3,mobile,173,
user_00821,prod_00432,like,2026-01-23 11:41:18,sess_969e759f,tablet,90,
user_00236,prod_00028,cart,2026-01-14 11:41:18,sess_de5b3c8e,desktop,78,
user_00582,prod_00277,like,2026-03-21 11:41:18,sess_8928de0f,mobile,25,
user_00310,prod_00073,view,2026-01-04 11:41:18,sess_f2d9b104,desktop,263,
user_00919,prod_00012,view,2026-01-28 11:41:18,sess_569140f0,tablet,239,
user_00632,prod_00219,view,2026-01-31 11:41:18,sess_faa864b5,desktop,22,
user_00621,prod_00453,view,2026-02-11 11:41:18,sess_c3ec5af4,mobile,196,
user_00252,prod_00432,view,2026-01-22 11:41:18,sess_485b4951,desktop,162,
user_00972,prod_00035,view,2026-01-31 11:41:18,sess_8f94f3ea,tablet,138,
user_00257,prod_00276,cart,2026-01-15 11:41:18,sess_6f53c033,desktop,134,
user_00288,prod_00485,view,2026-03-04 11:41:18,sess_99f3a49c,desktop,135,
user_00043,prod_00090,like,2026-02-16 11:41:18,sess_c85d544d,mobile,9,
user_00539,prod_00269,view,2026-03-17 11:41:18,sess_dfab9b07,desktop,54,
user_00002,prod_00457,view,2026-02-17 11:41:18,sess_7816d50a,mobile,46,
user_00348,prod_00309,view,2026-02-08 11:41:18,sess_6f4a4668,tablet,10,
user_00573,prod_00382,view,2026-02-15 11:41:18,sess_05c7d241,desktop,260,
user_00885,prod_00254,view,2026-01-24 11:41:18,sess_0f54e3de,tablet,65,
user_00763,prod_00231,view,2026-02-11 11:41:18,sess_bedc13e0,mobile,71,
user_00282,prod_00242,purchase,2026-01-05 11:41:18,sess_9235b05a,mobile,223,1.6
user_00998,prod_00312,view,2026-02-22 11:41:18,sess_3fdb45af,desktop,108,
user_00093,prod_00215,like,2026-02-14 11:41:18,sess_4ea277c8,tablet,42,
user_00398,prod_00148,cart,2026-03-24 11:41:18,sess_07735e68,tablet,143,
user_00926,prod_00143,view,2026-01-01 11:41:18,sess_8b743aed,desktop,152,
user_00852,prod_00295,view,2026-03-27 11:41:18,sess_06e1b92b,desktop,222,
user_00067,prod_00436,view,2026-01-06 11:41:18,sess_0241cfef,desktop,270,
user_00982,prod_00497,view,2026-02-18 11:41:18,sess_80b7844c,mobile,142,
user_00879,prod_00210,view,2026-03-03 11:41:18,sess_82d38769,mobile,200,
user_00732,prod_00468,like,2026-01-15 11:41:18,sess_3d2e808f,mobile,275,
user_00491,prod_00181,view,2026-01-06 11:41:18,sess_f0ae42e0,tablet,291,
user_00209,prod_00083,like,2026-02-12 11:41:18,sess_864a6d0e,mobile,125,
user_00196,prod_00116,like,2026-02-11 11:41:18,sess_cb13b9fc,desktop,105,
user_00137,prod_00126,view,2026-01-17 11:41:18,sess_19708844,mobile,184,
user_00365,prod_00064,view,2026-01-19 11:41:18,sess_fdb8fd2b,tablet,104,
user_00673,prod_00476,like,2026-03-24 11:41:18,sess_ccde21e5,desktop,122,
user_00947,prod_00289,like,2026-02-24 11:41:18,sess_9483602c,mobile,243,
user_00867,prod_00057,like,2026-02-13 11:41:18,sess_a5090e3e,desktop,116,
user_00809,prod_00307,view,2026-03-28 11:41:18,sess_a7bbf5ae,mobile,141,
user_00499,prod_00222,view,2026-02-11 11:41:18,sess_dab4047c,tablet,141,
user_00953,prod_00432,view,2026-02-08 11:41:18,sess_416a200d,tablet,158,
user_00154,prod_00175,view,2026-03-06 11:41:18,sess_917e3acc,desktop,123,
user_00006,prod_00445,view,2026-01-07 11:41:18,sess_2beb7beb,tablet,281,
user_00502,prod_00090,view,2026-01-17 11:41:18,sess_fe65d616,tablet,101,
user_00747,prod_00009,view,2026-03-27 11:41:18,sess_53fc7cb3,desktop,224,
user_00643,prod_00332,view,2026-03-09 11:41:18,sess_76d1fed4,tablet,108,
user_00550,prod_00220,view,2026-03-24 11:41:18,sess_b3fb4249,mobile,284,
user_00842,prod_00220,view,2026-02-27 11:41:18,sess_a0c82bd4,tablet,225,
user_00694,prod_00139,view,2026-01-14 11:41:18,sess_1b15f292,desktop,281,
user_00033,prod_00401,cart,2026-02-19 11:41:18,sess_cbf54f09,mobile,156,
user_00660,prod_00253,view,2026-03-26 11:41:18,sess_09532f30,mobile,66,
user_00525,prod_00402,view,2026-02-21 11:41:18,sess_07584e68,mobile,203,
user_00230,prod_00094,like,2026-03-02 11:41:18,sess_ef07bf0d,mobile,221,
user_00418,prod_00423,like,2026-03-12 11:41:18,sess_3c04164d,tablet,52,
user_00510,prod_00323,cart,2026-01-18 11:41:18,sess_3fef1308,mobile,278,
user_00588,prod_00036,view,2025-12-31 11:41:18,sess_0c037bca,desktop,42,
user_00021,prod_00080,view,2026-03-28 11:41:18,sess_5cda1e2d,desktop,271,
user_00090,prod_00136,like,2026-03-24 11:41:18,sess_b2c6f3e9,tablet,175,
user_00387,prod_00072,like,2026-01-31 11:41:18,sess_0acf586c,tablet,235,
user_00414,prod_00486,like,2026-02-09 11:41:18,sess_7de2e28f,desktop,171,
user_00519,prod_00080,view,2026-03-04 11:41:18,sess_c903c4fe,desktop,111,
user_00255,prod_00113,view,2026-03-30 11:41:18,sess_06857eff,desktop,238,
user_00102,prod_00196,like,2026-01-06 11:41:18,sess_93cfd934,mobile,192,
user_00254,prod_00382,like,2026-01-09 11:41:18,sess_14b38965,mobile,152,
user_00013,prod_00386,view,2026-03-13 11:41:18,sess_cf635e5c,tablet,181,
user_00138,prod_00027,view,2026-01-25 11:41:18,sess_6da50bbf,mobile,279,
user_00507,prod_00376,view,2026-02-09 11:41:18,sess_4cbfbe19,desktop,218,
user_00847,prod_00214,view,2026-01-26 11:41:18,sess_f778dc5b,mobile,138,
user_00786,prod_00354,view,2026-01-29 11:41:18,sess_4d72767a,mobile,238,
user_00721,prod_00189,view,2026-02-11 11:41:18,sess_3a4eefbf,mobile,169,
user_00360,prod_00380,view,2026-03-09 11:41:18,sess_f5e5302d,mobile,83,
user_00698,prod_00275,view,2026-02-07 11:41:18,sess_c5c9fe41,desktop,23,
user_00058,prod_00313,view,2026-01-16 11:41:18,sess_2f9709c8,mobile,299,
user_00973,prod_00469,view,2026-02-10 11:41:18,sess_1e5f7d49,mobile,120,
user_00383,prod_00285,view,2026-02-20 11:41:18,sess_3a045057,mobile,283,
user_00806,prod_00445,view,2026-02-20 11:41:18,sess_f65fd1ec,mobile,34,
user_00319,prod_00489,view,2026-03-30 11:41:18,sess_b00d10d2,tablet,133,
user_00396,prod_00289,view,2026-02-24 11:41:18,sess_d51e3f59,tablet,165,
user_00928,prod_00194,like,2026-03-22 11:41:18,sess_7427b917,mobile,130,
user_00299,prod_00009,like,2026-03-08 11:41:18,sess_4d82bed6,tablet,18,
user_00904,prod_00151,view,2026-02-13 11:41:18,sess_448fbdbd,mobile,252,
user_00441,prod_00085,view,2026-03-18 11:41:18,sess_322bfe63,mobile,60,
user_00471,prod_00070,view,2026-02-20 11:41:18,sess_4f4aefa2,mobile,135,
user_00179,prod_00096,view,2026-03-13 11:41:18,sess_04182f07,desktop,48,
user_00690,prod_00307,view,2026-01-24 11:41:18,sess_12b0c7fd,desktop,113,
user_00296,prod_00057,cart,2026-03-25 11:41:18,sess_6281e732,tablet,238,
user_00232,prod_00162,view,2026-03-03 11:41:18,sess_05052c47,desktop,40,
user_00514,prod_00228,view,2026-01-26 11:41:18,sess_d47634ee,tablet,189,
user_00214,prod_00381,like,2026-02-27 11:41:18,sess_2a677e9b,desktop,170,
user_00651,prod_00378,view,2026-02-24 11:41:18,sess_6eb44711,mobile,154,
user_00255,prod_00216,view,2026-01-19 11:41:18,sess_92d21411,desktop,70,
user_00912,prod_00147,view,2026-01-20 11:41:18,sess_88fe7dad,tablet,155,
user_00572,prod_00388,like,2026-03-15 11:41:18,sess_c7b791b1,desktop,158,
user_00756,prod_00079,purchase,2026-01-03 11:41:18,sess_a9f5e08a,desktop,103,2.0
user_00509,prod_00170,view,2026-03-24 11:41:18,sess_5dabce17,mobile,172,
user_00980,prod_00183,view,2026-03-30 11:41:18,sess_382b45d4,desktop,108,
user_00587,prod_00174,view,2026-02-14 11:41:18,sess_099fa1fc,mobile,169,
user_00919,prod_00362,like,2026-01-28 11:41:18,sess_02317756,mobile,135,
user_00486,prod_00211,view,2026-02-13 11:41:18,sess_747d1769,desktop,285,
user_00242,prod_00466,view,2026-03-18 11:41:18,sess_5b9a2ecc,tablet,126,
user_00284,prod_00158,view,2026-02-12 11:41:18,sess_68d57736,desktop,139,
user_00650,prod_00252,view,2026-02-23 11:41:18,sess_792aaa06,mobile,178,
user_00022,prod_00124,view,2026-02-27 11:41:18,sess_bc2cbad9,desktop,283,
user_00231,prod_00154,view,2026-03-17 11:41:18,sess_9f7abbdb,mobile,19,
user_00276,prod_00178,like,2026-01-09 11:41:18,sess_7787bb5c,desktop,204,
user_00027,prod_00203,view,2026-02-19 11:41:18,sess_51f4d5fa,tablet,114,
user_00022,prod_00318,view,2026-02-03 11:41:18,sess_f0ee1fb0,mobile,163,
user_00618,prod_00064,view,2026-03-24 11:41:18,sess_6fdbdeb0,desktop,170,
user_00505,prod_00231,like,2026-02-15 11:41:18,sess_b7859bfe,tablet,156,
user_00197,prod_00214,like,2026-01-09 11:41:18,sess_dbb20b0c,mobile,42,
user_00715,prod_00080,like,2026-03-25 11:41:18,sess_6350ef67,mobile,282,
user_00501,prod_00242,like,2026-03-27 11:41:18,sess_26f5972f,mobile,233,
user_00759,prod_00256,like,2026-02-01 11:41:18,sess_4b952f32,mobile,218,
user_00883,prod_00198,view,2026-01-25 11:41:18,sess_f522acd0,desktop,107,
user_00843,prod_00101,view,2026-03-26 11:41:18,sess_535b2264,tablet,282,
user_00219,prod_00116,view,2026-01-27 11:41:18,sess_58781348,mobile,155,
user_00621,prod_00383,view,2026-02-24 11:41:18,sess_13fd13fa,mobile,189,
user_00313,prod_00103,view,2026-01-10 11:41:18,sess_d80afea6,tablet,271,
user_00272,prod_00245,view,2026-02-22 11:41:18,sess_f7f41e34,mobile,167,
user_00836,prod_00110,view,2026-02-11 11:41:18,sess_f0878b69,tablet,269,
user_00013,prod_00047,like,2026-02-22 11:41:18,sess_702f164a,tablet,216,
user_00157,prod_00444,view,2026-03-07 11:41:18,sess_d1406423,mobile,23,
user_00167,prod_00006,like,2026-01-21 11:41:18,sess_0230762a,desktop,35,
user_00866,prod_00057,view,2026-02-13 11:41:18,sess_f46f16a1,desktop,191,
user_00373,prod_00182,view,2026-01-09 11:41:18,sess_c78e3125,tablet,52,
user_00846,prod_00361,like,2026-03-19 11:41:18,sess_a32d88d3,desktop,86,
user_00396,prod_00406,view,2026-02-19 11:41:18,sess_0c59799b,mobile,215,
user_00507,prod_00245,like,2026-03-19 11:41:18,sess_3b0e7910,mobile,261,
user_00042,prod_00028,view,2026-02-08 11:41:18,sess_3466232a,desktop,57,
user_00208,prod_00475,view,2026-01-28 11:41:18,sess_bb718ad5,desktop,274,
user_00607,prod_00184,view,2026-02-11 11:41:18,sess_fcff03c1,mobile,256,
user_00347,prod_00382,view,2026-01-27 11:41:18,sess_41d2516a,tablet,40,
user_00007,prod_00186,view,2026-02-13 11:41:18,sess_0d926f93,desktop,181,
user_00395,prod_00115,view,2026-02-26 11:41:18,sess_0d289f68,mobile,162,
user_00560,prod_00284,view,2026-03-27 11:41:18,sess_2169b8ff,mobile,17,
user_00173,prod_00129,view,2026-03-21 11:41:18,sess_67d1d071,mobile,235,
user_00474,prod_00193,view,2026-02-08 11:41:18,sess_67bf0b2d,mobile,196,
user_00686,prod_00299,like,2026-02-20 11:41:18,sess_e24aa858,mobile,54,
user_00133,prod_00375,view,2026-03-08 11:41:18,sess_992de33c,mobile,252,
user_00997,prod_00377,like,2026-01-09 11:41:18,sess_7f991eec,mobile,44,
user_00727,prod_00319,view,2026-02-22 11:41:18,sess_7963093f,desktop,290,
user_00742,prod_00289,view,2026-01-28 11:41:18,sess_56d62dec,mobile,228,
user_00072,prod_00323,view,2026-02-21 11:41:18,sess_582e7636,tablet,262,
user_00644,prod_00384,view,2026-02-09 11:41:18,sess_5f2e9293,mobile,276,
user_00705,prod_00416,view,2026-01-13 11:41:18,sess_dc3ff0ea,desktop,49,
user_00314,prod_00180,view,2026-01-30 11:41:18,sess_08f1c57a,mobile,113,
user_00201,prod_00457,view,2026-01-23 11:41:18,sess_fdb5fb38,desktop,28,
user_00228,prod_00438,like,2026-01-20 11:41:18,sess_6431d1f9,desktop,84,
user_00509,prod_00031,view,2026-01-09 11:41:18,sess_de1deaaf,tablet,123,
user_00285,prod_00157,like,2026-01-05 11:41:18,sess_4776398c,desktop,201,
user_00268,prod_00247,view,2026-02-15 11:41:18,sess_d338881e,tablet,67,
user_00256,prod_00051,view,2026-02-11 11:41:18,sess_ff6209f8,mobile,89,
user_00737,prod_00038,view,2026-01-15 11:41:18,sess_4dd274f7,desktop,281,
user_00546,prod_00037,view,2026-01-18 11:41:18,sess_3f379e7e,tablet,215,
user_00394,prod_00017,view,2026-02-28 11:41:18,sess_9ab99ff1,desktop,56,
user_00074,prod_00127,like,2026-01-16 11:41:18,sess_c544b148,tablet,151,
user_00371,prod_00231,view,2026-01-29 11:41:18,sess_55d9ae1e,desktop,284,
user_00675,prod_00053,like,2026-01-06 11:41:18,sess_3dc5ca7c,mobile,86,
user_00285,prod_00241,like,2026-02-21 11:41:18,sess_dd955cf0,mobile,147,
user_00185,prod_00486,view,2026-02-02 11:41:18,sess_7e29326b,desktop,180,
user_00697,prod_00141,cart,2026-02-02 11:41:18,sess_7713a0a7,mobile,104,
user_00006,prod_00035,view,2026-02-25 11:41:18,sess_342c6299,tablet,238,
user_00402,prod_00189,view,2026-02-11 11:41:18,sess_28b49733,tablet,293,
user_00076,prod_00216,like,2026-02-16 11:41:18,sess_123a93b1,tablet,52,
user_00810,prod_00225,like,2026-03-03 11:41:18,sess_f22bf18e,desktop,32,
user_00913,prod_00059,like,2026-03-10 11:41:18,sess_09c6546c,mobile,69,
user_00622,prod_00493,view,2026-03-18 11:41:18,sess_c7c1a05f,tablet,212,
user_00724,prod_00413,view,2026-02-22 11:41:18,sess_c2c8cff0,desktop,55,
user_00561,prod_00339,purchase,2026-01-23 11:41:18,sess_0ccd8131,desktop,120,3.1
user_00828,prod_00412,view,2026-01-12 11:41:18,sess_e5ceacc9,desktop,86,
user_00020,prod_00400,like,2026-01-11 11:41:18,sess_2d6e628f,tablet,24,
user_00882,prod_00323,view,2026-01-14 11:41:18,sess_f829cf73,desktop,173,
user_00757,prod_00295,view,2026-03-17 11:41:18,sess_89c18367,tablet,260,
user_00023,prod_00500,view,2026-03-21 11:41:18,sess_57add954,desktop,234,
user_00931,prod_00134,view,2026-01-27 11:41:18,sess_0baea98e,mobile,221,
user_00903,prod_00165,view,2026-01-03 11:41:18,sess_e6ba4754,tablet,274,
user_00921,prod_00221,view,2026-01-20 11:41:18,sess_98f67837,tablet,173,
user_00122,prod_00375,view,2026-03-28 11:41:18,sess_4deb9294,mobile,290,
user_00954,prod_00425,view,2026-01-23 11:41:18,sess_ccd72b2c,desktop,244,
user_00627,prod_00154,view,2026-02-15 11:41:18,sess_2d135286,desktop,47,
user_00683,prod_00189,view,2026-01-15 11:41:18,sess_25590b9b,tablet,179,
user_00092,prod_00055,view,2026-01-03 11:41:18,sess_d071fc7d,desktop,278,
user_00502,prod_00103,view,2026-03-23 11:41:18,sess_fa9587f6,tablet,169,
user_00120,prod_00358,view,2026-02-07 11:41:18,sess_395aefaf,desktop,236,
user_00384,prod_00235,view,2026-02-10 11:41:18,sess_d0afb76a,tablet,167,
user_00298,prod_00013,view,2026-03-05 11:41:18,sess_67e73e99,tablet,152,
user_00988,prod_00095,view,2026-01-11 11:41:18,sess_182d9ade,tablet,200,
user_00602,prod_00317,view,2026-03-02 11:41:18,sess_0befb5e0,tablet,185,
user_00476,prod_00012,view,2026-01-19 11:41:18,sess_3cb535c6,desktop,182,
user_00068,prod_00321,view,2026-02-24 11:41:18,sess_fd649647,tablet,36,
user_00179,prod_00114,like,2026-03-06 11:41:18,sess_c28d04f0,mobile,108,
user_00551,prod_00060,like,2026-02-23 11:41:18,sess_9680945a,mobile,298,
user_00406,prod_00448,like,2026-03-10 11:41:18,sess_ec71b02b,mobile,183,
user_00800,prod_00487,view,2026-02-04 11:41:18,sess_12f193da,mobile,65,
user_00878,prod_00003,view,2026-02-02 11:41:18,sess_eaf2d9db,mobile,229,
user_00822,prod_00070,view,2026-01-30 11:41:18,sess_1dc9eb4f,desktop,145,
user_00902,prod_00298,view,2026-01-16 11:41:18,sess_41dfbbf6,desktop,114,
user_00987,prod_00009,view,2026-01-04 11:41:18,sess_f7f66206,mobile,246,
user_00794,prod_00131,like,2026-01-25 11:41:18,sess_d5f5900f,tablet,269,
user_00209,prod_00003,view,2026-03-13 11:41:18,sess_830c8764,tablet,138,
user_00529,prod_00063,cart,2026-01-15 11:41:18,sess_30639909,tablet,219,
user_00500,prod_00077,view,2026-01-10 11:41:18,sess_f67c6a26,mobile,40,
user_00440,prod_00465,view,2026-01-11 11:41:18,sess_9e3a99ee,tablet,19,
user_00037,prod_00138,view,2026-03-09 11:41:18,sess_d0e20377,tablet,276,
user_00960,prod_00276,like,2026-01-27 11:41:18,sess_e6b9fbb0,mobile,292,
user_00964,prod_00449,view,2026-03-22 11:41:18,sess_becd30bb,desktop,91,
user_00915,prod_00382,view,2026-02-24 11:41:18,sess_0ed6e66c,desktop,132,
user_00090,prod_00023,view,2026-03-03 11:41:18,sess_4762a811,mobile,53,
user_00023,prod_00459,like,2026-03-26 11:41:18,sess_db00baec,mobile,99,
user_00748,prod_00175,view,2026-03-27 11:41:18,sess_a165ae7d,tablet,268,
user_00221,prod_00056,cart,2026-02-23 11:41:18,sess_66f59a4d,mobile,20,
user_00937,prod_00234,view,2026-01-20 11:41:18,sess_f1264826,tablet,116,
user_00903,prod_00022,purchase,2026-01-19 11:41:18,sess_b2769188,mobile,257,3.5
user_00703,prod_00455,view,2026-01-19 11:41:18,sess_1e9e3504,mobile,257,
user_00287,prod_00260,view,2026-02-02 11:41:18,sess_0b7886bb,desktop,284,
user_00902,prod_00080,view,2026-01-21 11:41:18,sess_be622422,desktop,135,
user_00170,prod_00419,view,2026-02-06 11:41:18,sess_bcdde379,desktop,241,
user_00096,prod_00478,view,2026-02-09 11:41:18,sess_09a94f1f,desktop,283,
user_00558,prod_00460,like,2026-03-20 11:41:18,sess_93f176c5,mobile,143,
user_00354,prod_00014,view,2026-01-04 11:41:18,sess_33eb9574,mobile,56,
user_00161,prod_00410,like,2026-03-17 11:41:18,sess_49cfb5cf,mobile,214,
user_00055,prod_00234,view,2026-03-18 11:41:18,sess_9e328d9b,mobile,209,
user_00626,prod_00333,view,2026-03-07 11:41:18,sess_226f89ba,mobile,197,
user_00575,prod_00139,view,2026-03-28 11:41:18,sess_6b11adf2,mobile,29,
user_00389,prod_00100,cart,2026-03-26 11:41:18,sess_54ab618f,tablet,71,
user_00288,prod_00132,view,2026-02-13 11:41:18,sess_401f4990,tablet,157,
user_00005,prod_00341,like,2026-02-22 11:41:18,sess_11470c13,mobile,298,
user_00828,prod_00202,like,2026-01-31 11:41:18,sess_70fe20a4,mobile,256,
user_00692,prod_00107,view,2026-01-18 11:41:18,sess_9a8bdf58,tablet,256,
user_00038,prod_00223,view,2026-02-09 11:41:18,sess_31b072b7,mobile,13,
user_00216,prod_00227,like,2026-01-16 11:41:18,sess_737136c5,tablet,44,
user_00684,prod_00224,view,2025-12-31 11:41:18,sess_f6b9fca3,mobile,42,
user_00261,prod_00075,view,2026-03-27 11:41:18,sess_59bb26c4,desktop,290,
user_00792,prod_00040,like,2026-01-13 11:41:18,sess_4ea6ed72,mobile,10,
user_00507,prod_00030,view,2026-03-02 11:41:18,sess_1a83429d,tablet,154,
user_00178,prod_00237,like,2026-02-20 11:41:18,sess_eba44b15,desktop,34,
user_00427,prod_00342,view,2026-01-17 11:41:18,sess_9c27bedb,mobile,70,
user_00851,prod_00066,view,2026-03-18 11:41:18,sess_7d63b0c2,desktop,153,
user_00051,prod_00407,view,2026-01-25 11:41:18,sess_c5fe1bbd,tablet,297,
user_00369,prod_00422,view,2026-02-24 11:41:18,sess_38e7e531,mobile,148,
user_00806,prod_00427,view,2026-02-06 11:41:18,sess_984977d7,desktop,116,
user_00619,prod_00247,cart,2026-03-19 11:41:18,sess_2268e790,mobile,27,
user_00395,prod_00107,view,2026-01-26 11:41:18,sess_5d47a31c,desktop,249,
user_00635,prod_00140,view,2026-02-07 11:41:18,sess_e6ce1ade,desktop,187,
user_00429,prod_00144,view,2026-01-26 11:41:18,sess_a4dba99a,desktop,208,
user_00958,prod_00226,like,2025-12-31 11:41:18,sess_b6f23a6f,tablet,57,
user_00403,prod_00470,like,2026-03-12 11:41:18,sess_a641f69e,mobile,61,
user_00434,prod_00360,like,2026-01-03 11:41:18,sess_74add20c,desktop,151,
user_00708,prod_00325,view,2026-02-07 11:41:18,sess_7be536c2,mobile,11,
user_00017,prod_00146,view,2026-01-10 11:41:18,sess_345af6ae,mobile,32,
user_00343,prod_00432,like,2026-02-12 11:41:18,sess_51cf4336,mobile,154,
user_00410,prod_00298,view,2026-01-04 11:41:18,sess_7e7f5ffd,mobile,279,
user_00929,prod_00117,view,2026-03-04 11:41:18,sess_68aca50d,tablet,239,
user_00591,prod_00385,view,2026-01-31 11:41:18,sess_2a0b14db,tablet,115,
user_00784,prod_00131,view,2026-03-24 11:41:18,sess_eb2854ac,desktop,188,
user_00037,prod_00496,view,2026-03-03 11:41:18,sess_2e6ee0a4,desktop,144,
user_00925,prod_00493,view,2026-02-03 11:41:18,sess_75ecac29,desktop,24,
user_00129,prod_00372,view,2026-03-11 11:41:18,sess_83200aa6,tablet,27,
user_00682,prod_00347,view,2026-03-30 11:41:18,sess_e8d93b9e,mobile,56,
user_00149,prod_00406,view,2026-01-16 11:41:18,sess_810cacba,desktop,299,
user_00629,prod_00433,view,2026-03-08 11:41:18,sess_e0805fb3,desktop,40,
user_00623,prod_00356,view,2026-02-08 11:41:18,sess_b8054f41,desktop,170,
user_00932,prod_00411,view,2026-03-25 11:41:18,sess_c383b5d9,mobile,284,
user_00089,prod_00056,like,2026-01-04 11:41:18,sess_3ea6a746,mobile,82,
user_00711,prod_00182,view,2026-02-08 11:41:18,sess_1127fb56,mobile,151,
user_00274,prod_00500,view,2026-03-11 11:41:18,sess_e8c31b55,mobile,219,
user_00347,prod_00038,like,2026-03-22 11:41:18,sess_a1e02bf0,mobile,155,
user_00920,prod_00210,like,2026-02-28 11:41:18,sess_afbdde1e,desktop,12,
user_00178,prod_00063,view,2026-02-26 11:41:18,sess_62678fa7,desktop,26,
user_00886,prod_00105,view,2026-01-15 11:41:18,sess_2de2c67d,tablet,208,
user_00950,prod_00237,view,2026-01-04 11:41:18,sess_ee3b476c,mobile,82,
user_00121,prod_00104,like,2026-03-05 11:41:18,sess_500b825a,desktop,200,
user_00389,prod_00357,view,2026-01-12 11:41:18,sess_aff19347,mobile,108,
user_00945,prod_00356,cart,2026-03-01 11:41:18,sess_23f14607,tablet,146,
user_00978,prod_00441,view,2026-02-09 11:41:18,sess_f51ecef1,mobile,44,
user_00860,prod_00485,view,2026-03-16 11:41:18,sess_b3ac0313,tablet,72,
user_00010,prod_00176,view,2026-02-22 11:41:18,sess_64a964db,desktop,236,
user_00382,prod_00113,view,2026-03-23 11:41:18,sess_586d5472,mobile,250,
user_00304,prod_00265,like,2026-02-28 11:41:18,sess_ba2ccfa0,mobile,130,
user_00976,prod_00220,view,2026-02-02 11:41:18,sess_726ce5b2,desktop,61,
user_00514,prod_00016,view,2026-02-14 11:41:18,sess_11e82ee6,desktop,193,
user_00549,prod_00073,like,2026-01-25 11:41:18,sess_420c36f8,desktop,290,
user_00764,prod_00497,view,2026-03-05 11:41:18,sess_66b44883,tablet,179,
user_00786,prod_00267,view,2026-02-15 11:41:18,sess_cfb93754,mobile,250,
user_00832,prod_00106,like,2026-03-14 11:41:18,sess_c524b519,tablet,133,
user_00979,prod_00350,view,2026-02-27 11:41:18,sess_4e96e037,desktop,223,
user_00414,prod_00227,view,2026-03-03 11:41:18,sess_8c737fc3,tablet,212,
user_00767,prod_00092,view,2026-01-20 11:41:18,sess_8e85d090,tablet,239,
user_00343,prod_00158,view,2026-01-04 11:41:18,sess_8599e81c,mobile,97,
user_00086,prod_00148,like,2026-03-06 11:41:18,sess_2bf5a66d,tablet,121,
user_00584,prod_00133,like,2026-03-11 11:41:18,sess_b4a8465b,tablet,266,
user_00124,prod_00394,like,2026-02-10 11:41:18,sess_033e56e3,mobile,155,
user_00056,prod_00090,view,2026-01-31 11:41:18,sess_7dd4b13a,desktop,14,
user_00394,prod_00144,view,2026-02-15 11:41:18,sess_37a37c93,desktop,272,
user_01000,prod_00479,view,2026-01-14 11:41:18,sess_3635f503,mobile,142,
user_00886,prod_00382,like,2026-03-25 11:41:18,sess_bae6c32b,desktop,284,
user_00530,prod_00160,like,2026-01-04 11:41:18,sess_213589b3,tablet,204,
user_00028,prod_00201,like,2026-03-01 11:41:18,sess_6a50a1c2,tablet,61,
user_00614,prod_00071,view,2025-12-31 11:41:18,sess_4658f22f,tablet,262,
user_00704,prod_00337,view,2026-02-26 11:41:18,sess_18927a11,desktop,219,
user_00734,prod_00349,like,2026-01-20 11:41:18,sess_adbc1aad,desktop,263,
user_00919,prod_00423,view,2026-03-07 11:41:18,sess_073f5bc4,desktop,164,
user_00949,prod_00265,like,2026-02-21 11:41:18,sess_a614ae62,desktop,150,
user_00533,prod_00428,view,2026-03-15 11:41:18,sess_48e8d811,tablet,182,
user_00619,prod_00042,view,2026-01-14 11:41:18,sess_57b2fec2,desktop,61,
user_00849,prod_00371,view,2026-02-19 11:41:18,sess_d5630c8e,tablet,233,
user_00483,prod_00083,view,2026-01-25 11:41:18,sess_5d352a6f,desktop,163,
user_00045,prod_00376,like,2026-01-18 11:41:18,sess_f85617f2,mobile,106,
user_00091,prod_00351,view,2026-01-06 11:41:18,sess_dd753087,mobile,185,
user_00525,prod_00439,view,2026-01-23 11:41:18,sess_efcd9dfd,desktop,139,
user_00938,prod_00376,like,2026-01-25 11:41:18,sess_259edfad,mobile,140,
user_00370,prod_00167,like,2026-01-12 11:41:18,sess_e3751193,tablet,195,
user_00119,prod_00083,view,2026-01-03 11:41:18,sess_7cf478e0,desktop,161,
user_00770,prod_00468,like,2026-03-01 11:41:18,sess_5f8e3446,desktop,180,
user_00128,prod_00437,like,2026-03-25 11:41:18,sess_864bd999,tablet,88,
user_00198,prod_00443,like,2026-03-28 11:41:18,sess_c1217137,desktop,265,
user_00190,prod_00057,view,2026-03-02 11:41:18,sess_d4bcbc26,desktop,268,
user_00123,prod_00400,like,2026-02-02 11:41:18,sess_90720964,tablet,174,
user_00085,prod_00319,view,2025-12-31 11:41:18,sess_c5e14c39,desktop,196,
user_00154,prod_00136,view,2026-01-25 11:41:18,sess_036f4c67,tablet,243,
user_00178,prod_00120,view,2026-01-17 11:41:18,sess_14bd8791,tablet,267,
user_00823,prod_00265,like,2026-01-13 11:41:18,sess_5b71e6b8,mobile,229,
user_00495,prod_00403,view,2026-01-09 11:41:18,sess_e7343f5b,tablet,287,
user_00291,prod_00182,like,2026-03-26 11:41:18,sess_4b614e8f,desktop,155,
user_00747,prod_00258,like,2026-01-16 11:41:18,sess_caaeee7a,mobile,100,
user_00615,prod_00259,view,2026-02-27 11:41:18,sess_37c66566,tablet,192,
user_00693,prod_00443,view,2026-01-09 11:41:18,sess_d441f70e,desktop,115,
user_00150,prod_00106,view,2026-03-21 11:41:18,sess_c55d740f,desktop,48,
user_00624,prod_00500,like,2026-02-03 11:41:18,sess_efc5302c,mobile,72,
user_00610,prod_00453,view,2026-03-15 11:41:18,sess_6c4ef404,desktop,216,
user_00130,prod_00037,view,2026-01-08 11:41:18,sess_cd4f21db,desktop,143,
user_00816,prod_00286,view,2026-02-22 11:41:18,sess_f9ef7312,desktop,31,
user_00243,prod_00330,view,2026-02-08 11:41:18,sess_fcf68692,mobile,269,
user_00438,prod_00342,view,2026-01-09 11:41:18,sess_8ab05ffa,tablet,237,
user_00848,prod_00060,view,2026-01-25 11:41:18,sess_2bc1e570,desktop,15,
user_00342,prod_00116,view,2026-01-19 11:41:18,sess_d819017b,desktop,174,
user_00560,prod_00167,view,2026-01-24 11:41:18,sess_31b02989,tablet,245,
user_00400,prod_00376,view,2026-01-30 11:41:18,sess_a2e045a9,desktop,218,
user_00060,prod_00006,cart,2026-02-11 11:41:18,sess_133cabf9,tablet,290,
user_00177,prod_00412,view,2026-02-28 11:41:18,sess_ed2451db,desktop,50,
user_00489,prod_00045,view,2026-01-01 11:41:18,sess_514c04a7,tablet,232,
user_00265,prod_00174,like,2026-03-24 11:41:18,sess_a1c9a6bf,desktop,141,
user_00972,prod_00339,view,2026-01-01 11:41:18,sess_b648ba83,desktop,41,
user_00656,prod_00089,view,2026-02-22 11:41:18,sess_3971eb28,desktop,59,
user_00100,prod_00167,view,2026-03-07 11:41:18,sess_6ea8d7ad,desktop,20,
user_00811,prod_00071,view,2026-01-03 11:41:18,sess_22241e56,tablet,99,
user_00056,prod_00059,view,2026-03-16 11:41:18,sess_8f5cc81f,mobile,20,
user_00916,prod_00264,view,2026-03-06 11:41:18,sess_e29ce71b,mobile,43,
user_00787,prod_00223,view,2026-03-15 11:41:18,sess_60356310,desktop,70,
user_00151,prod_00454,view,2026-03-23 11:41:18,sess_9814d276,tablet,294,
user_00433,prod_00015,like,2026-01-27 11:41:18,sess_54dcbf0a,desktop,201,
user_00828,prod_00240,view,2026-01-18 11:41:18,sess_c88d0451,mobile,201,
user_00781,prod_00006,view,2026-02-15 11:41:18,sess_9375e586,tablet,35,
user_00729,prod_00215,view,2026-03-18 11:41:18,sess_2fe22f5a,mobile,281,
user_00235,prod_00092,view,2025-12-31 11:41:18,sess_4997b552,tablet,54,
user_00676,prod_00151,view,2026-01-10 11:41:18,sess_ccee31a9,mobile,144,
user_00207,prod_00468,view,2026-03-18 11:41:18,sess_e99cd068,desktop,102,
user_00757,prod_00075,view,2026-02-14 11:41:18,sess_513fe04a,tablet,188,
user_00161,prod_00080,view,2026-03-20 11:41:18,sess_55260be8,mobile,132,
user_00954,prod_00134,view,2026-01-19 11:41:18,sess_17c36eb1,mobile,75,
user_00425,prod_00375,like,2026-03-02 11:41:18,sess_ac173ae1,desktop,94,
user_00484,prod_00123,like,2026-02-06 11:41:18,sess_4b7e81f4,tablet,284,
user_00332,prod_00209,like,2026-01-11 11:41:18,sess_dd6573b2,desktop,171,
user_00774,prod_00208,view,2026-01-12 11:41:18,sess_868cea82,mobile,46,
user_00635,prod_00192,view,2026-01-14 11:41:18,sess_6f1edda1,desktop,174,
user_00579,prod_00054,like,2026-02-26 11:41:18,sess_33b9bde7,tablet,135,
user_00632,prod_00112,view,2026-01-01 11:41:18,sess_80970f00,tablet,163,
user_00337,prod_00233,view,2026-01-06 11:41:18,sess_edc1f8c7,tablet,36,
user_00753,prod_00413,like,2026-01-29 11:41:18,sess_8d6654f0,mobile,163,
user_00672,prod_00198,cart,2026-01-03 11:41:18,sess_2c934be5,mobile,289,
user_00433,prod_00007,like,2026-01-11 11:41:18,sess_cba2924d,mobile,21,
user_00523,prod_00038,view,2026-03-02 11:41:18,sess_e7427013,desktop,275,
user_00057,prod_00058,view,2026-01-31 11:41:18,sess_02cac5d7,mobile,265,
user_00671,prod_00330,view,2026-02-26 11:41:18,sess_e1e3a653,desktop,166,
user_00878,prod_00450,like,2026-02-07 11:41:18,sess_dd827652,desktop,73,
user_00092,prod_00499,view,2026-02-16 11:41:18,sess_acb6728d,mobile,49,
user_00008,prod_00291,view,2026-01-02 11:41:18,sess_a3b7bed0,tablet,72,
user_00412,prod_00182,view,2026-02-15 11:41:18,sess_b4eeae15,desktop,50,
user_00308,prod_00413,view,2026-03-29 11:41:18,sess_108571eb,mobile,8,
user_00546,prod_00263,view,2026-02-20 11:41:18,sess_20953f0d,tablet,59,
user_00316,prod_00123,like,2026-02-11 11:41:18,sess_8f01edf2,desktop,224,
user_00808,prod_00297,view,2026-02-23 11:41:18,sess_2672f6fd,tablet,123,
user_00364,prod_00148,like,2026-03-12 11:41:18,sess_b4d109fc,desktop,218,
user_00883,prod_00474,view,2026-01-12 11:41:18,sess_4577880a,tablet,25,
user_00243,prod_00230,view,2026-03-19 11:41:18,sess_41186bd3,mobile,9,
user_00813,prod_00088,view,2026-03-06 11:41:18,sess_5a2a4387,desktop,168,
user_00879,prod_00468,view,2026-01-20 11:41:18,sess_664e0288,desktop,63,
user_00712,prod_00178,view,2026-01-16 11:41:18,sess_b5b98a2a,desktop,25,
user_00681,prod_00011,view,2026-02-03 11:41:18,sess_5a6ecdc6,desktop,73,
user_00233,prod_00301,like,2026-01-23 11:41:18,sess_cceb65ea,tablet,46,
user_00107,prod_00269,view,2026-03-24 11:41:18,sess_8bb02d3d,desktop,198,
user_00876,prod_00396,view,2026-01-16 11:41:18,sess_ce89cb9c,desktop,167,
user_00549,prod_00338,cart,2026-03-12 11:41:18,sess_3c21bc11,desktop,119,
user_00709,prod_00225,view,2026-02-06 11:41:18,sess_2f797df7,desktop,132,
user_00135,prod_00431,like,2026-01-27 11:41:18,sess_c6c1429b,mobile,95,
user_00561,prod_00325,view,2026-01-26 11:41:18,sess_35f11a61,mobile,112,
user_00564,prod_00015,view,2026-03-11 11:41:18,sess_e2c5485d,mobile,211,
user_00873,prod_00431,view,2026-02-09 11:41:18,sess_421d2303,tablet,202,
user_00535,prod_00323,view,2026-02-25 11:41:18,sess_51b9121b,mobile,273,
user_00578,prod_00446,view,2026-02-25 11:41:18,sess_59aedae1,mobile,208,
user_00556,prod_00167,view,2026-03-30 11:41:18,sess_296f2397,tablet,211,
user_00519,prod_00270,like,2026-02-28 11:41:18,sess_7a3552fd,mobile,41,
user_00639,prod_00040,view,2026-03-26 11:41:18,sess_4e82be5e,desktop,157,
user_00130,prod_00049,view,2026-03-04 11:41:18,sess_f5834e1a,desktop,277,
user_00798,prod_00178,view,2026-02-14 11:41:18,sess_5b0e92ab,tablet,12,
user_00291,prod_00160,view,2026-03-27 11:41:18,sess_3a45cd0b,desktop,154,
user_00921,prod_00050,cart,2026-01-05 11:41:18,sess_d9212253,tablet,202,
user_00787,prod_00386,purchase,2026-03-02 11:41:18,sess_434bd1d2,mobile,230,3.3
user_00264,prod_00500,view,2026-03-14 11:41:18,sess_af898d12,mobile,72,
user_00767,prod_00466,view,2026-01-03 11:41:18,sess_84b9e59f,desktop,15,
user_00384,prod_00447,view,2026-01-21 11:41:18,sess_e2329909,desktop,219,
user_00608,prod_00474,like,2026-03-18 11:41:18,sess_4cc8c4fe,tablet,259,
user_00054,prod_00257,view,2026-03-12 11:41:18,sess_9db86dcb,desktop,81,
user_00974,prod_00032,view,2026-03-28 11:41:18,sess_b12a2abc,tablet,232,
user_00893,prod_00237,view,2026-01-13 11:41:18,sess_810c1b68,desktop,205,
user_00954,prod_00228,view,2026-02-18 11:41:18,sess_5b82f4c8,tablet,228,
user_00998,prod_00032,purchase,2026-02-11 11:41:18,sess_b04882ce,tablet,170,4.0
user_00590,prod_00035,view,2026-02-14 11:41:18,sess_03660893,mobile,228,
user_00919,prod_00255,cart,2026-03-22 11:41:18,sess_f692a1de,tablet,168,
user_00146,prod_00208,view,2026-01-24 11:41:18,sess_0fd95df1,desktop,245,
user_00062,prod_00341,view,2025-12-31 11:41:18,sess_d366f63d,tablet,247,
user_00144,prod_00452,like,2026-01-06 11:41:18,sess_2958e054,desktop,137,
user_00474,prod_00041,view,2026-01-04 11:41:18,sess_76e40181,desktop,288,
user_00094,prod_00359,view,2026-01-19 11:41:18,sess_82188cde,mobile,121,
user_00019,prod_00432,view,2026-02-28 11:41:18,sess_47303bb5,desktop,78,
user_00381,prod_00329,view,2026-01-04 11:41:18,sess_df85f4c7,desktop,130,
user_00976,prod_00383,view,2026-01-18 11:41:18,sess_4dd40733,mobile,280,
user_00512,prod_00355,view,2026-02-22 11:41:18,sess_6bad2cac,mobile,148,
user_00945,prod_00220,view,2026-03-22 11:41:18,sess_45e03540,mobile,227,
user_00993,prod_00352,view,2026-01-25 11:41:18,sess_c6bd6f56,mobile,197,
user_00094,prod_00271,like,2026-02-17 11:41:18,sess_72fd30fb,mobile,224,
user_00395,prod_00397,view,2026-03-28 11:41:18,sess_ed22a3a2,tablet,44,
user_00567,prod_00037,view,2026-03-23 11:41:18,sess_dba3058d,mobile,242,
user_00309,prod_00386,view,2026-03-21 11:41:18,sess_22e48913,mobile,178,
user_00068,prod_00146,like,2026-03-18 11:41:18,sess_3d3ac322,tablet,45,
user_00134,prod_00160,view,2026-03-10 11:41:18,sess_e103df90,mobile,84,
user_00083,prod_00407,like,2026-03-28 11:41:18,sess_3daaa871,mobile,202,
user_00040,prod_00408,view,2026-01-25 11:41:18,sess_a42e5e22,tablet,232,
user_00617,prod_00401,like,2026-01-30 11:41:18,sess_c11bd57a,desktop,228,
user_00973,prod_00380,view,2026-03-28 11:41:18,sess_4768ff50,tablet,162,
user_00379,prod_00071,view,2026-02-15 11:41:18,sess_2befb67f,tablet,144,
user_00763,prod_00004,view,2026-02-25 11:41:18,sess_7ca4633a,tablet,158,
user_00711,prod_00041,like,2026-01-24 11:41:18,sess_50b44fc5,desktop,168,
user_00370,prod_00080,like,2026-01-10 11:41:18,sess_4e76ffb7,tablet,135,
user_00829,prod_00065,view,2026-03-21 11:41:18,sess_dcc25645,desktop,51,
user_00915,prod_00121,cart,2026-02-18 11:41:18,sess_f0e4a580,tablet,225,
user_00878,prod_00056,view,2026-03-06 11:41:18,sess_08d1ba8e,tablet,114,
user_00012,prod_00179,view,2026-01-09 11:41:18,sess_cddf3ce0,mobile,60,
user_00080,prod_00064,view,2026-03-04 11:41:18,sess_e7bcf656,tablet,220,
user_00481,prod_00368,view,2026-03-15 11:41:18,sess_01cc139a,mobile,194,
user_00744,prod_00324,like,2026-03-21 11:41:18,sess_b36bec54,mobile,269,
user_00600,prod_00016,view,2026-03-24 11:41:18,sess_0c1e8ebb,tablet,251,
user_00599,prod_00292,like,2026-03-22 11:41:18,sess_54feb71f,mobile,269,
user_00825,prod_00333,view,2026-01-12 11:41:18,sess_84eb649b,tablet,221,
user_00842,prod_00476,view,2026-01-24 11:41:18,sess_c3956295,mobile,292,
user_00578,prod_00209,view,2026-02-24 11:41:18,sess_57d2e7a3,mobile,109,
user_00783,prod_00163,view,2026-01-20 11:41:18,sess_0cc3a8df,mobile,194,
user_00518,prod_00368,view,2026-01-20 11:41:18,sess_b66b171c,tablet,236,
user_00498,prod_00338,view,2026-01-31 11:41:18,sess_710f4ced,desktop,289,
user_00507,prod_00292,view,2026-02-22 11:41:18,sess_9ccc3150,desktop,138,
user_00280,prod_00082,view,2026-01-16 11:41:18,sess_6a16ecda,tablet,200,
user_00279,prod_00264,view,2026-01-15 11:41:18,sess_6402ec7b,mobile,246,
user_00030,prod_00451,view,2026-01-27 11:41:18,sess_5a0baa66,desktop,135,
user_00149,prod_00408,like,2026-01-19 11:41:18,sess_a40ebc32,mobile,51,
user_00309,prod_00238,view,2026-01-19 11:41:18,sess_2dd47f59,mobile,210,
user_00195,prod_00332,view,2026-01-10 11:41:18,sess_4f466245,desktop,187,
user_00783,prod_00261,view,2026-01-22 11:41:18,sess_7ecff1df,tablet,59,
user_00280,prod_00028,like,2026-02-15 11:41:18,sess_aa843198,desktop,171,
user_00248,prod_00216,view,2026-03-06 11:41:18,sess_67c4e4e1,tablet,93,
user_00929,prod_00214,view,2026-02-14 11:41:18,sess_4684a3bd,tablet,232,
user_00060,prod_00260,view,2026-01-29 11:41:18,sess_062bb60f,desktop,198,
user_00418,prod_00413,like,2026-02-09 11:41:18,sess_70b1616d,desktop,270,
user_00684,prod_00138,view,2026-01-12 11:41:18,sess_c03ace6a,tablet,184,
user_00482,prod_00063,view,2026-02-09 11:41:18,sess_b6878241,mobile,54,
user_00263,prod_00445,like,2026-01-08 11:41:18,sess_145f3ec8,desktop,218,
user_00012,prod_00194,view,2026-02-13 11:41:18,sess_3f290a0f,mobile,96,
user_00910,prod_00390,view,2026-01-04 11:41:18,sess_8efa728f,desktop,152,
user_00220,prod_00223,like,2026-02-22 11:41:18,sess_4f9a831f,tablet,207,
user_00738,prod_00391,view,2026-01-26 11:41:18,sess_3f3fa6ca,desktop,170,
user_00451,prod_00383,view,2026-01-23 11:41:18,sess_50c12010,mobile,226,
user_00668,prod_00110,view,2026-01-03 11:41:18,sess_6683cd34,mobile,23,
user_00934,prod_00260,like,2026-03-24 11:41:18,sess_ccf7ed95,mobile,222,
user_00364,prod_00495,view,2026-02-23 11:41:18,sess_e1c9d3bf,desktop,229,
user_00829,prod_00487,view,2026-02-20 11:41:18,sess_d6a6135b,mobile,295,
user_00724,prod_00350,view,2026-02-15 11:41:18,sess_15d35406,desktop,20,
user_00113,prod_00356,view,2026-02-21 11:41:18,sess_cf975e96,mobile,50,
user_00786,prod_00241,like,2026-02-04 11:41:18,sess_7f742818,tablet,119,
user_00099,prod_00257,view,2026-02-26 11:41:18,sess_bd99f605,mobile,79,
user_00401,prod_00458,cart,2026-02-16 11:41:18,sess_2881bebb,tablet,271,
user_00865,prod_00164,view,2026-03-09 11:41:18,sess_4a2c0992,mobile,47,
user_00048,prod_00228,view,2026-01-24 11:41:18,sess_32141aea,tablet,285,
user_00289,prod_00215,like,2026-03-28 11:41:18,sess_7dc88197,tablet,49,
user_00093,prod_00266,view,2026-01-24 11:41:18,sess_32a87f8c,mobile,245,
user_00169,prod_00205,cart,2026-01-24 11:41:18,sess_915ef96f,tablet,52,
user_00290,prod_00290,like,2026-01-19 11:41:18,sess_3df1011b,mobile,262,
user_00706,prod_00444,view,2026-01-07 11:41:18,sess_03f59ced,desktop,57,
user_00794,prod_00100,view,2026-01-22 11:41:18,sess_689b0871,mobile,280,
user_00574,prod_00392,view,2025-12-31 11:41:18,sess_88413519,mobile,143,
user_00215,prod_00408,view,2026-02-11 11:41:18,sess_039c8cdd,desktop,58,
user_00545,prod_00409,view,2026-03-05 11:41:18,sess_49ca1ed5,desktop,148,
user_00484,prod_00495,like,2026-02-19 11:41:18,sess_b523b95e,tablet,233,
user_00190,prod_00230,like,2026-03-05 11:41:18,sess_3cc889ba,mobile,281,
user_00027,prod_00227,view,2026-03-06 11:41:18,sess_bc99d9bf,desktop,231,
user_00526,prod_00053,like,2026-03-10 11:41:18,sess_531880dd,mobile,229,
user_00252,prod_00302,view,2025-12-31 11:41:18,sess_84dc242f,mobile,143,
user_00695,prod_00053,like,2026-01-21 11:41:18,sess_28fe3f87,desktop,47,
user_00222,prod_00203,view,2026-02-27 11:41:18,sess_95fa55df,desktop,293,
user_00771,prod_00452,view,2026-03-14 11:41:18,sess_35b86bb8,tablet,239,
user_00463,prod_00165,like,2026-03-26 11:41:18,sess_a554b1ad,mobile,149,
user_00154,prod_00035,like,2026-01-27 11:41:18,sess_703448aa,tablet,271,
user_00531,prod_00171,view,2026-03-30 11:41:18,sess_534487da,mobile,297,
user_00416,prod_00367,like,2026-01-16 11:41:18,sess_a67f2545,mobile,294,
user_00759,prod_00096,like,2026-01-08 11:41:18,sess_c394fa26,tablet,21,
user_00889,prod_00399,view,2026-01-13 11:41:18,sess_0d4126b6,mobile,295,
user_00499,prod_00377,like,2026-01-16 11:41:18,sess_3ae9feae,tablet,125,
user_00970,prod_00500,view,2026-03-29 11:41:18,sess_66412053,mobile,101,
user_00414,prod_00451,view,2026-01-25 11:41:18,sess_f392a389,tablet,102,
user_00084,prod_00313,cart,2025-12-30 11:41:18,sess_751d7ae2,desktop,138,
user_00794,prod_00203,view,2026-02-26 11:41:18,sess_0e29d35c,desktop,215,
user_00708,prod_00454,like,2026-01-07 11:41:18,sess_7216d695,tablet,173,
user_00024,prod_00188,view,2026-01-30 11:41:18,sess_b2bf0fd8,tablet,272,
user_00886,prod_00267,view,2026-01-18 11:41:18,sess_9a1358f3,mobile,196,
user_00592,prod_00170,view,2026-03-07 11:41:18,sess_517a995f,mobile,19,
user_00131,prod_00273,view,2026-03-02 11:41:18,sess_457b418d,tablet,236,
user_00887,prod_00500,like,2026-02-22 11:41:18,sess_f894d942,mobile,262,
user_00676,prod_00264,like,2026-03-08 11:41:18,sess_05e89bec,tablet,144,
user_00623,prod_00081,like,2026-02-07 11:41:18,sess_d0c80370,tablet,219,
user_00325,prod_00252,view,2026-02-15 11:41:18,sess_9cb83180,mobile,243,
user_00323,prod_00431,view,2026-03-11 11:41:18,sess_bb9b1a15,mobile,253,
user_00141,prod_00044,like,2026-03-24 11:41:18,sess_f77d1832,desktop,201,
user_00006,prod_00091,view,2026-01-26 11:41:18,sess_df56ca19,tablet,23,
user_00237,prod_00087,view,2026-03-06 11:41:18,sess_f26d9af0,desktop,278,
user_00898,prod_00455,view,2026-01-21 11:41:18,sess_9eae57cd,desktop,10,
user_00631,prod_00352,view,2026-03-12 11:41:18,sess_4bb257d3,tablet,123,
user_00574,prod_00489,view,2026-03-25 11:41:18,sess_b7c652eb,desktop,101,
user_00180,prod_00400,view,2025-12-30 11:41:18,sess_c931770e,tablet,276,
user_00137,prod_00337,like,2026-01-14 11:41:18,sess_65632f78,mobile,117,
user_00041,prod_00322,cart,2026-02-11 11:41:18,sess_9f55c801,desktop,253,
user_00057,prod_00144,view,2026-02-06 11:41:18,sess_722c3f96,desktop,5,
user_00830,prod_00386,view,2026-03-18 11:41:18,sess_022353e6,desktop,60,
user_00992,prod_00456,view,2026-03-07 11:41:18,sess_499677df,mobile,152,
user_00116,prod_00115,purchase,2026-03-27 11:41:18,sess_b96bd5c3,mobile,130,1.7
user_00900,prod_00379,like,2026-01-17 11:41:18,sess_d55f51a3,tablet,74,
user_00949,prod_00367,like,2026-02-22 11:41:18,sess_a4e4558c,mobile,258,
user_00240,prod_00163,view,2026-03-18 11:41:18,sess_e231743c,tablet,142,
user_00801,prod_00480,view,2026-03-19 11:41:18,sess_c0aa523c,mobile,48,
user_00615,prod_00422,view,2026-03-12 11:41:18,sess_620b43ec,mobile,5,
user_00337,prod_00313,view,2026-02-20 11:41:18,sess_55a306b8,tablet,96,
user_00833,prod_00442,like,2026-01-08 11:41:18,sess_37a63bae,desktop,66,
user_00729,prod_00335,view,2026-03-15 11:41:18,sess_ab89e46a,tablet,297,
user_00480,prod_00484,view,2026-02-28 11:41:18,sess_ff94f077,mobile,59,
user_00609,prod_00418,view,2026-02-23 11:41:18,sess_831843d0,mobile,63,
user_00834,prod_00223,cart,2026-02-21 11:41:18,sess_fe60bdf9,mobile,5,
user_00962,prod_00474,view,2026-01-18 11:41:18,sess_bf92e301,tablet,75,
user_00835,prod_00015,view,2026-02-14 11:41:18,sess_458018d3,desktop,79,
user_00664,prod_00321,view,2026-01-11 11:41:18,sess_98a407fd,tablet,101,
user_00648,prod_00091,view,2026-02-11 11:41:18,sess_cb7c7110,mobile,293,
user_00997,prod_00105,view,2026-01-08 11:41:18,sess_866cd272,tablet,69,
user_00053,prod_00381,view,2026-02-06 11:41:18,sess_7e93c8e1,tablet,242,
user_00634,prod_00367,like,2026-03-21 11:41:18,sess_9ce886c5,mobile,242,
user_00838,prod_00414,purchase,2026-03-28 11:41:18,sess_c9defb8e,desktop,300,2.8
user_00329,prod_00409,view,2026-03-09 11:41:18,sess_2f9e60d6,desktop,237,
user_00826,prod_00023,view,2026-03-28 11:41:18,sess_3cee18ba,desktop,289,
user_00436,prod_00444,like,2026-01-16 11:41:18,sess_572dfab4,mobile,36,
user_00729,prod_00345,cart,2025-12-31 11:41:18,sess_518a7516,desktop,152,
user_00047,prod_00138,view,2026-03-19 11:41:18,sess_3b5bc1a8,desktop,204,
user_00805,prod_00267,view,2026-03-23 11:41:18,sess_b8a10103,mobile,168,
user_00816,prod_00222,view,2026-01-20 11:41:18,sess_4a7db0ea,desktop,270,
user_00118,prod_00319,view,2026-02-21 11:41:18,sess_3c907a5b,desktop,283,
user_00191,prod_00362,view,2026-02-22 11:41:18,sess_7257750d,desktop,23,
user_00350,prod_00340,view,2026-01-30 11:41:18,sess_446421a6,tablet,54,
user_00864,prod_00248,view,2026-03-09 11:41:18,sess_af19d5cd,desktop,293,
user_00526,prod_00049,like,2026-02-13 11:41:18,sess_0eac4fb5,mobile,103,
user_00558,prod_00153,view,2026-01-08 11:41:18,sess_8441b170,mobile,218,
user_00616,prod_00233,view,2026-03-24 11:41:18,sess_06142c3a,tablet,95,
user_00932,prod_00394,view,2026-01-01 11:41:18,sess_9bf77231,mobile,27,
user_00659,prod_00186,view,2026-01-11 11:41:18,sess_61667418,tablet,9,
user_00194,prod_00133,view,2026-01-21 11:41:18,sess_6e2a8ed2,desktop,228,
user_00366,prod_00376,view,2026-01-29 11:41:18,sess_7d91f0a4,tablet,136,
user_00716,prod_00125,like,2025-12-30 11:41:18,sess_213f61b1,tablet,159,
user_00888,prod_00446,cart,2026-02-11 11:41:18,sess_ba8babc4,desktop,168,
user_00375,prod_00139,view,2026-01-22 11:41:18,sess_5aafb20f,mobile,42,
user_00855,prod_00051,like,2026-01-15 11:41:18,sess_81ae9820,desktop,143,
user_00932,prod_00068,like,2026-01-16 11:41:18,sess_dd9602ae,desktop,261,
user_00912,prod_00236,view,2026-01-13 11:41:18,sess_5366f089,desktop,117,
user_00004,prod_00437,view,2026-02-17 11:41:18,sess_8faf2803,tablet,179,
user_00024,prod_00291,like,2025-12-30 11:41:18,sess_f0d8e2aa,desktop,39,
user_00903,prod_00223,view,2026-03-09 11:41:18,sess_3ab60d4d,tablet,37,
user_00014,prod_00370,like,2026-03-17 11:41:18,sess_e2431f71,mobile,58,
user_00124,prod_00446,view,2026-02-27 11:41:18,sess_9718b0dd,mobile,47,
user_00445,prod_00458,view,2026-02-11 11:41:18,sess_4dede3a1,desktop,119,
user_00913,prod_00323,cart,2026-01-02 11:41:18,sess_76932df7,desktop,103,
user_00208,prod_00164,view,2026-02-08 11:41:18,sess_c8630d02,desktop,11,
user_00470,prod_00342,like,2026-01-17 11:41:18,sess_f26bc2b4,desktop,51,
user_00271,prod_00478,like,2026-02-15 11:41:18,sess_c41f68a2,tablet,79,
user_00707,prod_00259,like,2026-03-11 11:41:18,sess_e0e8bf75,desktop,247,
user_00892,prod_00235,like,2026-02-04 11:41:18,sess_9d4ab369,desktop,218,
user_00704,prod_00202,purchase,2026-03-03 11:41:18,sess_98186b2f,mobile,201,2.4
user_00521,prod_00201,view,2026-03-20 11:41:18,sess_6e9c0373,mobile,221,
user_00585,prod_00422,view,2026-02-09 11:41:18,sess_09fdfbe0,tablet,120,
user_00631,prod_00454,view,2026-01-15 11:41:18,sess_1993c7bb,tablet,213,
user_00952,prod_00080,view,2026-03-05 11:41:18,sess_3db6359e,desktop,93,
user_00516,prod_00466,view,2026-02-05 11:41:18,sess_69e91034,mobile,274,
user_00212,prod_00255,view,2026-01-09 11:41:18,sess_2202c61d,desktop,40,
user_00512,prod_00378,view,2026-02-27 11:41:18,sess_69033598,desktop,33,
user_00119,prod_00028,like,2026-01-02 11:41:18,sess_2cd33c2f,mobile,193,
user_00220,prod_00145,view,2026-02-16 11:41:18,sess_4f121a61,tablet,56,
user_00439,prod_00345,like,2026-01-09 11:41:18,sess_4933ac19,tablet,33,
user_00643,prod_00348,view,2026-02-19 11:41:18,sess_9b2bacc5,desktop,159,
user_00568,prod_00404,view,2026-01-23 11:41:18,sess_732452da,tablet,194,
user_00877,prod_00232,view,2026-03-27 11:41:18,sess_1f1e0ac4,mobile,197,
user_00898,prod_00451,view,2026-02-22 11:41:18,sess_84cda19c,mobile,280,
user_00799,prod_00221,view,2026-01-26 11:41:18,sess_b345fd7d,mobile,77,
user_00090,prod_00234,view,2026-02-15 11:41:18,sess_0d7609b7,desktop,219,
user_00469,prod_00119,view,2026-01-02 11:41:18,sess_98a9aaca,mobile,255,
user_00925,prod_00082,view,2026-03-10 11:41:18,sess_5406e210,tablet,104,
user_00424,prod_00192,view,2026-02-25 11:41:18,sess_369d7db0,desktop,226,
user_00422,prod_00181,view,2026-02-05 11:41:18,sess_97953901,desktop,19,
user_00920,prod_00081,view,2026-01-05 11:41:18,sess_7643c7a8,tablet,70,
user_00838,prod_00101,like,2026-02-15 11:41:18,sess_a7d8ec47,tablet,234,
user_00179,prod_00137,view,2026-03-19 11:41:18,sess_b490641b,desktop,225,
user_00278,prod_00276,view,2026-02-20 11:41:18,sess_18757d8a,tablet,42,
user_00027,prod_00297,like,2026-01-18 11:41:18,sess_cb134b0b,mobile,109,
user_00532,prod_00327,view,2026-03-29 11:41:18,sess_7eeed1f7,mobile,127,
user_00767,prod_00060,view,2026-02-05 11:41:18,sess_d7152861,desktop,9,
user_00349,prod_00099,view,2026-01-04 11:41:18,sess_3196f749,mobile,277,
user_00800,prod_00169,view,2026-03-05 11:41:18,sess_10814067,tablet,202,
user_00059,prod_00204,view,2026-02-19 11:41:18,sess_79341c5f,tablet,285,
user_00974,prod_00310,view,2026-01-16 11:41:18,sess_25dd3aea,mobile,37,
user_00044,prod_00432,view,2026-01-20 11:41:18,sess_802db402,tablet,230,
user_00896,prod_00184,view,2026-01-01 11:41:18,sess_088f81b7,tablet,19,
user_00956,prod_00133,purchase,2026-02-09 11:41:18,sess_b734918f,mobile,207,2.6
user_00658,prod_00346,view,2026-03-30 11:41:18,sess_356e2dc8,desktop,107,
user_00336,prod_00146,view,2026-02-05 11:41:18,sess_cbf10e6e,mobile,11,
user_00298,prod_00402,view,2026-03-30 11:41:18,sess_1712501f,desktop,249,
user_00917,prod_00135,view,2025-12-30 11:41:18,sess_db37cff3,desktop,32,
user_00174,prod_00154,view,2026-03-22 11:41:18,sess_5b53a922,mobile,280,
user_00615,prod_00307,view,2026-01-01 11:41:18,sess_20d4e562,mobile,178,
user_00686,prod_00145,view,2026-02-15 11:41:18,sess_c8ad9c88,tablet,16,
user_00351,prod_00441,purchase,2026-03-15 11:41:18,sess_181fa468,tablet,170,1.5
user_00077,prod_00393,like,2026-01-23 11:41:18,sess_a9ab33ad,mobile,156,
user_00377,prod_00376,view,2026-02-03 11:41:18,sess_3a81ea17,mobile,29,
user_00368,prod_00057,view,2026-03-20 11:41:18,sess_8b6a1f27,desktop,105,
user_00851,prod_00225,view,2026-03-19 11:41:18,sess_b0f1f418,desktop,129,
user_00202,prod_00387,like,2026-01-19 11:41:18,sess_3140a5b6,tablet,132,
user_00404,prod_00293,view,2026-01-09 11:41:18,sess_e95667ef,mobile,63,
user_00338,prod_00347,like,2026-02-04 11:41:18,sess_9dbaa878,mobile,95,
user_00206,prod_00373,view,2026-03-15 11:41:18,sess_1a1da84b,mobile,139,
user_00835,prod_00100,view,2026-02-01 11:41:18,sess_4ca66f73,mobile,93,
user_00017,prod_00456,view,2026-01-11 11:41:18,sess_df34de83,mobile,40,
user_00225,prod_00328,view,2026-01-25 11:41:18,sess_665c8fe4,mobile,276,
user_00627,prod_00231,like,2026-03-12 11:41:18,sess_1ac3992a,desktop,194,
user_00412,prod_00159,like,2026-03-24 11:41:18,sess_bef216c9,desktop,208,
user_00655,prod_00300,view,2026-03-29 11:41:18,sess_2b7b60b6,tablet,300,
user_00395,prod_00021,view,2026-02-25 11:41:18,sess_3d690a83,mobile,170,
user_00829,prod_00301,view,2026-01-06 11:41:18,sess_6c6e9c72,desktop,41,
user_00417,prod_00359,like,2026-02-04 11:41:18,sess_8f1f6f6d,mobile,130,
user_00399,prod_00010,view,2026-03-20 11:41:18,sess_d143df5c,mobile,45,
user_00865,prod_00125,view,2026-03-07 11:41:18,sess_d6944726,mobile,16,
user_00234,prod_00456,view,2026-02-04 11:41:18,sess_f11f1a59,tablet,149,
user_00452,prod_00118,view,2026-02-06 11:41:18,sess_5e2a41cf,tablet,26,
user_00203,prod_00176,view,2026-02-24 11:41:18,sess_9bcbf676,mobile,27,
user_00410,prod_00075,like,2026-02-21 11:41:18,sess_b37a571b,tablet,174,
user_00834,prod_00499,view,2026-01-05 11:41:18,sess_28b39862,desktop,274,
user_00737,prod_00286,view,2026-03-21 11:41:18,sess_fe84847c,mobile,164,
user_00809,prod_00127,view,2026-02-14 11:41:18,sess_3873ec91,tablet,236,
user_00240,prod_00100,view,2026-01-28 11:41:18,sess_9b1bda91,desktop,209,
user_00544,prod_00066,view,2026-03-27 11:41:18,sess_9246c1ed,tablet,254,
user_00214,prod_00242,view,2026-01-25 11:41:18,sess_5a3bea6e,desktop,257,
user_00298,prod_00434,like,2026-02-15 11:41:18,sess_d319942d,mobile,273,
user_00531,prod_00437,view,2026-02-01 11:41:18,sess_bde3bd8a,mobile,149,
user_00273,prod_00461,like,2026-02-11 11:41:18,sess_cff5b7ba,tablet,267,
user_00553,prod_00487,view,2026-03-08 11:41:18,sess_97deef28,mobile,29,
user_00596,prod_00137,cart,2026-02-22 11:41:18,sess_60975a0b,tablet,238,
user_00863,prod_00411,like,2026-03-15 11:41:18,sess_0c0e863d,tablet,222,
user_00843,prod_00026,like,2026-03-02 11:41:18,sess_ebc4134e,tablet,122,
user_00676,prod_00361,like,2026-02-04 11:41:18,sess_d17a1a2b,mobile,19,
user_00883,prod_00388,view,2026-03-25 11:41:18,sess_7e3ef4d5,tablet,268,
user_00246,prod_00309,like,2026-01-22 11:41:18,sess_37d29fe1,tablet,158,
user_00648,prod_00101,like,2026-02-12 11:41:18,sess_99ae564d,mobile,215,
user_00237,prod_00129,like,2026-01-01 11:41:18,sess_f1edcb33,desktop,258,
user_00515,prod_00021,like,2026-01-06 11:41:18,sess_7214d7cf,tablet,288,
user_00064,prod_00177,view,2026-03-14 11:41:18,sess_2bb9b262,tablet,92,
user_00380,prod_00264,like,2026-03-30 11:41:18,sess_cee20dcf,tablet,234,
user_00266,prod_00168,view,2026-01-25 11:41:18,sess_7830cd26,tablet,108,
user_00101,prod_00397,view,2026-01-28 11:41:18,sess_33cea471,desktop,271,
user_00410,prod_00414,cart,2026-02-23 11:41:18,sess_5c19615f,mobile,201,
user_00331,prod_00376,view,2026-03-17 11:41:18,sess_43368c3b,tablet,260,
user_00922,prod_00283,like,2026-03-15 11:41:18,sess_e4ac5d9b,mobile,172,
user_00411,prod_00211,like,2026-02-23 11:41:18,sess_6fc76b29,desktop,116,
user_00955,prod_00474,view,2026-02-15 11:41:18,sess_e3f3d3b9,tablet,257,
user_00556,prod_00378,view,2026-03-01 11:41:18,sess_9153a837,desktop,251,
user_00565,prod_00197,view,2026-03-03 11:41:18,sess_00a0928b,desktop,19,
user_00225,prod_00472,cart,2026-01-03 11:41:18,sess_4e368bd2,tablet,90,
user_00284,prod_00165,view,2026-02-23 11:41:18,sess_621d3944,desktop,300,
user_00980,prod_00260,like,2026-01-03 11:41:18,sess_288408ae,desktop,38,
user_00613,prod_00305,view,2026-01-01 11:41:18,sess_962781c4,mobile,251,
user_00760,prod_00215,like,2026-01-14 11:41:18,sess_d0935e29,tablet,34,
user_00524,prod_00074,view,2026-03-27 11:41:18,sess_9a14c8bb,desktop,219,
user_00012,prod_00499,view,2026-01-01 11:41:18,sess_ac4dbd97,tablet,265,
user_00021,prod_00142,like,2026-03-07 11:41:18,sess_8a337488,mobile,144,
user_00195,prod_00358,like,2026-03-18 11:41:18,sess_f9901831,mobile,223,
user_00138,prod_00177,like,2026-02-01 11:41:18,sess_78a05e9a,mobile,262,
user_00378,prod_00037,view,2026-02-02 11:41:18,sess_dc2bdea6,desktop,243,
user_00855,prod_00062,view,2026-01-01 11:41:18,sess_1a8356c8,desktop,106,
user_00537,prod_00026,view,2026-01-30 11:41:18,sess_dc0e5a5e,tablet,206,
user_00902,prod_00400,view,2026-01-16 11:41:18,sess_bbc41aa9,mobile,294,
user_00169,prod_00286,view,2026-02-23 11:41:18,sess_bdbaa207,tablet,142,
user_00038,prod_00429,view,2026-03-25 11:41:18,sess_cde57df7,tablet,267,
user_00909,prod_00463,view,2026-01-18 11:41:18,sess_3b47a6ef,tablet,282,
user_00765,prod_00291,view,2026-01-08 11:41:18,sess_77167fa2,mobile,196,
user_00662,prod_00157,like,2026-02-18 11:41:18,sess_314a7c4c,tablet,153,
user_00163,prod_00434,view,2026-02-12 11:41:18,sess_730ba783,tablet,133,
user_00946,prod_00316,view,2026-02-09 11:41:18,sess_25e4972c,desktop,178,
user_00444,prod_00232,view,2026-01-23 11:41:18,sess_3d274cb6,desktop,214,
user_00574,prod_00265,view,2026-02-15 11:41:18,sess_4c57744e,tablet,113,
user_00774,prod_00303,view,2026-03-19 11:41:18,sess_f255be08,mobile,108,
user_00501,prod_00105,like,2026-03-24 11:41:18,sess_6a5f7de0,tablet,54,
user_00616,prod_00326,view,2026-01-18 11:41:18,sess_425862ce,tablet,35,
user_00787,prod_00495,view,2026-02-21 11:41:18,sess_23307b43,mobile,244,
user_00240,prod_00183,view,2026-03-14 11:41:18,sess_87a8c961,mobile,166,
user_00488,prod_00343,like,2026-01-22 11:41:18,sess_d7e7235c,mobile,293,
user_00968,prod_00222,cart,2026-02-18 11:41:18,sess_e9da887e,mobile,266,
user_00459,prod_00015,view,2026-03-24 11:41:18,sess_9c3180db,desktop,85,
user_00293,prod_00219,view,2026-03-22 11:41:18,sess_3a175cc7,tablet,69,
user_00893,prod_00078,view,2026-02-26 11:41:18,sess_08abf668,desktop,117,
user_00473,prod_00213,like,2026-03-26 11:41:18,sess_99361bd9,desktop,219,
user_00946,prod_00180,view,2026-02-05 11:41:18,sess_32e7837a,tablet,220,
user_00802,prod_00254,purchase,2026-03-24 11:41:18,sess_f7f4e077,mobile,31,3.3
user_00937,prod_00500,like,2026-02-13 11:41:18,sess_7f082940,mobile,264,
user_00902,prod_00271,like,2026-02-26 11:41:18,sess_8a4a6c8d,tablet,110,
user_00470,prod_00048,view,2026-03-21 11:41:18,sess_c38e14f7,tablet,289,
user_00359,prod_00438,view,2026-01-01 11:41:18,sess_babae1e8,mobile,246,
user_00863,prod_00421,view,2026-01-27 11:41:18,sess_3aed3c6d,desktop,263,
user_00780,prod_00046,view,2026-03-15 11:41:18,sess_cb93fe9a,tablet,224,
user_00143,prod_00121,view,2026-02-24 11:41:18,sess_5a1fd2bb,mobile,262,
user_00664,prod_00238,view,2026-01-28 11:41:18,sess_14ef64d2,mobile,181,
user_00879,prod_00206,cart,2026-03-24 11:41:18,sess_5aa97b90,mobile,137,
user_00926,prod_00250,purchase,2026-01-06 11:41:18,sess_62858188,desktop,226,3.1
user_00823,prod_00303,like,2026-03-30 11:41:18,sess_44e70e2a,tablet,218,
user_00961,prod_00449,like,2026-01-14 11:41:18,sess_75b91dcb,mobile,32,
user_00146,prod_00405,view,2026-03-08 11:41:18,sess_160d2c8e,mobile,246,
user_00816,prod_00494,view,2026-01-06 11:41:18,sess_a6e58024,desktop,75,
user_00923,prod_00122,like,2026-03-19 11:41:18,sess_c54810c5,mobile,206,
user_00702,prod_00010,like,2026-03-10 11:41:18,sess_e2fa0da0,tablet,70,
user_00413,prod_00199,purchase,2026-03-18 11:41:18,sess_860dcbeb,mobile,153,1.6
user_00105,prod_00129,view,2026-03-27 11:41:18,sess_37b65222,mobile,261,
user_00404,prod_00068,view,2026-03-28 11:41:18,sess_99d9ed60,mobile,66,
user_00603,prod_00201,view,2026-01-14 11:41:18,sess_4ed14215,mobile,103,
user_00758,prod_00179,view,2026-02-27 11:41:18,sess_264a9447,desktop,149,
user_00458,prod_00269,view,2026-01-02 11:41:18,sess_733652f9,tablet,68,
user_00623,prod_00267,view,2026-03-03 11:41:18,sess_395ff4d1,mobile,295,
user_00124,prod_00404,view,2026-03-14 11:41:18,sess_98b5876a,tablet,270,
user_00162,prod_00330,view,2025-12-30 11:41:18,sess_b63aa0ec,tablet,239,
user_00328,prod_00157,like,2026-02-11 11:41:18,sess_cc05554b,desktop,151,
user_00826,prod_00145,like,2026-02-17 11:41:18,sess_b1605edd,desktop,103,
user_00188,prod_00152,like,2026-03-25 11:41:18,sess_f13a58aa,desktop,22,
user_00816,prod_00436,like,2026-03-15 11:41:18,sess_f3343494,desktop,58,
user_00013,prod_00354,like,2026-01-24 11:41:18,sess_c4c48961,tablet,220,
user_00508,prod_00385,like,2026-03-30 11:41:18,sess_dc0a9b58,desktop,165,
user_00769,prod_00156,view,2026-02-22 11:41:18,sess_8bf9b7be,mobile,259,
user_00883,prod_00190,view,2026-01-31 11:41:18,sess_784c3d80,mobile,90,
user_00925,prod_00204,view,2026-03-12 11:41:18,sess_531d20d6,desktop,164,
user_00281,prod_00292,cart,2026-03-10 11:41:18,sess_13903197,desktop,166,
user_00959,prod_00038,view,2026-01-08 11:41:18,sess_f1293d44,mobile,218,
user_00612,prod_00084,view,2026-03-18 11:41:18,sess_e67a72ac,mobile,182,
user_00736,prod_00413,view,2026-02-19 11:41:18,sess_dbbccee7,tablet,31,
user_00138,prod_00308,like,2026-02-28 11:41:18,sess_db18d0fa,tablet,246,
user_00023,prod_00481,view,2026-03-26 11:41:18,sess_a2b92dad,mobile,110,
user_00883,prod_00253,view,2026-02-08 11:41:18,sess_2de3ff1f,desktop,290,
user_00830,prod_00067,like,2026-03-14 11:41:18,sess_c91628f3,desktop,208,
user_00071,prod_00004,like,2026-02-27 11:41:18,sess_12fce3f4,mobile,284,
user_00930,prod_00012,view,2026-01-27 11:41:18,sess_67f55109,tablet,150,
user_00027,prod_00168,like,2026-03-17 11:41:18,sess_a9ad9ab8,desktop,144,
user_00620,prod_00007,like,2026-01-08 11:41:18,sess_f9530d93,mobile,241,
user_00011,prod_00457,view,2026-01-05 11:41:18,sess_d537a198,desktop,25,
user_00060,prod_00395,view,2026-03-17 11:41:18,sess_444a1357,tablet,191,
user_00251,prod_00226,view,2026-03-18 11:41:18,sess_9fa419e0,desktop,252,
user_00765,prod_00135,view,2026-01-18 11:41:18,sess_2f5b6407,tablet,164,
user_00485,prod_00296,view,2026-03-03 11:41:18,sess_bbdf28b0,mobile,65,
user_00372,prod_00378,view,2026-03-22 11:41:18,sess_33d00cb6,desktop,158,
user_00220,prod_00382,view,2026-01-14 11:41:18,sess_aa4faee7,tablet,71,
user_00533,prod_00274,view,2026-01-30 11:41:18,sess_6dab23c1,mobile,25,
user_00608,prod_00234,like,2026-02-05 11:41:18,sess_c028ceb5,tablet,75,
user_00788,prod_00283,purchase,2026-01-03 11:41:18,sess_cf2bb419,tablet,284,2.8
user_00192,prod_00325,view,2026-02-02 11:41:18,sess_3286bfe5,desktop,182,
user_00850,prod_00243,cart,2026-02-18 11:41:18,sess_8d2dd860,tablet,134,
user_00103,prod_00381,cart,2026-01-10 11:41:18,sess_1a13ecf9,mobile,87,
user_00169,prod_00012,view,2026-03-08 11:41:18,sess_60aae68d,mobile,220,
user_00667,prod_00220,view,2026-01-25 11:41:18,sess_18c9a8e8,mobile,218,
user_00799,prod_00044,purchase,2026-01-25 11:41:18,sess_1434ab31,tablet,95,3.4
user_00207,prod_00370,view,2026-02-19 11:41:18,sess_d518f21f,tablet,83,
user_00854,prod_00450,view,2026-02-14 11:41:18,sess_12b3624a,mobile,87,
user_00174,prod_00381,view,2026-01-22 11:41:18,sess_e0d4c73a,mobile,231,
user_00474,prod_00090,view,2026-01-22 11:41:18,sess_1a1ee006,mobile,222,
user_00240,prod_00213,view,2026-03-28 11:41:18,sess_020f9ff4,desktop,117,
user_00153,prod_00432,view,2026-03-24 11:41:18,sess_1dc29679,mobile,40,
user_00651,prod_00046,like,2026-03-28 11:41:18,sess_58303beb,desktop,113,
user_00538,prod_00270,cart,2026-03-12 11:41:18,sess_2de612d9,mobile,49,
user_00140,prod_00136,like,2026-02-05 11:41:18,sess_8e10db5f,desktop,70,
user_00973,prod_00422,view,2026-03-26 11:41:18,sess_b88a60dc,desktop,144,
user_00341,prod_00092,purchase,2026-01-16 11:41:18,sess_6a922f00,mobile,39,3.4
user_00742,prod_00237,view,2026-03-27 11:41:18,sess_4258d129,tablet,195,
user_00643,prod_00064,cart,2026-02-17 11:41:18,sess_1f492b1f,mobile,160,
user_00110,prod_00085,like,2026-03-16 11:41:18,sess_d590cc51,mobile,262,
user_00467,prod_00399,view,2026-01-23 11:41:18,sess_6cce0950,mobile,207,
user_00479,prod_00411,view,2026-03-23 11:41:18,sess_7e213e7b,tablet,253,
user_00253,prod_00286,view,2026-01-14 11:41:18,sess_29f63453,mobile,150,
user_00620,prod_00489,view,2026-03-17 11:41:18,sess_d9eae83c,tablet,52,
user_00033,prod_00142,view,2026-03-15 11:41:18,sess_61272820,desktop,200,
user_00722,prod_00276,like,2026-03-25 11:41:18,sess_0671fde4,tablet,183,
user_00569,prod_00117,view,2026-02-28 11:41:18,sess_d297f0eb,desktop,38,
user_00837,prod_00082,view,2026-03-01 11:41:18,sess_44a0170f,desktop,99,
user_00309,prod_00473,view,2026-01-10 11:41:18,sess_837d2791,tablet,33,
user_00363,prod_00094,view,2026-01-05 11:41:18,sess_5317177a,tablet,162,
user_00488,prod_00173,like,2026-03-22 11:41:18,sess_7bc39029,desktop,286,
user_00198,prod_00183,view,2026-01-07 11:41:18,sess_355ae3d2,desktop,143,
user_00864,prod_00018,view,2026-02-16 11:41:18,sess_26d03918,tablet,287,
user_00075,prod_00052,view,2026-01-29 11:41:18,sess_556b2c25,mobile,246,
user_00024,prod_00227,view,2026-02-04 11:41:18,sess_a5190098,desktop,72,
user_00933,prod_00237,view,2025-12-30 11:41:18,sess_203d8c91,desktop,57,
user_00969,prod_00018,view,2026-03-26 11:41:18,sess_80abfb19,mobile,15,
user_00485,prod_00106,view,2026-02-09 11:41:18,sess_3c114919,tablet,78,
user_00880,prod_00257,view,2026-01-30 11:41:18,sess_a75bfec8,tablet,15,
user_00010,prod_00370,like,2026-03-16 11:41:18,sess_dec948f2,desktop,5,
user_00064,prod_00421,view,2026-01-30 11:41:18,sess_c21d972d,desktop,166,
user_00063,prod_00383,view,2026-01-22 11:41:18,sess_e11131b1,mobile,137,
user_00307,prod_00475,view,2026-01-14 11:41:18,sess_8dc334ef,desktop,148,
user_00421,prod_00382,view,2026-03-08 11:41:18,sess_0c6236ad,desktop,115,
user_00612,prod_00458,view,2025-12-31 11:41:18,sess_5782a5e1,tablet,60,
user_00732,prod_00423,view,2026-03-01 11:41:18,sess_0e055ff0,mobile,148,
user_00937,prod_00359,like,2026-03-07 11:41:18,sess_fd83c6b6,tablet,86,
user_00474,prod_00237,like,2026-01-21 11:41:18,sess_e264f015,tablet,215,
user_00121,prod_00470,view,2026-03-20 11:41:18,sess_c958a643,mobile,58,
user_00120,prod_00125,view,2026-03-22 11:41:18,sess_bdaefe88,tablet,246,
user_00675,prod_00311,view,2026-01-22 11:41:18,sess_6acfeea8,tablet,89,
user_00586,prod_00438,view,2026-03-23 11:41:18,sess_8f5eab77,desktop,246,
user_00145,prod_00420,view,2026-03-24 11:41:18,sess_86e2cf4b,mobile,7,
user_00877,prod_00213,view,2026-03-27 11:41:18,sess_2d4dca7a,tablet,144,
user_00419,prod_00361,view,2026-03-30 11:41:18,sess_0903d6b1,desktop,5,
user_00427,prod_00265,like,2026-02-11 11:41:18,sess_307d6840,tablet,85,
user_00883,prod_00259,view,2026-01-08 11:41:18,sess_653fe02d,tablet,139,
user_00027,prod_00227,view,2026-03-16 11:41:18,sess_95695f80,tablet,18,
user_00178,prod_00138,view,2026-01-03 11:41:18,sess_5bb90465,mobile,258,
user_00459,prod_00070,like,2026-03-01 11:41:18,sess_edc30e61,mobile,295,
user_00867,prod_00008,like,2026-03-23 11:41:18,sess_5726e788,mobile,87,
user_00338,prod_00064,view,2026-03-28 11:41:18,sess_d3a0d780,desktop,275,
user_00382,prod_00380,view,2026-03-04 11:41:18,sess_b2944cae,mobile,132,
user_00799,prod_00231,like,2026-02-14 11:41:18,sess_4e1c7890,desktop,188,
user_00054,prod_00112,view,2025-12-30 11:41:18,sess_c8e7caaf,mobile,10,
user_00496,prod_00132,cart,2026-01-21 11:41:18,sess_fad3806f,mobile,33,
user_00084,prod_00074,view,2026-03-17 11:41:18,sess_6b6543a0,desktop,78,
user_00415,prod_00480,view,2026-01-05 11:41:18,sess_209c21a8,tablet,222,
user_00702,prod_00242,like,2026-03-17 11:41:18,sess_0d05ff4e,tablet,263,
user_00444,prod_00454,view,2026-03-28 11:41:18,sess_89cade75,mobile,228,
user_00870,prod_00305,view,2026-02-15 11:41:18,sess_923d2ca4,tablet,234,
user_00822,prod_00368,view,2026-03-12 11:41:18,sess_8e7cbd34,tablet,112,
user_00123,prod_00324,view,2026-03-29 11:41:18,sess_c6f2de31,tablet,290,
user_00081,prod_00413,view,2026-03-20 11:41:18,sess_93805865,mobile,173,
user_00867,prod_00235,cart,2026-01-01 11:41:18,sess_3f3b6b0b,mobile,214,
user_00436,prod_00369,view,2026-02-06 11:41:18,sess_63e80500,desktop,264,
user_00520,prod_00044,like,2026-02-05 11:41:18,sess_80cba12c,mobile,235,
user_00080,prod_00068,view,2026-03-23 11:41:18,sess_f0383500,desktop,181,
user_00554,prod_00136,view,2026-01-04 11:41:18,sess_30e3a120,desktop,279,
user_00164,prod_00429,view,2026-03-23 11:41:18,sess_c6a2c434,tablet,105,
user_00277,prod_00477,view,2026-02-23 11:41:18,sess_ac28ca4f,mobile,98,
user_00908,prod_00265,view,2026-02-18 11:41:18,sess_6ad07750,tablet,48,
user_00058,prod_00262,view,2026-01-27 11:41:18,sess_fc8b48d8,desktop,228,
user_00387,prod_00373,view,2026-01-15 11:41:18,sess_09d0e2bd,mobile,104,
user_00849,prod_00380,view,2026-01-23 11:41:18,sess_bea79fcc,mobile,87,
user_00063,prod_00005,like,2026-02-08 11:41:18,sess_7eaba5fb,desktop,153,
user_00239,prod_00228,view,2026-03-14 11:41:18,sess_81d905f0,desktop,96,
user_00538,prod_00312,view,2026-03-13 11:41:18,sess_d0e7cfa5,desktop,297,
user_00943,prod_00228,view,2026-01-11 11:41:18,sess_0356ffea,tablet,117,
user_00318,prod_00418,view,2026-01-02 11:41:18,sess_d0b05094,desktop,27,
user_00099,prod_00114,view,2026-01-10 11:41:18,sess_8cc4421f,tablet,224,
user_00135,prod_00134,view,2026-03-15 11:41:18,sess_eab7ede5,desktop,257,
user_00109,prod_00280,like,2026-01-31 11:41:18,sess_49f4cfd6,mobile,9,
user_00413,prod_00272,view,2026-02-03 11:41:18,sess_35b21dd9,desktop,218,
user_00375,prod_00278,view,2026-03-07 11:41:18,sess_dc27712e,tablet,47,
user_00661,prod_00032,like,2026-03-06 11:41:18,sess_6db1f0c6,desktop,158,
user_00372,prod_00213,purchase,2026-03-10 11:41:18,sess_3fb54f4b,desktop,287,3.9
user_00457,prod_00222,view,2026-02-13 11:41:18,sess_ed2f8d43,desktop,74,
user_00125,prod_00348,like,2026-01-10 11:41:18,sess_5e5087f3,mobile,131,
user_00597,prod_00194,like,2026-03-09 11:41:18,sess_60ac744c,tablet,86,
user_00591,prod_00232,view,2026-03-08 11:41:18,sess_e9eb5c12,mobile,13,
user_00508,prod_00415,like,2026-02-12 11:41:18,sess_92f8687c,mobile,121,
user_00194,prod_00209,view,2026-01-14 11:41:18,sess_9d3c7503,desktop,152,
user_00620,prod_00073,view,2026-02-04 11:41:18,sess_7f1a2dfa,desktop,251,
user_00286,prod_00152,view,2026-02-21 11:41:18,sess_6c38ffd6,desktop,236,
user_00118,prod_00487,like,2026-02-03 11:41:18,sess_d8198209,tablet,134,
user_00488,prod_00081,view,2026-03-25 11:41:18,sess_ebf4cfac,desktop,40,
user_00942,prod_00375,cart,2026-01-26 11:41:18,sess_4d6bd02c,mobile,253,
user_00093,prod_00198,view,2026-03-07 11:41:18,sess_e58a1dfd,tablet,292,
user_00193,prod_00299,view,2026-03-08 11:41:18,sess_aeaa24e8,desktop,257,
user_00042,prod_00463,view,2026-01-15 11:41:18,sess_93c0d4c2,tablet,195,
user_00992,prod_00165,like,2026-03-24 11:41:18,sess_51c19352,mobile,230,
user_00238,prod_00493,view,2026-03-25 11:41:18,sess_8cb00919,tablet,27,
user_00390,prod_00406,view,2026-02-27 11:41:18,sess_09ecc534,tablet,247,
user_00654,prod_00225,view,2026-02-18 11:41:18,sess_4ad0b662,mobile,70,
user_00963,prod_00320,view,2026-01-19 11:41:18,sess_2b56f9c3,desktop,179,
user_00622,prod_00294,view,2026-01-22 11:41:18,sess_49b8ec55,desktop,64,
user_00598,prod_00390,view,2026-02-23 11:41:18,sess_b7780f35,desktop,156,
user_00700,prod_00469,view,2026-01-22 11:41:18,sess_119f9c95,tablet,7,
user_00862,prod_00119,view,2026-03-25 11:41:18,sess_6d57efb6,tablet,14,
user_00433,prod_00055,view,2026-01-20 11:41:18,sess_bc7a8391,desktop,256,
user_00245,prod_00262,view,2026-01-01 11:41:18,sess_44480a0a,desktop,130,
user_00511,prod_00435,purchase,2026-02-11 11:41:18,sess_092d2aae,mobile,292,1.5
user_00403,prod_00034,view,2026-03-25 11:41:18,sess_62f6208d,desktop,149,
user_00400,prod_00147,like,2026-01-29 11:41:18,sess_4f7632b0,desktop,92,
user_00841,prod_00159,view,2026-03-29 11:41:18,sess_443102bd,mobile,237,
user_00375,prod_00186,view,2026-01-04 11:41:18,sess_adc7f929,mobile,171,
user_00461,prod_00281,view,2026-03-11 11:41:18,sess_f705389d,desktop,253,
user_00025,prod_00039,view,2026-01-23 11:41:18,sess_e2f62c5c,desktop,74,
user_00678,prod_00276,like,2026-03-11 11:41:18,sess_dab23c85,mobile,262,
user_00689,prod_00064,view,2026-01-27 11:41:18,sess_636fe4e0,desktop,28,
user_00057,prod_00401,view,2026-03-12 11:41:18,sess_5c925a5d,desktop,89,
user_00550,prod_00462,view,2026-03-02 11:41:18,sess_5e82ea14,tablet,254,
user_00394,prod_00022,view,2026-01-29 11:41:18,sess_f9ab860a,mobile,147,
user_00281,prod_00464,view,2026-01-28 11:41:18,sess_81f0d181,mobile,75,
user_00162,prod_00463,view,2026-01-28 11:41:18,sess_f17bc653,mobile,261,
user_00886,prod_00127,view,2026-02-28 11:41:18,sess_5325f438,mobile,198,
user_00046,prod_00396,view,2026-03-11 11:41:18,sess_1261a625,tablet,233,
user_00339,prod_00193,view,2026-02-13 11:41:18,sess_70b15dd4,tablet,114,
user_00313,prod_00350,view,2026-03-21 11:41:18,sess_1f05b01c,desktop,117,
user_00026,prod_00320,purchase,2026-01-16 11:41:18,sess_fff0b934,tablet,78,2.2
user_00932,prod_00443,view,2026-03-09 11:41:18,sess_91db1410,tablet,228,
user_00232,prod_00183,view,2026-03-13 11:41:18,sess_6b0751ea,tablet,265,
user_00234,prod_00077,like,2026-02-25 11:41:18,sess_f982c031,tablet,285,
user_00037,prod_00419,like,2026-02-06 11:41:18,sess_3599a935,desktop,229,
user_00547,prod_00189,view,2026-02-14 11:41:18,sess_bf3e1830,desktop,143,
user_00789,prod_00377,view,2026-02-19 11:41:18,sess_fdc5edaa,mobile,242,
user_00944,prod_00114,view,2026-01-18 11:41:18,sess_d83af577,mobile,88,
user_00812,prod_00119,like,2026-01-27 11:41:18,sess_522983c1,tablet,185,
user_00381,prod_00354,view,2026-03-02 11:41:18,sess_cebd50f5,desktop,282,
user_00349,prod_00048,like,2026-03-17 11:41:18,sess_cf33c327,desktop,173,
user_00221,prod_00059,like,2026-02-10 11:41:18,sess_4121af7d,tablet,198,
user_00456,prod_00467,cart,2026-01-28 11:41:18,sess_2f7a51cb,mobile,250,
user_00096,prod_00186,view,2026-03-02 11:41:18,sess_241210c4,mobile,120,
user_00238,prod_00188,view,2026-01-09 11:41:18,sess_b212f78c,tablet,195,
user_00345,prod_00009,view,2026-01-19 11:41:18,sess_56999099,desktop,62,
user_00780,prod_00397,like,2026-03-21 11:41:18,sess_404cdc9a,mobile,230,
user_00198,prod_00421,view,2026-01-05 11:41:18,sess_ad574d75,tablet,70,
user_00136,prod_00017,like,2026-01-20 11:41:18,sess_9df6a7bc,mobile,69,
user_00646,prod_00221,like,2026-01-18 11:41:18,sess_d55543d3,tablet,216,
user_00432,prod_00118,cart,2026-01-10 11:41:18,sess_a889b2c9,desktop,150,
user_00557,prod_00493,like,2026-01-24 11:41:18,sess_d77f6466,desktop,165,
user_00978,prod_00220,view,2026-01-10 11:41:18,sess_f6866834,tablet,174,
user_00588,prod_00401,view,2026-03-28 11:41:18,sess_e3bbd716,mobile,274,
user_00313,prod_00298,view,2026-03-06 11:41:18,sess_89fdb7b6,desktop,12,
user_00836,prod_00292,view,2026-02-02 11:41:18,sess_29d84b57,desktop,102,
user_00132,prod_00317,view,2026-01-25 11:41:18,sess_907fd42a,tablet,207,
user_00196,prod_00447,view,2026-03-20 11:41:18,sess_f0a1d3d4,mobile,11,
user_00868,prod_00203,like,2026-01-01 11:41:18,sess_031a21b8,desktop,41,
user_00846,prod_00051,view,2026-01-02 11:41:18,sess_149b4269,mobile,42,
user_00348,prod_00048,view,2025-12-31 11:41:18,sess_beeb2206,tablet,134,
user_00947,prod_00212,view,2026-03-12 11:41:18,sess_24ee4b4e,mobile,217,
user_00796,prod_00192,view,2026-02-03 11:41:18,sess_6c18ba55,tablet,14,
user_00054,prod_00270,view,2026-01-31 11:41:18,sess_8fa4c8c5,mobile,106,
user_00192,prod_00083,view,2026-03-29 11:41:18,sess_818a775d,tablet,263,
user_00791,prod_00441,like,2026-03-20 11:41:18,sess_6db70a8f,mobile,141,
user_00635,prod_00236,view,2026-03-28 11:41:18,sess_c3c53eb4,desktop,113,
user_00576,prod_00266,view,2026-03-10 11:41:18,sess_4429baa3,tablet,9,
user_00319,prod_00448,view,2026-03-12 11:41:18,sess_2520d24b,mobile,220,
user_00128,prod_00221,cart,2026-01-10 11:41:18,sess_f56cc5bd,desktop,80,
user_00765,prod_00431,like,2026-01-08 11:41:18,sess_5b55d98d,mobile,25,
user_00100,prod_00496,cart,2026-02-05 11:41:18,sess_4d7c8aaf,mobile,255,
user_00828,prod_00264,view,2026-01-03 11:41:18,sess_c4ba937d,mobile,149,
user_00961,prod_00346,view,2026-01-15 11:41:18,sess_754addc2,desktop,239,
user_00854,prod_00345,like,2026-03-17 11:41:18,sess_f9fda659,mobile,30,
user_00618,prod_00489,view,2026-03-21 11:41:18,sess_b91e2c45,tablet,147,
user_00143,prod_00069,view,2026-02-28 11:41:18,sess_629e7034,mobile,247,
user_00082,prod_00133,like,2026-03-29 11:41:18,sess_6b777dfd,desktop,198,
user_00831,prod_00079,view,2026-03-14 11:41:18,sess_603a0377,desktop,195,
user_00041,prod_00298,like,2026-01-24 11:41:18,sess_c4163ffb,mobile,47,
user_00508,prod_00479,like,2026-02-05 11:41:18,sess_a4a6645f,mobile,42,
user_00408,prod_00042,like,2026-02-09 11:41:18,sess_6963e049,mobile,20,
user_00949,prod_00249,view,2026-03-11 11:41:18,sess_2b432386,tablet,166,
user_00493,prod_00191,view,2026-02-07 11:41:18,sess_ba66b8be,mobile,65,
user_00455,prod_00423,view,2026-03-03 11:41:18,sess_a9dec34e,tablet,290,
user_00559,prod_00053,view,2026-02-17 11:41:18,sess_57475c62,desktop,289,
user_00533,prod_00065,like,2026-01-03 11:41:18,sess_fa13776d,desktop,276,
user_00440,prod_00070,view,2026-03-12 11:41:18,sess_d98ff453,tablet,72,
user_00234,prod_00423,cart,2026-02-05 11:41:18,sess_ee622687,desktop,43,
user_00018,prod_00063,view,2026-03-12 11:41:18,sess_0b03d1c3,mobile,7,
user_00372,prod_00196,like,2026-03-29 11:41:18,sess_480eb13b,tablet,211,
user_00111,prod_00324,view,2026-03-15 11:41:18,sess_2fa91e78,desktop,137,
user_00244,prod_00155,view,2026-01-20 11:41:18,sess_7ceca049,desktop,125,
user_00632,prod_00275,view,2026-01-17 11:41:18,sess_fb7bb7a0,mobile,132,
user_00722,prod_00052,view,2026-02-25 11:41:18,sess_9e18f7d8,desktop,226,
user_00970,prod_00265,like,2026-01-04 11:41:18,sess_4f7e59fc,tablet,289,
user_00487,prod_00150,view,2026-01-09 11:41:18,sess_ee822c05,mobile,233,
user_00847,prod_00453,view,2025-12-31 11:41:18,sess_c5fe2d4d,desktop,63,
user_00151,prod_00144,like,2026-01-07 11:41:18,sess_25fbd73a,tablet,171,
user_00805,prod_00354,view,2026-02-20 11:41:18,sess_345d7013,desktop,293,
user_00162,prod_00471,view,2026-01-03 11:41:18,sess_306e429d,tablet,25,
user_00188,prod_00282,view,2026-01-31 11:41:18,sess_3076b9ef,tablet,157,
user_00421,prod_00315,like,2026-02-21 11:41:18,sess_9dd8e168,desktop,244,
user_00389,prod_00125,view,2026-02-01 11:41:18,sess_462af721,tablet,290,
user_00176,prod_00021,view,2026-01-27 11:41:18,sess_e124f6c5,tablet,202,
user_00524,prod_00127,like,2026-01-03 11:41:18,sess_dc6fbcf3,tablet,44,
user_00241,prod_00249,view,2026-03-08 11:41:18,sess_e3b0be5b,mobile,152,
user_00430,prod_00383,view,2026-02-18 11:41:18,sess_b1b81982,mobile,39,
user_00672,prod_00253,like,2026-03-13 11:41:18,sess_c4f77643,desktop,258,
user_00466,prod_00294,purchase,2026-03-24 11:41:18,sess_3ee8db9b,mobile,24,2.1
user_00206,prod_00025,view,2026-03-28 11:41:18,sess_8650682a,tablet,19,
user_00653,prod_00048,like,2026-03-07 11:41:18,sess_95e49db2,mobile,262,
user_00557,prod_00159,like,2026-03-29 11:41:18,sess_7f8644b7,desktop,87,
user_00498,prod_00063,view,2026-03-05 11:41:18,sess_2efbe47e,mobile,278,
user_00376,prod_00146,cart,2026-02-09 11:41:18,sess_55c8911c,desktop,200,
user_00278,prod_00362,view,2026-01-11 11:41:18,sess_b15735f2,tablet,21,
user_00682,prod_00446,view,2026-02-07 11:41:18,sess_58cc716d,desktop,48,
user_00136,prod_00206,like,2026-03-05 11:41:18,sess_e70a4ddf,desktop,24,
user_00280,prod_00085,cart,2026-03-12 11:41:18,sess_cbe1f458,mobile,289,
user_00461,prod_00225,purchase,2026-01-22 11:41:18,sess_0cca8cc1,desktop,143,4.6
user_00058,prod_00209,like,2026-01-04 11:41:18,sess_2c15eb12,mobile,268,
user_00884,prod_00336,view,2026-02-17 11:41:18,sess_fb9bbbe5,desktop,104,
user_00993,prod_00482,view,2026-02-08 11:41:18,sess_fa9dac04,mobile,7,
user_00212,prod_00253,view,2026-01-08 11:41:18,sess_cfd96b2f,mobile,260,
user_00033,prod_00229,view,2026-02-08 11:41:18,sess_f5e294ae,desktop,279,
user_00045,prod_00124,view,2026-01-12 11:41:18,sess_24b427f6,tablet,231,
user_00446,prod_00009,cart,2026-02-09 11:41:18,sess_da73398f,tablet,225,
user_00023,prod_00023,view,2026-02-28 11:41:18,sess_785c3482,tablet,38,
user_00598,prod_00297,view,2026-03-06 11:41:18,sess_d2fc4ec1,desktop,142,
user_00628,prod_00364,view,2026-02-09 11:41:18,sess_2a19595f,mobile,191,
user_00633,prod_00023,like,2026-03-11 11:41:18,sess_844849e5,desktop,93,
user_00143,prod_00484,view,2026-02-16 11:41:18,sess_3ecad371,desktop,160,
user_00903,prod_00399,view,2026-02-25 11:41:18,sess_4cfd5f3b,tablet,181,
user_00649,prod_00491,view,2026-01-11 11:41:18,sess_bf5a5c6e,mobile,227,
user_00394,prod_00013,view,2026-02-24 11:41:18,sess_b4179fa6,mobile,50,
user_00727,prod_00388,cart,2026-02-05 11:41:18,sess_1e08b63c,tablet,116,
user_00127,prod_00126,view,2026-03-05 11:41:18,sess_08e61e61,desktop,170,
user_00813,prod_00408,view,2026-02-24 11:41:18,sess_42c3b483,tablet,117,
user_00194,prod_00092,view,2026-02-24 11:41:18,sess_a6a511dd,desktop,266,
user_00098,prod_00208,view,2026-02-24 11:41:18,sess_24da8937,desktop,54,
user_00810,prod_00169,view,2026-02-06 11:41:18,sess_a9d6b7a6,tablet,63,
user_00336,prod_00500,view,2026-01-30 11:41:18,sess_c93fe0cb,desktop,14,
user_00646,prod_00250,view,2026-02-02 11:41:18,sess_feca5a29,tablet,19,
user_00434,prod_00009,view,2026-02-02 11:41:18,sess_fe2c70ca,mobile,206,
user_00032,prod_00080,like,2025-12-31 11:41:18,sess_7c9ddf75,desktop,39,
user_00320,prod_00244,like,2026-02-16 11:41:18,sess_f9660e6d,mobile,14,
user_00794,prod_00346,view,2026-03-16 11:41:18,sess_c4e8fd55,tablet,296,
user_00763,prod_00231,like,2026-01-07 11:41:18,sess_40cb774f,desktop,8,
user_00668,prod_00159,view,2026-03-20 11:41:18,sess_d4634139,desktop,179,
user_00408,prod_00036,view,2026-02-06 11:41:18,sess_85261ebc,mobile,175,
user_00423,prod_00298,view,2026-02-11 11:41:18,sess_2ca8f16c,mobile,221,
user_00812,prod_00411,view,2026-01-09 11:41:18,sess_db88a4d0,mobile,94,
user_00392,prod_00465,like,2026-03-11 11:41:18,sess_c01d953e,tablet,154,
user_00512,prod_00147,view,2026-01-23 11:41:18,sess_9cc5bb97,desktop,67,
user_00216,prod_00217,view,2026-01-20 11:41:18,sess_77a52c4a,mobile,145,
user_00273,prod_00376,view,2026-02-15 11:41:18,sess_c60f84ec,tablet,286,
user_00985,prod_00020,like,2026-02-01 11:41:18,sess_bdce2618,mobile,52,
user_00458,prod_00053,view,2026-03-13 11:41:18,sess_1af7e859,mobile,97,
user_00625,prod_00021,view,2026-01-25 11:41:18,sess_2904b241,desktop,39,
user_00598,prod_00101,view,2026-03-09 11:41:18,sess_4f5f52c5,desktop,112,
user_00093,prod_00397,like,2026-03-27 11:41:18,sess_e204f354,desktop,267,
user_00071,prod_00369,view,2026-03-14 11:41:18,sess_53242f26,mobile,125,
user_00558,prod_00489,view,2026-03-09 11:41:18,sess_3dbe6d3f,tablet,116,
user_00125,prod_00488,view,2026-03-07 11:41:18,sess_19944e22,mobile,45,
user_00082,prod_00186,view,2026-01-15 11:41:18,sess_d6cd8c03,tablet,236,
user_00646,prod_00374,view,2026-01-10 11:41:18,sess_03874938,tablet,297,
user_00787,prod_00274,view,2025-12-30 11:41:18,sess_8dc7c36b,mobile,13,
user_00388,prod_00339,view,2026-03-01 11:41:18,sess_30970c37,tablet,180,
user_00893,prod_00407,view,2025-12-30 11:41:18,sess_73e43340,mobile,268,
user_00284,prod_00178,like,2026-01-17 11:41:18,sess_6b37b307,mobile,279,
user_00470,prod_00357,view,2026-03-30 11:41:18,sess_2a5e27a2,desktop,154,
user_00586,prod_00460,view,2026-01-22 11:41:18,sess_e2386389,desktop,217,
user_00854,prod_00144,view,2026-03-30 11:41:18,sess_b7513fd0,mobile,90,
user_00054,prod_00427,view,2026-01-27 11:41:18,sess_a6fe12a3,mobile,219,
user_00653,prod_00428,view,2026-01-16 11:41:18,sess_ec0b5f8c,mobile,144,
user_00058,prod_00041,view,2026-01-24 11:41:18,sess_ed8d6a6f,mobile,49,
user_00795,prod_00213,like,2026-01-23 11:41:18,sess_d98dfd10,mobile,299,
user_00475,prod_00453,view,2026-01-07 11:41:18,sess_76add3a6,tablet,21,
user_00466,prod_00252,view,2026-01-18 11:41:18,sess_e74c9d1c,tablet,14,
user_00442,prod_00215,view,2026-01-05 11:41:18,sess_b1369332,desktop,222,
user_00371,prod_00453,view,2026-03-28 11:41:18,sess_743bde7a,mobile,81,
user_00446,prod_00350,view,2026-03-22 11:41:18,sess_3de2191d,desktop,74,
user_00821,prod_00235,view,2026-01-03 11:41:18,sess_81db74e7,tablet,294,
user_00952,prod_00170,like,2026-01-09 11:41:18,sess_c9779747,tablet,224,
user_00097,prod_00429,view,2026-01-14 11:41:18,sess_1332912a,tablet,61,
user_00905,prod_00143,view,2026-03-16 11:41:18,sess_869056a8,tablet,194,
user_00591,prod_00093,view,2026-03-27 11:41:18,sess_ad89af19,desktop,145,
user_00621,prod_00075,like,2026-01-19 11:41:18,sess_e3c7fca2,tablet,244,
user_00411,prod_00323,view,2026-02-06 11:41:18,sess_43eae4b9,mobile,64,
user_00549,prod_00191,view,2026-03-24 11:41:18,sess_76d44468,mobile,15,
user_00868,prod_00294,view,2026-01-29 11:41:18,sess_552d5e02,mobile,231,
user_00565,prod_00469,view,2026-02-13 11:41:18,sess_17cd1496,tablet,247,
user_00913,prod_00060,like,2026-03-25 11:41:18,sess_e4e336b8,mobile,140,
user_00071,prod_00335,view,2026-02-18 11:41:18,sess_66a1a2b3,mobile,242,
user_00394,prod_00499,like,2026-01-07 11:41:18,sess_97e87f08,tablet,122,
user_00665,prod_00245,like,2026-03-27 11:41:18,sess_7614192c,desktop,102,
user_00353,prod_00314,view,2026-03-15 11:41:18,sess_6860cb95,tablet,189,
user_00077,prod_00340,view,2026-01-13 11:41:18,sess_17c41fae,tablet,60,
user_00179,prod_00320,like,2026-02-03 11:41:18,sess_4bc076bb,mobile,116,
user_00701,prod_00043,view,2026-02-17 11:41:18,sess_e7921fd9,tablet,18,
user_00466,prod_00239,view,2026-01-14 11:41:18,sess_6caf0bdb,mobile,90,
user_00060,prod_00480,like,2026-01-24 11:41:18,sess_5167a181,desktop,189,
user_00624,prod_00468,view,2026-01-05 11:41:18,sess_e87c7e9d,desktop,169,
user_00256,prod_00167,like,2026-02-05 11:41:18,sess_a4737887,desktop,93,
user_00847,prod_00099,view,2026-02-02 11:41:18,sess_28c539bc,mobile,205,
user_00202,prod_00239,view,2026-03-26 11:41:18,sess_92d91e23,tablet,40,
user_00340,prod_00033,like,2026-01-20 11:41:18,sess_2ff568ba,mobile,114,
user_00790,prod_00219,view,2026-02-21 11:41:18,sess_25f7de7f,tablet,160,
user_00407,prod_00136,like,2026-03-22 11:41:18,sess_1fc19875,mobile,27,
user_00957,prod_00070,like,2026-02-02 11:41:18,sess_e552e727,desktop,98,
user_00486,prod_00164,like,2026-03-22 11:41:18,sess_93312219,mobile,195,
user_00359,prod_00068,view,2026-02-14 11:41:18,sess_7534ba69,mobile,258,
user_00582,prod_00129,view,2026-03-29 11:41:18,sess_2b471b66,mobile,175,
user_00565,prod_00332,like,2026-02-22 11:41:18,sess_cfcf6271,tablet,92,
user_00456,prod_00411,view,2026-02-16 11:41:18,sess_0a127e22,mobile,276,
user_00194,prod_00430,view,2026-03-13 11:41:18,sess_b41ca0a2,mobile,21,
user_01000,prod_00267,view,2026-01-15 11:41:18,sess_12aff07a,desktop,104,
user_00631,prod_00226,like,2026-03-17 11:41:18,sess_014b24d6,mobile,81,
user_00859,prod_00454,view,2026-03-16 11:41:18,sess_875a7c93,desktop,71,
user_00689,prod_00354,view,2026-01-17 11:41:18,sess_0b87f903,desktop,25,
user_00125,prod_00227,like,2026-03-18 11:41:18,sess_df0383a5,tablet,94,
user_00950,prod_00261,view,2026-01-17 11:41:18,sess_8b17c576,desktop,54,
user_00115,prod_00004,like,2026-01-02 11:41:18,sess_f700f073,mobile,156,
user_00638,prod_00033,like,2026-02-20 11:41:18,sess_e817a968,tablet,239,
user_00660,prod_00286,view,2026-03-12 11:41:18,sess_259a8407,tablet,246,
user_00280,prod_00382,view,2026-03-04 11:41:18,sess_d051b5de,mobile,241,
user_00151,prod_00061,like,2025-12-31 11:41:18,sess_d3101fce,tablet,74,
user_00496,prod_00310,cart,2026-01-24 11:41:18,sess_9ce7e4f3,tablet,134,
user_00973,prod_00435,view,2026-01-21 11:41:18,sess_a2b193f1,desktop,131,
user_00309,prod_00188,like,2026-01-24 11:41:18,sess_201741dc,tablet,240,
user_00198,prod_00050,view,2026-03-03 11:41:18,sess_7cb09ed3,desktop,152,
user_00746,prod_00314,view,2026-02-10 11:41:18,sess_9e04df49,desktop,145,
user_00328,prod_00209,view,2026-03-02 11:41:18,sess_5098ebe7,mobile,110,
user_00168,prod_00466,like,2026-03-05 11:41:18,sess_c0d49e4a,desktop,261,
user_00191,prod_00113,like,2026-03-26 11:41:18,sess_27fb3d45,tablet,154,
user_00441,prod_00002,view,2026-01-04 11:41:18,sess_6af2a85a,desktop,157,
user_00035,prod_00241,view,2026-01-22 11:41:18,sess_b77f116a,mobile,60,
user_00527,prod_00245,view,2026-01-27 11:41:18,sess_657ea02e,tablet,16,
user_00554,prod_00409,view,2026-02-18 11:41:18,sess_b048fac1,tablet,86,
user_00502,prod_00232,view,2026-03-10 11:41:18,sess_bca57d54,desktop,169,
user_00720,prod_00008,view,2026-03-04 11:41:18,sess_a8c07bc3,desktop,47,
user_00872,prod_00424,view,2026-02-20 11:41:18,sess_0d899fbd,mobile,208,
user_00862,prod_00128,like,2026-01-25 11:41:18,sess_d59b3f0c,mobile,238,
user_00577,prod_00319,like,2026-01-29 11:41:18,sess_ef933e52,mobile,220,
user_00397,prod_00047,view,2026-03-16 11:41:18,sess_b4fc4a9d,tablet,230,
user_00604,prod_00490,like,2026-02-10 11:41:18,sess_e624ebd8,mobile,210,
user_00389,prod_00251,cart,2026-01-20 11:41:18,sess_082f3bbd,mobile,213,
user_00680,prod_00354,view,2026-03-25 11:41:18,sess_7b0c6a48,mobile,232,
user_00221,prod_00478,like,2026-03-13 11:41:18,sess_b946d4ad,desktop,42,
user_00684,prod_00372,view,2026-02-13 11:41:18,sess_aca92585,mobile,232,
user_00911,prod_00334,view,2026-02-07 11:41:18,sess_71e45b95,mobile,239,
user_00225,prod_00056,view,2026-02-26 11:41:18,sess_459969ef,tablet,81,
user_00568,prod_00430,view,2026-01-27 11:41:18,sess_4873de19,tablet,217,
user_00753,prod_00048,view,2026-02-23 11:41:18,sess_a1ad1ca4,mobile,170,
user_00308,prod_00278,like,2026-02-06 11:41:18,sess_aaca0705,mobile,69,
user_00755,prod_00194,like,2026-02-24 11:41:18,sess_f1771aab,tablet,262,
user_00468,prod_00248,like,2026-01-12 11:41:18,sess_403c8a1e,tablet,69,
user_00778,prod_00485,view,2026-03-18 11:41:18,sess_93941250,tablet,79,
user_00704,prod_00184,view,2026-01-17 11:41:18,sess_026067bc,tablet,293,
user_00079,prod_00303,like,2026-01-25 11:41:18,sess_418abc86,desktop,141,
user_00163,prod_00061,view,2026-03-13 11:41:18,sess_3cd8959d,tablet,205,
user_00069,prod_00004,like,2026-01-27 11:41:18,sess_c5cf8b37,desktop,198,
user_00675,prod_00467,view,2026-01-17 11:41:18,sess_edd6d4ae,tablet,113,
user_01000,prod_00252,like,2026-03-10 11:41:18,sess_d0a53f1a,desktop,162,
user_00166,prod_00224,purchase,2026-02-25 11:41:18,sess_fcf36c09,mobile,108,2.4
user_00141,prod_00249,view,2026-03-26 11:41:18,sess_79f52fcf,desktop,42,
user_00717,prod_00380,view,2026-01-27 11:41:18,sess_cc3352af,desktop,228,
user_00266,prod_00247,view,2026-03-27 11:41:18,sess_f53b7e59,tablet,166,
user_00394,prod_00129,view,2025-12-30 11:41:18,sess_19fdcca6,mobile,210,
user_00412,prod_00202,like,2026-03-12 11:41:18,sess_d40d0a90,tablet,160,
user_00342,prod_00061,like,2026-01-13 11:41:18,sess_119c599a,tablet,31,
user_00078,prod_00337,cart,2026-01-19 11:41:18,sess_997fb256,mobile,34,
user_00906,prod_00220,like,2026-03-30 11:41:18,sess_ee003b8b,mobile,209,
user_00858,prod_00112,view,2026-03-01 11:41:18,sess_2857cd09,desktop,170,
user_00023,prod_00172,view,2026-03-07 11:41:18,sess_69d0650d,tablet,219,
user_00011,prod_00499,view,2026-02-23 11:41:18,sess_505e571b,desktop,98,
user_00291,prod_00440,view,2026-01-01 11:41:18,sess_973c85f2,tablet,109,
user_00975,prod_00232,view,2026-02-25 11:41:18,sess_3769d541,tablet,187,
user_00538,prod_00248,purchase,2026-01-08 11:41:18,sess_457fb0d9,mobile,27,4.0
user_00386,prod_00157,like,2026-03-17 11:41:18,sess_3c803b6f,desktop,273,
user_00395,prod_00254,view,2026-02-22 11:41:18,sess_463d7489,tablet,16,
user_00649,prod_00275,like,2026-01-06 11:41:18,sess_a4d25d01,tablet,194,
user_00917,prod_00009,view,2026-02-05 11:41:18,sess_96426bc2,desktop,161,
user_00592,prod_00193,purchase,2026-01-18 11:41:18,sess_25485837,mobile,296,2.6
user_00171,prod_00435,cart,2026-02-22 11:41:18,sess_16d8e38a,mobile,210,
user_00375,prod_00149,view,2026-03-21 11:41:18,sess_3ebe4abc,tablet,223,
user_00052,prod_00026,like,2026-02-16 11:41:18,sess_5eb8d888,tablet,221,
user_00505,prod_00449,view,2026-03-13 11:41:18,sess_00b78eec,desktop,122,
user_00877,prod_00143,like,2026-03-22 11:41:18,sess_e0801c77,desktop,272,
user_00694,prod_00378,view,2025-12-30 11:41:18,sess_95af7d1a,desktop,189,
user_00985,prod_00374,view,2026-02-06 11:41:18,sess_9c598983,tablet,82,
user_00673,prod_00493,view,2026-01-15 11:41:18,sess_c8c2e72d,mobile,200,
user_00552,prod_00238,view,2026-03-19 11:41:18,sess_f752b621,mobile,93,
user_00732,prod_00261,view,2026-03-29 11:41:18,sess_cdf81385,tablet,133,
user_00274,prod_00158,like,2026-01-05 11:41:18,sess_79946801,mobile,121,
user_00917,prod_00309,view,2026-01-20 11:41:18,sess_999e1b10,mobile,264,
user_00938,prod_00209,like,2026-03-01 11:41:18,sess_ed60a80d,desktop,172,
user_00650,prod_00247,view,2026-01-30 11:41:18,sess_2b7fa34a,mobile,116,
user_00947,prod_00043,purchase,2026-02-16 11:41:18,sess_04b6df9d,tablet,176,1.9
user_00344,prod_00110,like,2026-02-04 11:41:18,sess_f1ecb3c0,desktop,211,
user_00714,prod_00092,view,2026-02-17 11:41:18,sess_657d5512,desktop,216,
user_00801,prod_00389,purchase,2026-03-11 11:41:18,sess_fcbc887a,tablet,285,2.3
user_00312,prod_00036,like,2026-03-27 11:41:18,sess_a9d74281,mobile,188,
user_00035,prod_00080,like,2026-02-26 11:41:18,sess_476c5d97,tablet,82,
user_00475,prod_00475,view,2026-03-19 11:41:18,sess_de3fdaed,tablet,144,
user_00067,prod_00458,view,2026-02-13 11:41:18,sess_3a9c69de,mobile,271,
user_00549,prod_00242,view,2026-02-03 11:41:18,sess_d19cd757,tablet,266,
user_00022,prod_00413,like,2026-02-17 11:41:18,sess_7aeb479f,mobile,199,
user_00029,prod_00172,like,2026-02-21 11:41:18,sess_8960b2d5,tablet,201,
user_00284,prod_00049,view,2026-01-18 11:41:18,sess_5d89f9a3,mobile,59,
user_00131,prod_00086,view,2026-02-25 11:41:18,sess_8307d3a7,tablet,278,
user_00416,prod_00485,view,2026-01-25 11:41:18,sess_924b6de5,mobile,94,
user_00623,prod_00163,view,2026-01-20 11:41:18,sess_d5e56877,desktop,293,
user_00721,prod_00452,view,2026-03-07 11:41:18,sess_faa3d752,desktop,182,
user_00896,prod_00413,view,2026-03-23 11:41:18,sess_1c1a68fc,desktop,215,
user_00143,prod_00269,view,2026-03-06 11:41:18,sess_bba3870f,mobile,21,
user_00728,prod_00477,like,2026-01-13 11:41:18,sess_1348534f,desktop,96,
user_00630,prod_00352,view,2026-02-17 11:41:18,sess_78b9ef21,tablet,227,
user_00094,prod_00100,view,2026-03-17 11:41:18,sess_c5ff81e1,mobile,8,
user_00209,prod_00254,view,2026-01-16 11:41:18,sess_56eecfb8,tablet,80,
user_00128,prod_00409,like,2026-01-24 11:41:18,sess_3b601da1,desktop,23,
user_00051,prod_00356,view,2026-01-02 11:41:18,sess_d8539e20,desktop,233,
user_00948,prod_00048,view,2026-02-16 11:41:18,sess_2132119a,desktop,75,
user_00707,prod_00097,view,2026-02-19 11:41:18,sess_c1112d62,desktop,37,
user_00755,prod_00145,view,2026-02-11 11:41:18,sess_c2b91695,tablet,8,
user_00594,prod_00173,view,2026-01-19 11:41:18,sess_56b6e301,mobile,165,
user_00611,prod_00317,view,2026-03-28 11:41:18,sess_9cbbeffc,mobile,70,
user_00400,prod_00430,cart,2026-01-01 11:41:18,sess_b9aef098,desktop,54,
user_00057,prod_00120,view,2026-02-27 11:41:18,sess_44b96f3e,mobile,265,
user_00480,prod_00416,view,2026-03-30 11:41:18,sess_7c091f76,mobile,146,
user_00421,prod_00248,view,2026-01-10 11:41:18,sess_0ac861f4,tablet,220,
user_00567,prod_00335,like,2026-03-23 11:41:18,sess_7679b2e8,tablet,32,
user_00638,prod_00339,view,2026-01-06 11:41:18,sess_a9c615e0,mobile,293,
user_00629,prod_00376,view,2026-03-08 11:41:18,sess_a5fae464,desktop,274,
user_00347,prod_00180,view,2026-01-09 11:41:18,sess_4bf413be,desktop,23,
user_00962,prod_00104,view,2026-02-22 11:41:18,sess_afa6c19d,tablet,52,
user_00450,prod_00414,view,2026-03-24 11:41:18,sess_f3396f5a,mobile,180,
user_00837,prod_00253,view,2026-01-21 11:41:18,sess_1f14fa8d,mobile,117,
user_00988,prod_00478,like,2026-01-27 11:41:18,sess_8ec61bbf,desktop,256,
user_00384,prod_00031,view,2026-01-18 11:41:18,sess_7ea18ce8,desktop,111,
user_00578,prod_00320,view,2026-03-04 11:41:18,sess_fc300836,desktop,124,
user_00258,prod_00346,like,2026-02-05 11:41:18,sess_6de62ec9,desktop,56,
user_00666,prod_00205,like,2026-03-03 11:41:18,sess_95e0a92f,tablet,121,
user_00852,prod_00492,view,2026-03-23 11:41:18,sess_12e20543,tablet,211,
user_00584,prod_00218,view,2026-01-24 11:41:18,sess_98f36223,mobile,202,
user_00876,prod_00447,view,2026-02-15 11:41:18,sess_6507524f,desktop,131,
user_00939,prod_00320,view,2026-01-15 11:41:18,sess_ab7f58fc,tablet,80,
user_00913,prod_00350,view,2026-03-21 11:41:18,sess_c9310028,mobile,247,
user_00486,prod_00061,view,2026-03-06 11:41:18,sess_8193444b,desktop,256,
user_00248,prod_00058,like,2026-03-17 11:41:18,sess_2314b50c,desktop,72,
user_00105,prod_00393,like,2026-02-05 11:41:18,sess_24fa06d4,mobile,300,
user_00602,prod_00254,view,2026-01-11 11:41:18,sess_e373daf2,tablet,194,
user_00373,prod_00052,view,2026-02-28 11:41:18,sess_7f5afd2e,tablet,296,
user_00552,prod_00220,view,2026-01-13 11:41:18,sess_a3eeeca3,desktop,56,
user_00145,prod_00116,view,2026-01-29 11:41:18,sess_41c2d02c,desktop,198,
user_00777,prod_00231,view,2026-01-30 11:41:18,sess_fa9a94d3,tablet,255,
user_00037,prod_00312,view,2026-03-11 11:41:18,sess_35646957,mobile,192,
user_00424,prod_00107,view,2026-03-27 11:41:18,sess_4a45357b,mobile,61,
user_00159,prod_00033,view,2026-03-14 11:41:18,sess_f7cf2f88,tablet,103,
user_00555,prod_00473,view,2026-02-23 11:41:18,sess_388a50f1,mobile,130,
user_00142,prod_00245,view,2026-02-26 11:41:18,sess_7ab47a34,desktop,133,
user_00188,prod_00080,view,2026-03-13 11:41:18,sess_59abe3c0,mobile,260,
user_00076,prod_00462,cart,2026-02-20 11:41:18,sess_423378ff,desktop,45,
user_00687,prod_00055,view,2026-02-09 11:41:18,sess_31e0dc5d,mobile,254,
user_00521,prod_00429,like,2026-02-17 11:41:18,sess_26f6eb25,mobile,271,
user_00119,prod_00388,like,2026-02-03 11:41:18,sess_a9a481aa,desktop,34,
user_00879,prod_00138,like,2026-03-27 11:41:18,sess_a16971e1,tablet,290,
user_00599,prod_00466,like,2026-03-22 11:41:18,sess_4124e793,desktop,79,
user_00078,prod_00487,view,2026-01-21 11:41:18,sess_f5e3592b,desktop,243,
user_00986,prod_00387,view,2026-03-25 11:41:18,sess_a9f0f10e,mobile,35,
user_00326,prod_00130,view,2026-01-04 11:41:18,sess_79c9d222,mobile,70,
user_00168,prod_00365,view,2026-03-07 11:41:18,sess_54a2b7ed,mobile,84,
user_00453,prod_00085,view,2026-01-02 11:41:18,sess_9fee4edb,tablet,188,
user_00895,prod_00018,view,2026-03-04 11:41:18,sess_8b18fe87,desktop,251,
user_00435,prod_00335,like,2026-03-06 11:41:18,sess_2eb89014,mobile,168,
user_00205,prod_00373,view,2026-02-21 11:41:18,sess_8b342fe3,mobile,85,
user_00656,prod_00211,view,2026-02-22 11:41:18,sess_b90fd883,tablet,135,
user_00248,prod_00390,view,2026-02-13 11:41:18,sess_24da055c,desktop,212,
user_00138,prod_00200,view,2026-03-01 11:41:18,sess_c40eaea0,tablet,190,
user_00915,prod_00182,view,2026-02-15 11:41:18,sess_551e0e0a,tablet,55,
user_00752,prod_00462,view,2026-02-24 11:41:18,sess_379ca5ea,desktop,240,
user_00701,prod_00478,view,2026-01-11 11:41:18,sess_a1f4b44d,tablet,183,
user_00805,prod_00444,view,2026-01-12 11:41:18,sess_b3db4006,mobile,68,
user_00772,prod_00443,view,2026-03-24 11:41:18,sess_f6a62a55,tablet,111,
user_00149,prod_00378,cart,2026-02-04 11:41:18,sess_50b57255,mobile,236,
user_00430,prod_00072,like,2026-03-04 11:41:18,sess_b2f9139e,tablet,56,
user_00655,prod_00016,like,2026-02-27 11:41:18,sess_371a0c5a,mobile,53,
user_00147,prod_00224,cart,2026-01-25 11:41:18,sess_13520061,mobile,5,
user_00057,prod_00463,view,2026-01-11 11:41:18,sess_092e9e52,tablet,285,
user_00677,prod_00335,view,2026-03-29 11:41:18,sess_10881a2e,desktop,135,
user_00536,prod_00150,view,2026-02-27 11:41:18,sess_93b81245,tablet,32,
user_00059,prod_00278,view,2026-02-16 11:41:18,sess_c26e9f0c,tablet,44,
user_00323,prod_00435,view,2026-02-10 11:41:18,sess_f16024d2,mobile,79,
user_00898,prod_00449,like,2026-02-09 11:41:18,sess_988fb581,desktop,224,
user_00587,prod_00179,view,2026-02-19 11:41:18,sess_45659380,desktop,189,
user_00713,prod_00478,view,2026-02-20 11:41:18,sess_a3f7b1ad,tablet,290,
user_00537,prod_00186,view,2026-03-03 11:41:18,sess_30bac68c,mobile,193,
user_00475,prod_00308,view,2026-01-05 11:41:18,sess_022fe95d,tablet,34,
user_00890,prod_00247,view,2026-01-12 11:41:18,sess_059e7386,mobile,191,
user_00191,prod_00108,view,2026-01-11 11:41:18,sess_eaf093d8,tablet,212,
user_00428,prod_00075,like,2026-03-26 11:41:18,sess_7c090cf4,desktop,10,
user_00072,prod_00070,view,2026-01-19 11:41:18,sess_34e06c44,desktop,28,
user_00488,prod_00188,view,2026-01-28 11:41:18,sess_431ae51a,mobile,164,
user_00525,prod_00165,like,2026-01-25 11:41:18,sess_14006bed,desktop,263,
user_00843,prod_00339,view,2026-03-24 11:41:18,sess_dd762e9f,desktop,124,
user_00554,prod_00203,like,2026-03-29 11:41:18,sess_fa838175,tablet,101,
user_00896,prod_00247,view,2026-02-07 11:41:18,sess_11a8b3d1,desktop,77,
user_00569,prod_00426,view,2026-02-02 11:41:18,sess_aea48478,mobile,299,
user_00948,prod_00296,view,2026-02-11 11:41:18,sess_da6c1064,mobile,50,
user_00191,prod_00099,view,2026-03-12 11:41:18,sess_de52eb62,mobile,105,
user_00656,prod_00316,like,2026-03-26 11:41:18,sess_4501dc47,tablet,117,
user_00314,prod_00025,view,2026-03-12 11:41:18,sess_ad5a27fa,tablet,193,
user_00693,prod_00119,view,2026-03-21 11:41:18,sess_5cbb7599,desktop,280,
user_00875,prod_00243,view,2026-01-08 11:41:18,sess_2f34f409,desktop,178,
user_00584,prod_00375,view,2026-01-21 11:41:18,sess_458f67b8,mobile,199,
user_00528,prod_00388,view,2026-01-22 11:41:18,sess_ca86cccf,tablet,36,
user_00601,prod_00390,view,2026-02-02 11:41:18,sess_3a1ab559,tablet,204,
user_00292,prod_00150,view,2026-02-13 11:41:18,sess_4af03cf6,desktop,71,
user_00835,prod_00172,view,2026-03-22 11:41:18,sess_0c8638af,tablet,98,
user_00783,prod_00494,view,2026-02-17 11:41:18,sess_f818e190,mobile,19,
user_00778,prod_00445,view,2026-01-16 11:41:18,sess_d8ccc263,tablet,243,
user_00945,prod_00103,cart,2026-03-08 11:41:18,sess_afde73ee,desktop,270,
user_00486,prod_00029,like,2026-03-16 11:41:18,sess_6ccf9432,tablet,178,
user_00896,prod_00471,view,2026-03-04 11:41:18,sess_1e8a8a0b,mobile,105,
user_00724,prod_00444,view,2026-02-14 11:41:18,sess_fd0bf2cc,tablet,224,
user_00477,prod_00139,like,2026-01-02 11:41:18,sess_d5b6b2c7,tablet,276,
user_00534,prod_00121,view,2026-01-19 11:41:18,sess_488f6a3d,tablet,63,
user_00955,prod_00225,view,2026-03-25 11:41:18,sess_b6b97055,tablet,155,
user_00732,prod_00497,cart,2026-01-24 11:41:18,sess_d4183527,tablet,11,
user_00691,prod_00343,view,2026-01-07 11:41:18,sess_19f47f17,tablet,181,
user_00074,prod_00434,view,2026-03-15 11:41:18,sess_46a31c16,desktop,88,
user_00579,prod_00209,like,2026-02-08 11:41:18,sess_7056bbac,tablet,204,
user_00758,prod_00105,view,2026-03-21 11:41:18,sess_d1e8c48a,mobile,238,
user_00562,prod_00354,view,2026-01-31 11:41:18,sess_13562437,tablet,136,
user_00635,prod_00063,view,2026-02-18 11:41:18,sess_48628a07,tablet,287,
user_00522,prod_00067,cart,2026-03-12 11:41:18,sess_26335e99,desktop,22,
user_00301,prod_00320,view,2026-01-07 11:41:18,sess_b6d4fdbf,mobile,272,
user_00957,prod_00390,view,2026-03-14 11:41:18,sess_adda3b32,mobile,126,
user_00925,prod_00106,view,2026-01-26 11:41:18,sess_29b25b2f,mobile,29,
user_00036,prod_00121,view,2026-01-02 11:41:18,sess_66d27ded,desktop,256,
user_00889,prod_00031,view,2026-01-11 11:41:18,sess_e6ebb43a,desktop,49,
user_00201,prod_00027,view,2026-02-12 11:41:18,sess_fd9dbf23,mobile,22,
user_00651,prod_00005,view,2026-03-09 11:41:18,sess_6fba672e,tablet,15,
user_00980,prod_00188,view,2026-03-26 11:41:18,sess_b94eff97,tablet,105,
user_00596,prod_00350,like,2026-03-30 11:41:18,sess_6e30fefc,mobile,32,
user_00509,prod_00259,view,2026-03-22 11:41:18,sess_067900a2,tablet,214,
user_00806,prod_00134,like,2026-03-18 11:41:18,sess_27e6b27b,mobile,185,
user_00662,prod_00413,view,2026-01-21 11:41:18,sess_798b30ec,tablet,67,
user_00865,prod_00356,view,2026-03-15 11:41:18,sess_4c7240e5,tablet,220,
user_00030,prod_00423,view,2026-01-11 11:41:18,sess_f5b676c8,tablet,99,
user_00696,prod_00387,view,2026-01-03 11:41:18,sess_b28811ac,mobile,49,
user_00299,prod_00464,like,2026-03-24 11:41:18,sess_eeb25281,tablet,12,
user_00828,prod_00145,view,2026-02-06 11:41:18,sess_6da8d4f0,mobile,243,
user_00914,prod_00251,view,2026-01-01 11:41:18,sess_479c337c,tablet,132,
user_00252,prod_00068,view,2026-02-11 11:41:18,sess_baa0e30b,desktop,75,
user_00678,prod_00075,view,2026-03-20 11:41:18,sess_8f6bc37a,tablet,249,
user_00697,prod_00256,like,2026-02-23 11:41:18,sess_fe7acc04,mobile,248,
user_00426,prod_00186,view,2026-03-28 11:41:18,sess_22a353c9,desktop,222,
user_00155,prod_00035,like,2026-03-23 11:41:18,sess_64862fa4,tablet,76,
user_00066,prod_00146,view,2026-03-28 11:41:18,sess_2f9c0dfb,desktop,66,
user_00125,prod_00437,like,2026-02-09 11:41:18,sess_20c4c224,desktop,169,
user_00346,prod_00487,view,2026-01-02 11:41:18,sess_deb6a110,tablet,135,
user_00775,prod_00033,like,2026-03-18 11:41:18,sess_3f1c99b5,tablet,162,
user_00834,prod_00209,view,2026-01-30 11:41:18,sess_653d90d2,mobile,82,
user_00224,prod_00382,view,2026-01-23 11:41:18,sess_69825395,mobile,98,
user_00641,prod_00115,like,2026-02-02 11:41:18,sess_2051438b,desktop,17,
user_00612,prod_00283,view,2026-02-20 11:41:18,sess_809619cc,mobile,186,
user_00710,prod_00397,view,2026-03-15 11:41:18,sess_46dfe822,mobile,167,
user_00513,prod_00274,view,2026-03-15 11:41:18,sess_94b4d7fd,desktop,196,
user_00944,prod_00390,like,2026-02-27 11:41:18,sess_4e3a25cd,mobile,263,
user_00484,prod_00064,view,2026-03-17 11:41:18,sess_2cabab05,desktop,51,
user_00896,prod_00285,view,2026-03-22 11:41:18,sess_5a27c585,mobile,97,
user_00909,prod_00444,view,2026-02-09 11:41:18,sess_5b0f3df5,mobile,30,
user_00605,prod_00344,view,2026-03-15 11:41:18,sess_7376afcb,mobile,75,
user_00743,prod_00293,view,2026-02-05 11:41:18,sess_0db48887,tablet,245,
user_00450,prod_00262,view,2026-01-16 11:41:18,sess_644361ca,mobile,58,
user_00447,prod_00410,like,2026-02-20 11:41:18,sess_432924b1,tablet,125,
user_00376,prod_00186,view,2026-03-27 11:41:18,sess_a69e4508,tablet,179,
user_00451,prod_00154,view,2026-02-02 11:41:18,sess_1bf7cc1e,mobile,168,
user_00343,prod_00210,view,2026-01-01 11:41:18,sess_ea2f87ac,desktop,134,
user_00242,prod_00079,like,2026-03-01 11:41:18,sess_8894e6d1,mobile,278,
user_00963,prod_00325,view,2026-01-21 11:41:18,sess_ee5e14cc,tablet,220,
user_00002,prod_00301,like,2026-03-05 11:41:18,sess_5f975969,desktop,105,
user_00054,prod_00307,view,2026-03-28 11:41:18,sess_32c4f07b,desktop,267,
user_00139,prod_00129,view,2026-02-14 11:41:18,sess_786ae1fe,mobile,40,
user_00462,prod_00393,view,2026-03-24 11:41:18,sess_a487d85f,mobile,272,
user_00840,prod_00315,view,2026-03-04 11:41:18,sess_a818d184,tablet,98,
user_00292,prod_00405,view,2026-01-05 11:41:18,sess_e06198c6,mobile,179,
user_00571,prod_00486,like,2026-03-23 11:41:18,sess_a5a4003c,mobile,57,
user_00774,prod_00199,like,2026-01-20 11:41:18,sess_80864526,tablet,194,
user_00660,prod_00443,view,2026-02-28 11:41:18,sess_4f6324c7,desktop,122,
user_00085,prod_00293,like,2026-01-09 11:41:18,sess_5bb01f92,desktop,113,
user_00283,prod_00202,like,2026-01-13 11:41:18,sess_19bc8f44,desktop,36,
user_00096,prod_00169,like,2026-01-05 11:41:18,sess_0186001a,tablet,257,
user_00041,prod_00318,view,2026-01-31 11:41:18,sess_422c827d,tablet,85,
user_00036,prod_00454,like,2026-01-19 11:41:18,sess_7bb4789c,tablet,31,
user_00568,prod_00296,view,2026-02-18 11:41:18,sess_1521e36a,tablet,130,
user_00863,prod_00279,view,2026-01-20 11:41:18,sess_735cad11,desktop,255,
user_00423,prod_00232,view,2026-01-16 11:41:18,sess_2901641a,desktop,134,
user_00748,prod_00040,view,2026-01-09 11:41:18,sess_8017204b,mobile,60,
user_00154,prod_00360,like,2026-02-09 11:41:18,sess_8c392eb6,desktop,96,
user_00053,prod_00498,view,2026-03-11 11:41:18,sess_0a831777,desktop,69,
user_00265,prod_00491,view,2026-03-29 11:41:18,sess_c3043de2,tablet,224,
user_00482,prod_00134,view,2026-03-22 11:41:18,sess_1dca4619,desktop,79,
user_00239,prod_00303,like,2026-02-14 11:41:18,sess_67d8ff92,tablet,191,
user_00341,prod_00355,like,2026-01-04 11:41:18,sess_05509939,tablet,67,
user_00114,prod_00084,view,2026-02-13 11:41:18,sess_f8bbf5ea,desktop,169,
user_00703,prod_00163,cart,2026-01-04 11:41:18,sess_b6f5fb8e,desktop,15,
user_00494,prod_00409,view,2026-01-13 11:41:18,sess_33d91feb,mobile,276,
user_00470,prod_00081,like,2026-01-12 11:41:18,sess_9f09afb4,tablet,114,
user_00233,prod_00181,view,2026-03-06 11:41:18,sess_3a75b9a9,tablet,158,
user_00257,prod_00284,view,2026-03-11 11:41:18,sess_df1ba9c2,tablet,11,
user_00100,prod_00381,view,2026-02-08 11:41:18,sess_29ec493c,mobile,254,
user_00538,prod_00482,view,2026-03-15 11:41:18,sess_bf981462,tablet,225,
user_00535,prod_00415,view,2026-01-15 11:41:18,sess_7f6dd3ee,tablet,180,
user_00788,prod_00134,view,2026-02-16 11:41:18,sess_bbad1e05,desktop,44,
user_00137,prod_00428,view,2026-03-03 11:41:18,sess_e29cccfb,tablet,139,
user_00773,prod_00032,view,2026-01-22 11:41:18,sess_120abbee,desktop,8,
user_00258,prod_00445,view,2026-03-16 11:41:18,sess_d59e2b9a,tablet,241,
user_00225,prod_00067,like,2026-02-16 11:41:18,sess_7310bb4d,mobile,217,
user_00988,prod_00072,purchase,2026-02-12 11:41:18,sess_746305d1,tablet,295,4.0
user_00768,prod_00369,like,2026-02-28 11:41:18,sess_283c49b4,mobile,105,
user_00216,prod_00229,view,2026-01-05 11:41:18,sess_a7f42689,mobile,172,
user_00764,prod_00269,view,2026-01-19 11:41:18,sess_2f3c571e,mobile,276,
user_00617,prod_00354,view,2026-01-25 11:41:18,sess_216a61b8,mobile,149,
user_00978,prod_00265,view,2026-01-11 11:41:18,sess_723bde74,desktop,39,
user_00359,prod_00176,view,2026-02-07 11:41:18,sess_ab4545ba,desktop,73,
user_00866,prod_00450,view,2026-03-24 11:41:18,sess_0b3d2a63,mobile,217,
user_00246,prod_00201,view,2026-02-23 11:41:18,sess_be2df985,tablet,250,
user_00062,prod_00151,view,2026-01-09 11:41:18,sess_96757c76,mobile,143,
user_00950,prod_00343,view,2026-01-10 11:41:18,sess_3dec18f9,desktop,143,
user_00454,prod_00217,view,2026-01-05 11:41:18,sess_e7206f7d,desktop,255,
user_00791,prod_00309,view,2026-02-26 11:41:18,sess_6d7b5ef7,desktop,25,
user_00117,prod_00125,view,2026-01-31 11:41:18,sess_c580a690,desktop,10,
user_00939,prod_00139,view,2026-03-18 11:41:18,sess_9a08472d,tablet,257,
user_00610,prod_00290,view,2026-02-16 11:41:18,sess_e5caa057,desktop,234,
user_00222,prod_00052,view,2026-03-08 11:41:18,sess_566ea3e9,desktop,40,
user_00234,prod_00488,view,2026-03-07 11:41:18,sess_15d7a437,desktop,193,
user_00498,prod_00267,view,2026-01-17 11:41:18,sess_96474ec5,mobile,132,
user_00153,prod_00066,view,2026-03-02 11:41:18,sess_365c41bd,tablet,264,
user_00521,prod_00219,view,2026-02-03 11:41:18,sess_8307543c,mobile,246,
user_00015,prod_00316,view,2026-01-15 11:41:18,sess_8901952e,desktop,258,
user_00164,prod_00394,view,2026-02-06 11:41:18,sess_cd7fa054,tablet,179,
user_00760,prod_00260,view,2026-03-04 11:41:18,sess_cb9c9df6,tablet,204,
user_00581,prod_00495,view,2026-02-14 11:41:18,sess_152f979c,mobile,163,
user_00010,prod_00187,view,2026-02-22 11:41:18,sess_34f65344,tablet,98,
user_00919,prod_00422,view,2026-01-20 11:41:18,sess_b8c5cd10,mobile,30,
user_00483,prod_00372,view,2026-02-07 11:41:18,sess_4ec28f74,desktop,41,
user_00890,prod_00115,like,2026-01-31 11:41:18,sess_2009856f,desktop,170,
user_00866,prod_00128,view,2026-03-14 11:41:18,sess_ee28fa2e,desktop,298,
user_00608,prod_00290,view,2026-01-19 11:41:18,sess_523f16f0,mobile,98,
user_00493,prod_00051,view,2026-03-13 11:41:18,sess_6185ecd0,desktop,125,
user_00494,prod_00438,like,2026-01-22 11:41:18,sess_a2a4354f,desktop,62,
user_00958,prod_00240,view,2026-03-22 11:41:18,sess_6da9e915,mobile,285,
user_00855,prod_00098,view,2026-01-26 11:41:18,sess_6f254cbf,tablet,53,
user_00030,prod_00399,view,2026-01-07 11:41:18,sess_0cc4f941,desktop,11,
user_00193,prod_00161,like,2026-03-08 11:41:18,sess_906f4f8f,mobile,64,
user_00958,prod_00361,like,2026-01-29 11:41:18,sess_d51077d2,tablet,207,
user_00094,prod_00159,view,2026-03-23 11:41:18,sess_5e3c7c1d,desktop,239,
user_00599,prod_00292,view,2026-02-20 11:41:18,sess_4d40f008,mobile,47,
user_00903,prod_00175,view,2025-12-30 11:41:18,sess_2b97e773,tablet,48,
user_00113,prod_00007,view,2026-02-14 11:41:18,sess_238cc866,desktop,25,
user_00416,prod_00190,view,2026-01-06 11:41:18,sess_7fc7056e,mobile,18,
user_00434,prod_00276,like,2026-03-24 11:41:18,sess_6452d9e7,desktop,74,
user_00854,prod_00012,view,2026-02-23 11:41:18,sess_3486eeba,desktop,9,
user_00268,prod_00081,view,2026-02-18 11:41:18,sess_4093ce2d,mobile,43,
user_00206,prod_00207,view,2026-02-15 11:41:18,sess_b4281e09,mobile,292,
user_00631,prod_00122,like,2026-01-01 11:41:18,sess_d7fa784a,tablet,231,
user_00331,prod_00075,like,2026-02-20 11:41:18,sess_85d41e33,desktop,197,
user_00314,prod_00113,view,2026-01-14 11:41:18,sess_6608a4b8,mobile,73,
user_00028,prod_00289,view,2026-02-15 11:41:18,sess_2051a562,tablet,114,
user_00646,prod_00184,view,2025-12-31 11:41:18,sess_e7c9531b,desktop,271,
user_00782,prod_00217,view,2026-01-13 11:41:18,sess_e06b6db8,mobile,239,
user_00593,prod_00296,view,2026-02-26 11:41:18,sess_f91beae1,tablet,114,
user_00179,prod_00292,view,2026-01-26 11:41:18,sess_4a560183,desktop,77,
user_00412,prod_00258,view,2026-02-13 11:41:18,sess_b504a29a,mobile,53,
user_00478,prod_00245,view,2026-02-14 11:41:18,sess_3b015656,mobile,117,
user_00661,prod_00039,like,2026-01-24 11:41:18,sess_0d0ddd6e,mobile,188,
user_00469,prod_00098,view,2026-03-29 11:41:18,sess_d5bf9f1f,tablet,218,
user_00574,prod_00004,view,2026-03-28 11:41:18,sess_23ba6889,mobile,294,
user_00022,prod_00493,purchase,2026-02-19 11:41:18,sess_2b8a77c9,desktop,212,2.4
user_00638,prod_00171,purchase,2026-01-20 11:41:18,sess_eeae801c,tablet,261,2.3
user_00012,prod_00101,view,2026-01-16 11:41:18,sess_f00e2fc2,mobile,18,
user_00315,prod_00442,view,2026-03-28 11:41:18,sess_5e20b019,tablet,157,
user_00571,prod_00068,view,2026-02-22 11:41:18,sess_dd74541a,desktop,85,
user_00058,prod_00416,view,2026-01-19 11:41:18,sess_41364f7e,desktop,117,
user_00143,prod_00086,view,2026-02-08 11:41:18,sess_7e74cd86,mobile,156,
user_00916,prod_00102,view,2026-01-25 11:41:18,sess_5480fe2c,mobile,184,
user_00132,prod_00422,view,2026-02-15 11:41:18,sess_828b119f,desktop,247,
user_00315,prod_00469,like,2026-02-13 11:41:18,sess_d76cbef6,desktop,234,
user_00363,prod_00161,like,2026-02-03 11:41:18,sess_ff1c8cc2,desktop,134,
user_00074,prod_00097,like,2026-02-26 11:41:18,sess_160f175f,mobile,70,
user_00585,prod_00249,view,2026-03-30 11:41:18,sess_bbb5e566,mobile,75,
user_00959,prod_00096,like,2026-01-05 11:41:18,sess_eb10c0c8,mobile,122,
user_00160,prod_00325,view,2026-01-21 11:41:18,sess_094d9e83,tablet,247,
user_00815,prod_00031,purchase,2026-01-08 11:41:18,sess_1c1f0915,desktop,76,1.2
user_00867,prod_00390,view,2026-01-22 11:41:18,sess_f5449336,desktop,60,
user_00900,prod_00013,like,2026-01-29 11:41:18,sess_1ef63f19,tablet,241,
user_00346,prod_00097,view,2026-02-08 11:41:18,sess_1c55f3f6,mobile,252,
user_00482,prod_00106,cart,2026-02-02 11:41:18,sess_85b51638,tablet,176,
user_00730,prod_00448,view,2026-03-09 11:41:18,sess_9931329d,tablet,14,
user_00833,prod_00371,like,2026-02-02 11:41:18,sess_764766f3,tablet,155,
user_00979,prod_00427,purchase,2026-01-06 11:41:18,sess_3c319bcd,tablet,228,3.4
user_00091,prod_00298,view,2026-01-16 11:41:18,sess_e6e746fb,tablet,58,
user_00932,prod_00243,view,2025-12-31 11:41:18,sess_33eb69a2,mobile,235,
user_00791,prod_00164,view,2026-03-29 11:41:18,sess_7c37f5d9,mobile,133,
user_00952,prod_00057,view,2026-03-05 11:41:18,sess_6a57426c,mobile,202,
user_00792,prod_00082,view,2026-03-20 11:41:18,sess_4198ec2b,mobile,205,
user_00903,prod_00310,view,2026-01-06 11:41:18,sess_e77c975a,mobile,129,
user_00969,prod_00283,view,2026-03-21 11:41:18,sess_d4b8cf65,tablet,119,
user_00974,prod_00357,view,2026-01-15 11:41:18,sess_141eb4f6,mobile,129,
user_00443,prod_00365,view,2026-02-04 11:41:18,sess_a144c0c5,tablet,270,
user_00612,prod_00251,view,2026-03-02 11:41:18,sess_881672a0,mobile,20,
user_00078,prod_00020,view,2026-02-13 11:41:18,sess_c3c8800e,desktop,10,
user_00384,prod_00388,like,2026-03-28 11:41:18,sess_3cb59e21,mobile,289,
user_00088,prod_00356,view,2026-02-24 11:41:18,sess_5745cf63,desktop,153,
user_00616,prod_00452,like,2026-02-27 11:41:18,sess_661a77b6,mobile,274,
user_00379,prod_00104,like,2026-03-27 11:41:18,sess_759fef11,tablet,174,
user_00778,prod_00228,view,2026-01-01 11:41:18,sess_d2c43f5d,mobile,241,
user_00171,prod_00198,like,2026-01-21 11:41:18,sess_cb8e8d99,tablet,192,
user_00819,prod_00257,view,2025-12-30 11:41:18,sess_85e37dcc,tablet,56,
user_00963,prod_00267,view,2026-03-02 11:41:18,sess_b78101fe,tablet,188,
user_00951,prod_00200,view,2026-01-03 11:41:18,sess_1e98925a,tablet,256,
user_00289,prod_00096,view,2026-02-21 11:41:18,sess_b808499a,tablet,34,
user_00605,prod_00427,cart,2026-01-15 11:41:18,sess_703c5026,mobile,214,
user_00227,prod_00449,view,2026-01-18 11:41:18,sess_a0c778bc,mobile,8,
user_00258,prod_00058,like,2026-01-22 11:41:18,sess_8384d375,tablet,204,
user_00012,prod_00036,view,2026-01-27 11:41:18,sess_5ec9f318,mobile,287,
user_00399,prod_00256,view,2026-02-03 11:41:18,sess_7c4780ff,desktop,280,
user_00025,prod_00405,view,2026-02-15 11:41:18,sess_dde0bd45,tablet,240,
user_00852,prod_00064,view,2026-01-31 11:41:18,sess_532b2262,tablet,16,
user_00419,prod_00181,like,2026-03-13 11:41:18,sess_e882a66c,mobile,108,
user_00079,prod_00134,view,2026-03-11 11:41:18,sess_be3736a9,mobile,82,
user_00014,prod_00469,view,2026-01-27 11:41:18,sess_9893c521,tablet,225,
user_00981,prod_00203,view,2026-03-20 11:41:18,sess_c914ff1b,tablet,110,
user_00307,prod_00117,view,2026-01-30 11:41:18,sess_bc791a42,desktop,199,
user_00765,prod_00087,view,2025-12-31 11:41:18,sess_c8be0167,tablet,202,
user_00418,prod_00345,view,2026-02-04 11:41:18,sess_12903505,mobile,98,
user_00988,prod_00489,like,2026-01-26 11:41:18,sess_85178508,desktop,214,
user_00494,prod_00435,view,2026-01-10 11:41:18,sess_bcb524e9,desktop,20,
user_00406,prod_00404,view,2026-03-20 11:41:18,sess_bb45cbe3,tablet,68,
user_00089,prod_00178,view,2026-03-08 11:41:18,sess_c1a7a42a,tablet,77,
user_00467,prod_00343,view,2026-02-07 11:41:18,sess_0c8862fc,mobile,137,
user_00698,prod_00282,like,2026-01-12 11:41:18,sess_e8c3be1f,mobile,106,
user_00570,prod_00122,cart,2026-01-09 11:41:18,sess_539dd565,desktop,291,
user_00396,prod_00493,view,2026-02-09 11:41:18,sess_736f7aef,mobile,60,
user_00271,prod_00468,view,2026-03-26 11:41:18,sess_a9202888,mobile,235,
user_00537,prod_00499,view,2026-03-21 11:41:18,sess_f6efd712,mobile,13,
user_00863,prod_00462,view,2026-01-15 11:41:18,sess_2b24a46c,mobile,202,
user_00506,prod_00486,view,2026-02-05 11:41:18,sess_88c87b59,tablet,168,
user_00180,prod_00347,view,2026-01-07 11:41:18,sess_d028e68a,desktop,242,
user_00426,prod_00063,view,2026-01-21 11:41:18,sess_05bebf1c,tablet,149,
user_00599,prod_00490,like,2026-03-30 11:41:18,sess_39f85fb3,tablet,61,
user_00077,prod_00425,view,2026-03-12 11:41:18,sess_9cd7519d,mobile,90,
user_00271,prod_00011,view,2026-02-06 11:41:18,sess_465fce9d,desktop,272,
user_00388,prod_00360,view,2026-02-09 11:41:18,sess_c54bbe4a,desktop,153,
user_00362,prod_00104,view,2026-01-31 11:41:18,sess_0d6df287,mobile,109,
user_00126,prod_00024,like,2026-03-27 11:41:18,sess_d67e1dfe,mobile,49,
user_00041,prod_00241,view,2026-01-07 11:41:18,sess_9e8dfe9d,desktop,131,
user_00242,prod_00296,view,2026-02-24 11:41:18,sess_39067e9e,desktop,51,
user_00169,prod_00247,view,2026-01-17 11:41:18,sess_b0d6642a,tablet,287,
user_00015,prod_00090,cart,2026-01-12 11:41:18,sess_3af0ad72,tablet,105,
user_00340,prod_00084,view,2026-03-30 11:41:18,sess_6913a5d0,tablet,276,
user_00465,prod_00426,view,2026-02-07 11:41:18,sess_544b43bb,desktop,33,
user_00011,prod_00147,view,2026-01-19 11:41:18,sess_30fbba3e,desktop,27,
user_00840,prod_00496,like,2026-01-18 11:41:18,sess_e51a3cf5,desktop,21,
user_00197,prod_00141,like,2026-01-21 11:41:18,sess_307374ca,desktop,42,
user_00037,prod_00047,view,2026-03-24 11:41:18,sess_e4140f82,mobile,195,
user_00199,prod_00176,like,2026-03-25 11:41:18,sess_7e54533f,tablet,172,
user_00419,prod_00458,view,2026-02-06 11:41:18,sess_76d78b8b,mobile,290,
user_00976,prod_00338,view,2026-02-09 11:41:18,sess_5755da72,mobile,283,
user_00320,prod_00416,like,2026-02-09 11:41:18,sess_d5940bba,tablet,19,
user_00741,prod_00185,view,2026-02-27 11:41:18,sess_fe5b4c22,mobile,37,
user_00790,prod_00278,view,2026-01-28 11:41:18,sess_1ec48987,desktop,281,
user_00910,prod_00457,view,2026-01-12 11:41:18,sess_ca3bd823,mobile,102,
user_00336,prod_00193,view,2026-03-16 11:41:18,sess_2f41ffb9,tablet,182,
user_00085,prod_00239,view,2026-01-20 11:41:18,sess_ee6ed3aa,tablet,96,
user_00475,prod_00266,view,2026-01-18 11:41:18,sess_e604d3f9,tablet,192,
user_00423,prod_00263,like,2026-01-31 11:41:18,sess_b723e9fb,tablet,108,
user_00477,prod_00353,view,2026-01-23 11:41:18,sess_5819afa9,mobile,270,
user_00331,prod_00379,view,2026-03-12 11:41:18,sess_dc79538a,mobile,200,
user_00875,prod_00459,like,2026-01-29 11:41:18,sess_977642c9,tablet,198,
user_00767,prod_00138,view,2026-02-16 11:41:18,sess_9823d43d,mobile,52,
user_00518,prod_00146,view,2026-02-10 11:41:18,sess_5eca0a55,desktop,68,
user_00759,prod_00003,view,2026-03-24 11:41:18,sess_95b43ba0,desktop,278,
user_00246,prod_00165,view,2026-01-19 11:41:18,sess_63b67112,tablet,15,
user_00713,prod_00273,view,2026-02-10 11:41:18,sess_d3dc8417,mobile,234,
user_00251,prod_00489,view,2026-03-28 11:41:18,sess_b16ebd7b,desktop,238,
user_00037,prod_00204,view,2026-03-30 11:41:18,sess_f273f20c,tablet,46,
user_00896,prod_00344,like,2026-03-18 11:41:18,sess_6fdb46c4,mobile,280,
user_00726,prod_00485,view,2026-02-17 11:41:18,sess_cbc5699e,desktop,35,
user_00807,prod_00193,like,2026-02-03 11:41:18,sess_ab99346b,desktop,127,
user_00410,prod_00357,view,2026-03-24 11:41:18,sess_d07c4306,mobile,293,
user_00750,prod_00245,view,2026-03-19 11:41:18,sess_002660c0,mobile,16,
user_00865,prod_00375,like,2026-02-28 11:41:18,sess_3a033479,mobile,255,
user_00303,prod_00343,view,2026-03-02 11:41:18,sess_a5a2c3eb,tablet,296,
user_00132,prod_00339,view,2026-02-23 11:41:18,sess_b7fd0722,mobile,176,
user_00552,prod_00203,view,2026-02-03 11:41:18,sess_5eb2a4f3,tablet,99,
user_00256,prod_00401,view,2026-02-04 11:41:18,sess_c469edd4,mobile,136,
user_00156,prod_00298,like,2026-01-14 11:41:18,sess_22fca5e7,mobile,234,
user_00284,prod_00068,view,2026-03-04 11:41:18,sess_0f2283ba,tablet,48,
user_00179,prod_00076,view,2026-03-02 11:41:18,sess_4d00e3ec,tablet,246,
user_00057,prod_00324,view,2026-01-02 11:41:18,sess_0a724518,mobile,41,
user_00293,prod_00034,view,2026-01-01 11:41:18,sess_16590263,mobile,204,
user_00116,prod_00082,view,2026-03-05 11:41:18,sess_ce861640,tablet,51,
user_00562,prod_00303,view,2026-01-09 11:41:18,sess_afd70ec8,desktop,231,
user_00360,prod_00420,view,2026-01-02 11:41:18,sess_8a62a8fa,desktop,85,
user_00247,prod_00396,view,2026-02-02 11:41:18,sess_942351ee,mobile,183,
user_00022,prod_00493,view,2026-03-21 11:41:18,sess_584eae58,mobile,77,
user_00137,prod_00444,view,2025-12-30 11:41:18,sess_df52ddcc,tablet,13,
user_00594,prod_00009,view,2026-02-19 11:41:18,sess_fb59c34a,desktop,164,
user_00299,prod_00469,view,2025-12-31 11:41:18,sess_09cb139d,mobile,173,
user_00693,prod_00436,view,2026-02-16 11:41:18,sess_768b63f6,tablet,119,
user_00860,prod_00499,view,2026-01-04 11:41:18,sess_d0b1fa5e,desktop,189,
user_00041,prod_00422,view,2026-01-22 11:41:18,sess_101d721c,mobile,263,
user_00316,prod_00334,view,2026-02-20 11:41:18,sess_8bb604f6,desktop,36,
user_00253,prod_00448,like,2026-01-16 11:41:18,sess_9cf1c554,tablet,39,
user_00669,prod_00450,view,2026-01-18 11:41:18,sess_4b133566,tablet,25,
user_00391,prod_00322,view,2026-02-08 11:41:18,sess_a02e2d1f,mobile,79,
user_00115,prod_00345,like,2026-01-27 11:41:18,sess_b6bcb123,mobile,113,
user_00312,prod_00435,like,2026-02-02 11:41:18,sess_11c8ae18,desktop,81,
user_00493,prod_00397,like,2026-02-09 11:41:18,sess_25bce271,tablet,253,
user_00725,prod_00029,view,2026-02-20 11:41:18,sess_80ebce88,tablet,69,
user_00105,prod_00276,like,2026-03-04 11:41:18,sess_445af6fb,mobile,208,
user_00944,prod_00472,like,2026-01-26 11:41:18,sess_a92adf3e,tablet,195,
user_00251,prod_00497,view,2026-01-08 11:41:18,sess_ae3df8cf,mobile,173,
user_00421,prod_00208,like,2026-03-09 11:41:18,sess_7e51bc76,desktop,235,
user_00325,prod_00493,view,2026-03-08 11:41:18,sess_a53d6760,tablet,281,
user_00954,prod_00004,view,2026-03-26 11:41:18,sess_9b26c085,mobile,208,
user_00122,prod_00005,like,2026-03-28 11:41:18,sess_b2231871,tablet,175,
user_00112,prod_00002,view,2026-01-17 11:41:18,sess_6319ffc7,tablet,179,
user_00004,prod_00024,view,2026-02-24 11:41:18,sess_369b87f3,desktop,78,
user_00461,prod_00053,like,2026-03-29 11:41:18,sess_5cff68d0,desktop,298,
user_00251,prod_00473,cart,2026-01-26 11:41:18,sess_0f15307a,tablet,85,
user_00241,prod_00297,view,2026-02-26 11:41:18,sess_0a094067,desktop,149,
user_00153,prod_00333,view,2026-03-18 11:41:18,sess_bed39a97,tablet,166,
user_00630,prod_00456,like,2026-01-16 11:41:18,sess_ec65cf6c,tablet,156,
user_00434,prod_00349,view,2026-03-16 11:41:18,sess_eea97a7c,desktop,20,
user_00813,prod_00105,view,2026-01-05 11:41:18,sess_31040cc4,tablet,266,
user_00604,prod_00462,view,2026-01-16 11:41:18,sess_c86e3273,desktop,290,
user_00849,prod_00491,view,2026-01-26 11:41:18,sess_9bf37db5,mobile,225,
user_00784,prod_00116,view,2026-01-19 11:41:18,sess_ac8c1de4,mobile,262,
user_00011,prod_00348,cart,2026-03-06 11:41:18,sess_e98a2301,tablet,24,
user_00679,prod_00495,view,2026-03-25 11:41:18,sess_557769d4,mobile,69,
user_00795,prod_00489,view,2026-01-04 11:41:18,sess_3a7920b6,desktop,298,
user_00712,prod_00281,view,2026-01-20 11:41:18,sess_63d878cd,mobile,166,
user_00243,prod_00134,view,2026-03-30 11:41:18,sess_6d931a91,tablet,232,
user_00903,prod_00339,view,2026-02-03 11:41:18,sess_4eda540e,mobile,201,
user_00069,prod_00128,view,2026-03-15 11:41:18,sess_27eeb07f,desktop,275,
user_00547,prod_00340,view,2026-03-07 11:41:18,sess_bbdfc1ec,desktop,221,
user_00960,prod_00207,view,2026-03-13 11:41:18,sess_893d7f03,mobile,126,
user_00899,prod_00472,like,2026-02-22 11:41:18,sess_9937815d,desktop,164,
user_00410,prod_00036,view,2026-02-18 11:41:18,sess_3c036baa,desktop,193,
user_00946,prod_00382,like,2026-02-02 11:41:18,sess_1cfcdde0,mobile,155,
user_00631,prod_00486,view,2026-02-19 11:41:18,sess_094bc41e,tablet,41,
user_00373,prod_00478,view,2026-03-15 11:41:18,sess_d0e7d84d,desktop,176,
user_00876,prod_00037,view,2026-03-01 11:41:18,sess_4f737f66,mobile,53,
user_00859,prod_00351,view,2026-01-29 11:41:18,sess_8a830baa,mobile,159,
user_00846,prod_00299,like,2026-03-23 11:41:18,sess_b52a80eb,desktop,70,
user_00443,prod_00032,like,2026-03-21 11:41:18,sess_eb97efa3,desktop,154,
user_00762,prod_00454,view,2026-02-04 11:41:18,sess_c5604b02,desktop,22,
user_00900,prod_00027,view,2026-02-22 11:41:18,sess_bd0a1f61,desktop,182,
user_00106,prod_00371,view,2026-03-09 11:41:18,sess_e5139c9f,desktop,76,
user_00637,prod_00134,purchase,2026-02-04 11:41:18,sess_709947f9,desktop,150,4.2
user_00612,prod_00244,view,2026-01-22 11:41:18,sess_b6d8faf0,tablet,131,
user_00815,prod_00080,like,2026-01-19 11:41:18,sess_a8a04cb0,desktop,60,
user_00772,prod_00494,view,2026-01-26 11:41:18,sess_f4f11b64,desktop,106,
user_00229,prod_00131,like,2026-01-19 11:41:18,sess_07e5dd8d,tablet,50,
user_00515,prod_00251,view,2026-02-26 11:41:18,sess_0839a71e,desktop,229,
user_00785,prod_00177,view,2026-01-11 11:41:18,sess_03cd579c,tablet,74,
user_00769,prod_00310,view,2026-01-31 11:41:18,sess_ffbb64f8,desktop,270,
user_00033,prod_00242,view,2026-01-05 11:41:18,sess_c4ce5063,tablet,231,
user_00366,prod_00432,view,2026-02-17 11:41:18,sess_3c306047,tablet,147,
user_00429,prod_00097,view,2026-02-04 11:41:18,sess_5017296d,mobile,58,
user_00223,prod_00352,like,2025-12-30 11:41:18,sess_c26cf524,tablet,146,
user_00958,prod_00137,view,2026-03-07 11:41:18,sess_0dbbf01c,desktop,74,
user_00319,prod_00182,view,2026-02-09 11:41:18,sess_7073ba29,tablet,278,
user_00791,prod_00467,view,2026-03-17 11:41:18,sess_a300fb7b,tablet,151,
user_00542,prod_00304,view,2026-03-02 11:41:18,sess_c6471137,desktop,112,
user_00632,prod_00290,like,2026-02-24 11:41:18,sess_4db98e4a,desktop,63,
user_00374,prod_00489,view,2026-03-21 11:41:18,sess_506a6005,tablet,137,
user_00950,prod_00323,view,2026-02-12 11:41:18,sess_4e882432,tablet,206,
user_00081,prod_00135,like,2026-02-19 11:41:18,sess_83b88991,mobile,265,
user_00289,prod_00053,purchase,2026-02-27 11:41:18,sess_6f0d513b,desktop,74,4.9
user_00227,prod_00432,view,2026-01-30 11:41:18,sess_36de3f1f,desktop,253,
user_00196,prod_00357,view,2026-01-31 11:41:18,sess_74278472,mobile,66,
user_00523,prod_00221,view,2026-01-03 11:41:18,sess_99a098b7,mobile,71,
user_00674,prod_00223,like,2026-02-26 11:41:18,sess_22be465b,tablet,294,
user_00228,prod_00328,view,2026-03-10 11:41:18,sess_38697818,mobile,233,
user_00727,prod_00487,view,2026-03-29 11:41:18,sess_162381c5,desktop,165,
user_00805,prod_00136,view,2025-12-30 11:41:18,sess_0696f155,desktop,291,
user_00542,prod_00249,cart,2026-03-13 11:41:18,sess_00377369,tablet,218,
user_00669,prod_00067,like,2026-03-01 11:41:18,sess_33664b7a,desktop,137,
user_00050,prod_00396,view,2026-01-20 11:41:18,sess_3fac17a4,mobile,231,
user_00088,prod_00475,like,2026-02-06 11:41:18,sess_29890564,mobile,67,
user_00021,prod_00375,like,2026-02-20 11:41:18,sess_362fb0fc,mobile,230,
user_00505,prod_00395,view,2026-01-22 11:41:18,sess_90dd860a,tablet,42,
user_00985,prod_00451,purchase,2026-03-03 11:41:18,sess_1d06f275,mobile,270,1.4
user_00473,prod_00249,view,2026-01-31 11:41:18,sess_2030ae46,desktop,156,
user_00696,prod_00449,view,2026-01-21 11:41:18,sess_f965815c,tablet,140,
user_00194,prod_00245,view,2026-03-13 11:41:18,sess_c512a4ca,desktop,183,
user_00514,prod_00401,view,2026-01-01 11:41:18,sess_df928fbf,desktop,172,
user_00853,prod_00030,view,2026-01-16 11:41:18,sess_15c1f384,tablet,194,
user_00220,prod_00056,like,2026-01-08 11:41:18,sess_fefaa3ac,desktop,286,
user_00811,prod_00285,view,2025-12-31 11:41:18,sess_0a08d2d0,desktop,23,
user_00495,prod_00331,view,2026-01-08 11:41:18,sess_183583d4,desktop,181,
user_00386,prod_00423,view,2026-01-22 11:41:18,sess_4c358758,mobile,250,
user_00090,prod_00429,view,2026-03-12 11:41:18,sess_e5135323,tablet,66,
user_00580,prod_00138,view,2026-02-26 11:41:18,sess_b5d76959,tablet,250,
user_00469,prod_00184,view,2026-02-02 11:41:18,sess_b830c99c,tablet,123,
user_00366,prod_00264,view,2026-01-15 11:41:18,sess_d7a3fe6b,mobile,283,
user_00420,prod_00250,view,2026-01-03 11:41:18,sess_64465da9,mobile,123,
user_00707,prod_00354,like,2026-01-26 11:41:18,sess_a546982a,tablet,208,
user_00688,prod_00144,view,2026-01-23 11:41:18,sess_17be0b27,tablet,132,
user_00910,prod_00125,view,2026-02-27 11:41:18,sess_7492e02b,tablet,269,
user_00688,prod_00461,like,2026-02-07 11:41:18,sess_29c36757,tablet,246,
user_00512,prod_00234,view,2026-01-21 11:41:18,sess_d8ca65c5,desktop,97,
user_00593,prod_00403,like,2026-01-08 11:41:18,sess_3b7d703d,mobile,113,
user_00443,prod_00277,view,2026-01-04 11:41:18,sess_e18846db,desktop,221,
user_00804,prod_00119,view,2026-03-12 11:41:18,sess_028d8297,tablet,14,
user_00090,prod_00454,like,2026-02-26 11:41:18,sess_b0e3a4bc,tablet,51,
user_00752,prod_00090,view,2026-01-06 11:41:18,sess_695d6859,tablet,217,
user_00694,prod_00229,view,2026-01-14 11:41:18,sess_e644745b,desktop,66,
user_00857,prod_00328,like,2026-01-03 11:41:18,sess_ab7ad2ac,desktop,58,
user_00121,prod_00273,view,2026-01-25 11:41:18,sess_5d0b8338,mobile,95,
user_00007,prod_00093,view,2026-01-09 11:41:18,sess_80e4841d,tablet,90,
user_00104,prod_00342,view,2026-02-06 11:41:18,sess_9a92370a,mobile,84,
user_00318,prod_00474,view,2026-03-16 11:41:18,sess_7606a71a,tablet,157,
user_00762,prod_00119,like,2026-03-29 11:41:18,sess_68fbd6a1,tablet,271,
user_00056,prod_00210,view,2026-01-28 11:41:18,sess_59d60e35,mobile,271,
user_00049,prod_00053,view,2026-01-19 11:41:18,sess_a491714e,desktop,190,
user_00429,prod_00100,view,2026-02-14 11:41:18,sess_2dba4f52,desktop,8,
user_00756,prod_00185,view,2026-02-07 11:41:18,sess_50175244,desktop,221,
user_00519,prod_00052,view,2026-03-29 11:41:18,sess_2b7c56ac,tablet,271,
user_00994,prod_00399,view,2026-03-18 11:41:18,sess_0ab640f1,desktop,246,
user_00187,prod_00325,view,2026-03-11 11:41:18,sess_c6fdd1f2,tablet,100,
user_00233,prod_00370,like,2026-02-20 11:41:18,sess_d3b4e615,desktop,218,
user_00077,prod_00337,view,2026-02-01 11:41:18,sess_b40dc269,desktop,129,
user_00026,prod_00338,view,2026-01-04 11:41:18,sess_b8b3d910,tablet,201,
user_00457,prod_00435,view,2026-03-29 11:41:18,sess_092992a0,mobile,270,
user_00738,prod_00480,view,2026-01-04 11:41:18,sess_09f3ceea,tablet,223,
user_00933,prod_00198,view,2026-01-16 11:41:18,sess_63286eee,desktop,17,
user_00455,prod_00492,view,2026-03-24 11:41:18,sess_da9a9146,tablet,133,
user_00688,prod_00244,view,2026-03-11 11:41:18,sess_7728aa9c,mobile,182,
user_00391,prod_00090,view,2026-01-31 11:41:18,sess_1f5f3874,mobile,277,
user_00061,prod_00097,like,2026-02-28 11:41:18,sess_b450c2de,desktop,57,
user_00062,prod_00463,like,2026-02-10 11:41:18,sess_b6ac1203,mobile,210,
user_00763,prod_00019,like,2026-01-16 11:41:18,sess_a8c33f6f,desktop,177,
user_00797,prod_00446,view,2026-03-21 11:41:18,sess_80f561f5,desktop,264,
user_00010,prod_00212,view,2026-02-20 11:41:18,sess_dfdf5803,tablet,40,
user_00524,prod_00297,view,2026-01-09 11:41:18,sess_80dc31ab,mobile,209,
user_00208,prod_00354,view,2026-02-24 11:41:18,sess_4c2d312e,mobile,222,
user_00901,prod_00467,like,2026-01-14 11:41:18,sess_63dd132b,mobile,126,
user_00325,prod_00175,view,2026-03-10 11:41:18,sess_8d90618e,desktop,79,
user_00564,prod_00253,view,2026-01-25 11:41:18,sess_b224c06e,desktop,63,
user_00742,prod_00156,view,2026-01-03 11:41:18,sess_9ef42c27,mobile,265,
user_00038,prod_00081,like,2026-01-13 11:41:18,sess_c2639657,desktop,213,
user_00072,prod_00286,view,2026-01-28 11:41:18,sess_f898d170,mobile,213,
user_00903,prod_00392,view,2026-03-15 11:41:18,sess_db923ede,desktop,220,
user_00054,prod_00131,view,2026-01-05 11:41:18,sess_b3b6d2a6,mobile,224,
user_00917,prod_00103,view,2026-03-27 11:41:18,sess_2c8e0956,tablet,90,
user_00622,prod_00230,like,2026-02-20 11:41:18,sess_5d9502bb,desktop,82,
user_00766,prod_00424,like,2026-01-21 11:41:18,sess_51c501b7,tablet,221,
user_00397,prod_00248,view,2026-02-03 11:41:18,sess_eaf6ab83,desktop,112,
user_00455,prod_00419,like,2026-01-10 11:41:18,sess_6efb8a16,tablet,93,
user_00493,prod_00155,view,2026-01-20 11:41:18,sess_63cceede,mobile,231,
user_00691,prod_00164,view,2026-03-02 11:41:18,sess_41254c8a,mobile,286,
user_00947,prod_00321,view,2026-02-10 11:41:18,sess_1925d1c3,mobile,57,
user_00301,prod_00220,purchase,2026-01-08 11:41:18,sess_88c07906,tablet,292,3.1
user_00915,prod_00363,cart,2026-03-10 11:41:18,sess_a93bae65,tablet,91,
user_00304,prod_00370,view,2026-03-26 11:41:18,sess_ba37230b,desktop,104,
user_00460,prod_00138,view,2026-01-07 11:41:18,sess_eb242eb6,desktop,228,
user_00796,prod_00472,view,2026-02-20 11:41:18,sess_5a004cda,mobile,279,
user_00088,prod_00293,view,2026-01-25 11:41:18,sess_66977a9b,desktop,271,
user_00938,prod_00081,view,2026-01-14 11:41:18,sess_3937c746,desktop,236,
user_00619,prod_00096,view,2026-03-24 11:41:18,sess_940bcef4,mobile,82,
user_00262,prod_00335,view,2026-01-11 11:41:18,sess_6bf18107,desktop,252,
user_00855,prod_00316,view,2026-01-29 11:41:18,sess_59609ea7,mobile,41,
user_00616,prod_00103,view,2026-01-30 11:41:18,sess_4f71ac09,mobile,287,
user_00467,prod_00466,view,2026-03-24 11:41:18,sess_1d28405b,tablet,61,
user_00479,prod_00026,like,2026-03-03 11:41:18,sess_ce762715,desktop,88,
user_00295,prod_00079,view,2026-02-23 11:41:18,sess_325137a0,desktop,128,
user_00823,prod_00360,view,2026-02-20 11:41:18,sess_971819b0,mobile,242,
user_00137,prod_00143,view,2026-02-02 11:41:18,sess_593c7686,desktop,108,
user_00811,prod_00318,view,2026-01-15 11:41:18,sess_cf01eb1d,tablet,73,
user_00677,prod_00018,view,2026-01-23 11:41:18,sess_8e85c59c,mobile,90,
user_00204,prod_00495,view,2026-03-07 11:41:18,sess_7b1ca1af,desktop,298,
user_00749,prod_00449,view,2026-01-04 11:41:18,sess_d257e5d2,desktop,9,
user_00389,prod_00214,view,2026-03-20 11:41:18,sess_7afea7c3,desktop,181,
user_00345,prod_00270,view,2026-03-20 11:41:18,sess_76a19336,desktop,19,
user_00244,prod_00166,view,2026-03-17 11:41:18,sess_e4eb0148,tablet,33,
user_00690,prod_00491,view,2026-01-06 11:41:18,sess_1ae2f4d7,mobile,187,
user_00434,prod_00435,view,2026-03-07 11:41:18,sess_107d1875,tablet,58,
user_00193,prod_00494,view,2026-01-21 11:41:18,sess_beefd276,desktop,114,
user_00553,prod_00018,like,2026-01-12 11:41:18,sess_5cf9300b,tablet,124,
user_00506,prod_00272,like,2025-12-31 11:41:18,sess_1ee70a03,mobile,11,
user_00618,prod_00348,view,2026-02-01 11:41:18,sess_435cf84b,mobile,38,
user_00591,prod_00051,view,2026-03-30 11:41:18,sess_cf190cdf,tablet,61,
user_00443,prod_00170,view,2026-03-25 11:41:18,sess_98b3b1f3,mobile,143,
user_00846,prod_00247,view,2026-03-05 11:41:18,sess_487a79e5,desktop,246,
user_00912,prod_00341,view,2026-03-04 11:41:18,sess_ddda2375,desktop,265,
user_00461,prod_00449,view,2026-03-23 11:41:18,sess_bfa4850c,mobile,10,
user_00054,prod_00339,like,2026-01-06 11:41:18,sess_c8cbd961,mobile,283,
user_00462,prod_00483,cart,2026-02-17 11:41:18,sess_9ad8d1b5,mobile,139,
user_00148,prod_00116,view,2026-01-05 11:41:18,sess_ace43ad3,desktop,108,
user_00662,prod_00101,view,2026-01-02 11:41:18,sess_0cd55bbf,mobile,94,
user_00661,prod_00401,like,2026-03-30 11:41:18,sess_43b73b38,mobile,174,
user_00528,prod_00337,view,2026-03-28 11:41:18,sess_6197a9b8,mobile,209,
user_00645,prod_00038,view,2026-01-27 11:41:18,sess_3e39e9a8,desktop,12,
user_00913,prod_00131,like,2026-01-06 11:41:18,sess_b4b02651,mobile,11,
user_00620,prod_00325,view,2026-03-27 11:41:18,sess_595c07c7,tablet,232,
user_00932,prod_00328,like,2026-02-10 11:41:18,sess_bff466e3,desktop,275,
user_00313,prod_00174,like,2026-03-06 11:41:18,sess_162942ea,tablet,129,
user_00360,prod_00348,view,2026-03-02 11:41:18,sess_a6eb2012,desktop,25,
user_00800,prod_00036,view,2026-01-02 11:41:18,sess_2d6a6a9a,mobile,106,
user_00203,prod_00380,like,2025-12-30 11:41:18,sess_763fafa7,desktop,17,
user_00432,prod_00012,view,2026-02-27 11:41:18,sess_a28be01f,tablet,196,
user_00100,prod_00460,view,2026-01-05 11:41:18,sess_5112beb1,desktop,289,
user_00773,prod_00460,like,2026-01-09 11:41:18,sess_c207e7ca,mobile,216,
user_00832,prod_00446,view,2026-02-28 11:41:18,sess_0a73b60b,mobile,130,
user_00274,prod_00340,purchase,2026-02-02 11:41:18,sess_8e067fe1,mobile,100,4.7
user_00412,prod_00456,like,2026-01-30 11:41:18,sess_6d1716b4,mobile,71,
user_00189,prod_00310,cart,2026-01-27 11:41:18,sess_2b9cc33c,desktop,46,
user_00868,prod_00459,view,2026-03-07 11:41:18,sess_312fa7a1,tablet,126,
user_00620,prod_00323,like,2026-02-06 11:41:18,sess_fd0c1c8c,desktop,219,
user_00480,prod_00438,view,2026-02-23 11:41:18,sess_97481510,tablet,186,
user_00621,prod_00498,like,2026-03-26 11:41:18,sess_a34b15a8,mobile,87,
user_00915,prod_00304,like,2026-03-09 11:41:18,sess_1761241a,mobile,113,
user_00558,prod_00150,view,2026-03-19 11:41:18,sess_4dd9ed87,mobile,122,
user_00784,prod_00020,view,2026-02-21 11:41:18,sess_99a1571d,tablet,89,
user_00637,prod_00170,view,2026-03-27 11:41:18,sess_2b976f34,mobile,106,
user_00699,prod_00001,like,2026-03-09 11:41:18,sess_059b537d,mobile,236,
user_00365,prod_00079,view,2026-01-01 11:41:18,sess_69192129,mobile,171,
user_00366,prod_00202,view,2026-02-03 11:41:18,sess_96150b01,mobile,227,
user_00724,prod_00083,like,2026-01-22 11:41:18,sess_86a12309,desktop,149,
user_00309,prod_00119,cart,2026-03-01 11:41:18,sess_a54f140b,desktop,219,
user_00136,prod_00484,view,2026-03-29 11:41:18,sess_28519560,mobile,255,
user_00392,prod_00392,like,2026-01-31 11:41:18,sess_4c852a42,tablet,130,
user_00622,prod_00226,view,2026-02-25 11:41:18,sess_e6c42e46,tablet,285,
user_00091,prod_00119,view,2026-03-29 11:41:18,sess_2a0ab433,mobile,260,
user_00372,prod_00398,view,2026-02-19 11:41:18,sess_c267d000,mobile,163,
user_00255,prod_00036,view,2026-02-28 11:41:18,sess_63e83c52,tablet,275,
user_00575,prod_00242,view,2026-01-11 11:41:18,sess_e1a36be6,desktop,128,
user_00728,prod_00400,like,2026-01-14 11:41:18,sess_1c9aae6e,desktop,100,
user_00549,prod_00454,view,2026-01-21 11:41:18,sess_95b2c3ff,tablet,277,
user_00782,prod_00398,view,2026-03-02 11:41:18,sess_7592a1c0,tablet,9,
user_00188,prod_00338,view,2026-03-11 11:41:18,sess_6872c600,mobile,30,
user_00845,prod_00147,view,2026-01-19 11:41:18,sess_c47f2e4f,tablet,189,
user_00727,prod_00048,view,2026-02-07 11:41:18,sess_7f3759c6,desktop,281,
user_00941,prod_00245,view,2026-03-13 11:41:18,sess_e8253bfb,mobile,270,
user_00475,prod_00008,view,2026-03-25 11:41:18,sess_95f779c6,tablet,285,
user_00801,prod_00445,view,2026-03-01 11:41:18,sess_7544e97f,tablet,190,
user_00633,prod_00136,view,2026-03-22 11:41:18,sess_ef54bf83,desktop,299,
user_00554,prod_00356,like,2026-01-09 11:41:18,sess_7f69618a,desktop,109,
user_00702,prod_00365,cart,2026-01-02 11:41:18,sess_90fac44c,desktop,226,
user_00790,prod_00095,view,2026-02-06 11:41:18,sess_1ae42782,mobile,191,
user_00682,prod_00252,view,2026-03-01 11:41:18,sess_ef0fc32b,desktop,181,
user_00872,prod_00044,view,2026-02-23 11:41:18,sess_a12aac78,tablet,286,
user_00304,prod_00234,view,2026-02-13 11:41:18,sess_f0d959c3,tablet,140,
user_00947,prod_00449,view,2026-02-01 11:41:18,sess_19c03c5c,mobile,166,
user_00232,prod_00206,view,2026-01-25 11:41:18,sess_3c428b3f,desktop,153,
user_00511,prod_00376,view,2025-12-31 11:41:18,sess_1b54cf25,desktop,162,
user_00005,prod_00312,view,2026-02-09 11:41:18,sess_64acedaa,mobile,83,
user_00652,prod_00260,cart,2026-02-01 11:41:18,sess_88d74bf3,mobile,60,
user_00027,prod_00220,view,2026-03-12 11:41:18,sess_0b540530,mobile,79,
user_00970,prod_00183,view,2026-01-09 11:41:18,sess_093a9765,tablet,13,
user_00064,prod_00397,view,2026-02-20 11:41:18,sess_c49899a4,tablet,164,
user_00397,prod_00352,view,2025-12-31 11:41:18,sess_50cd5a7d,mobile,97,
user_00284,prod_00367,like,2026-03-23 11:41:18,sess_f7e874cd,desktop,47,
user_00256,prod_00403,cart,2026-03-10 11:41:18,sess_5ba80971,tablet,165,
user_00843,prod_00074,view,2026-02-03 11:41:18,sess_31ec5e66,desktop,269,
user_00871,prod_00074,like,2026-02-17 11:41:18,sess_46adbf5c,desktop,237,
user_00422,prod_00363,view,2026-01-02 11:41:18,sess_16a30c06,tablet,208,
user_00230,prod_00231,like,2026-01-14 11:41:18,sess_f011e737,tablet,232,
user_00948,prod_00057,like,2026-03-14 11:41:18,sess_177c6144,desktop,270,
user_00920,prod_00059,view,2026-02-03 11:41:18,sess_d708875e,mobile,116,
user_00490,prod_00323,view,2026-02-02 11:41:18,sess_7c15968c,mobile,215,
user_00786,prod_00397,like,2026-01-23 11:41:18,sess_9d038217,mobile,124,
user_00427,prod_00034,like,2026-02-19 11:41:18,sess_62514e47,mobile,252,
user_00709,prod_00201,view,2026-01-09 11:41:18,sess_3db800de,mobile,280,
user_00159,prod_00487,view,2026-01-09 11:41:18,sess_83fca69a,tablet,169,
user_00728,prod_00316,view,2026-02-23 11:41:18,sess_8a4e610b,mobile,130,
user_00944,prod_00400,view,2026-01-13 11:41:18,sess_669be796,tablet,60,
user_00743,prod_00067,view,2026-03-21 11:41:18,sess_0e3d4e08,desktop,47,
user_00277,prod_00087,like,2026-02-26 11:41:18,sess_11c6a846,desktop,65,
user_00258,prod_00113,view,2026-03-12 11:41:18,sess_cbc6e938,desktop,36,
user_00058,prod_00270,like,2026-03-14 11:41:18,sess_5f3d07dc,mobile,183,
user_00071,prod_00031,view,2026-03-21 11:41:18,sess_be3d16f5,desktop,160,
user_00770,prod_00318,like,2026-02-22 11:41:18,sess_9fa61017,mobile,269,
user_00253,prod_00181,view,2026-02-05 11:41:18,sess_0a92dec5,mobile,233,
user_00494,prod_00332,view,2026-01-28 11:41:18,sess_22531656,desktop,154,
user_00147,prod_00119,cart,2026-01-07 11:41:18,sess_c1907c51,mobile,125,
user_00800,prod_00446,view,2026-03-07 11:41:18,sess_9ad1ecfb,mobile,149,
user_00072,prod_00236,view,2026-03-11 11:41:18,sess_5482bb49,tablet,45,
user_00982,prod_00346,view,2026-03-26 11:41:18,sess_6057f93c,desktop,88,
user_00295,prod_00161,view,2026-03-27 11:41:18,sess_67e7f801,mobile,86,
user_00771,prod_00242,view,2026-03-26 11:41:18,sess_bce50394,tablet,280,
user_00296,prod_00465,view,2026-03-26 11:41:18,sess_771ec27d,tablet,299,
user_00278,prod_00101,view,2026-03-16 11:41:18,sess_4c1506a0,mobile,255,
user_00126,prod_00242,like,2026-02-07 11:41:18,sess_860512b2,tablet,51,
user_00377,prod_00209,view,2026-01-20 11:41:18,sess_1712a311,desktop,144,
user_00686,prod_00198,view,2026-02-22 11:41:18,sess_66434f08,desktop,197,
user_00589,prod_00199,like,2026-01-23 11:41:18,sess_aa6fd51a,desktop,121,
user_00396,prod_00419,like,2026-03-22 11:41:18,sess_c583eb0d,tablet,245,
user_00988,prod_00040,like,2026-03-01 11:41:18,sess_82548d1d,desktop,152,
user_00196,prod_00498,view,2026-03-15 11:41:18,sess_a847990a,mobile,77,
user_00704,prod_00477,like,2026-02-18 11:41:18,sess_13bbf2fb,desktop,250,
user_00905,prod_00451,like,2026-03-28 11:41:18,sess_00056a05,desktop,247,
user_00622,prod_00366,view,2026-03-25 11:41:18,sess_21596d78,tablet,112,
user_00232,prod_00425,view,2026-03-16 11:41:18,sess_729d6c9f,desktop,41,
user_00997,prod_00263,like,2026-02-02 11:41:18,sess_a46fd0d5,mobile,224,
user_00264,prod_00145,view,2026-03-27 11:41:18,sess_50a01ce7,tablet,168,
user_00493,prod_00226,like,2026-03-29 11:41:18,sess_76ed6b9a,desktop,83,
user_00402,prod_00012,view,2026-03-11 11:41:18,sess_8407322e,tablet,217,
user_00221,prod_00178,view,2026-01-18 11:41:18,sess_2d18167b,tablet,177,
user_00110,prod_00227,view,2026-02-21 11:41:18,sess_ca4678c1,mobile,129,
user_00781,prod_00270,view,2026-01-06 11:41:18,sess_dac3f196,mobile,130,
user_00795,prod_00339,view,2026-02-08 11:41:18,sess_d37e3370,mobile,240,
user_00211,prod_00126,like,2026-01-28 11:41:18,sess_75959075,tablet,267,
user_00578,prod_00023,like,2026-03-24 11:41:18,sess_f7a6b2ff,mobile,208,
user_00221,prod_00056,view,2026-01-13 11:41:18,sess_eca29565,tablet,185,
user_00029,prod_00237,view,2026-03-30 11:41:18,sess_1e4e116b,tablet,139,
user_00527,prod_00220,view,2026-01-05 11:41:18,sess_2aa1e6de,desktop,35,
user_00493,prod_00482,like,2026-03-17 11:41:18,sess_359fc33d,mobile,98,
user_00055,prod_00024,view,2026-01-12 11:41:18,sess_a6fd0cab,tablet,274,
user_00617,prod_00071,view,2026-01-18 11:41:18,sess_1bd5c102,desktop,16,
user_00588,prod_00496,view,2026-03-06 11:41:18,sess_377567d4,tablet,271,
user_00858,prod_00329,view,2026-02-26 11:41:18,sess_9bc239e1,desktop,10,
user_00644,prod_00216,view,2026-02-04 11:41:18,sess_1df4fb70,mobile,118,
user_00918,prod_00120,like,2026-03-04 11:41:18,sess_cede3551,tablet,89,
user_00188,prod_00123,view,2026-02-18 11:41:18,sess_19b27481,desktop,259,
user_00140,prod_00239,view,2026-03-14 11:41:18,sess_5d8ee549,tablet,167,
user_00029,prod_00334,like,2026-01-21 11:41:18,sess_d69efc37,desktop,82,
user_00048,prod_00210,view,2026-02-02 11:41:18,sess_58c71ffa,desktop,212,
user_00499,prod_00483,view,2026-01-25 11:41:18,sess_9f71ec12,desktop,67,
user_00195,prod_00438,view,2026-02-26 11:41:18,sess_9365bed5,tablet,112,
user_00618,prod_00255,view,2026-03-25 11:41:18,sess_3f0a62db,desktop,222,
user_00218,prod_00067,view,2026-01-17 11:41:18,sess_236e8644,tablet,197,
user_00363,prod_00225,view,2026-01-14 11:41:18,sess_05705473,mobile,210,
user_00477,prod_00438,view,2026-03-22 11:41:18,sess_b6b14dfd,tablet,258,
user_00940,prod_00184,view,2026-01-22 11:41:18,sess_13c5b9dd,mobile,157,
user_00664,prod_00029,view,2026-01-18 11:41:18,sess_04368e3f,tablet,6,
user_00091,prod_00182,view,2026-03-30 11:41:18,sess_769d3217,mobile,189,
user_00711,prod_00273,view,2026-03-06 11:41:18,sess_b04b0893,desktop,282,
user_00329,prod_00335,like,2026-02-23 11:41:18,sess_ca2f858a,mobile,231,
user_00970,prod_00267,view,2026-02-01 11:41:18,sess_edcc3e7c,desktop,19,
user_00101,prod_00397,view,2026-02-13 11:41:18,sess_3329bb73,desktop,297,
user_00524,prod_00497,like,2026-01-04 11:41:18,sess_8bbddd32,mobile,192,
user_00154,prod_00134,like,2026-02-04 11:41:18,sess_7836b704,mobile,138,
user_00779,prod_00367,view,2026-01-15 11:41:18,sess_666e409f,mobile,137,
user_00759,prod_00411,view,2026-02-28 11:41:18,sess_8aa78bbb,tablet,165,
user_00745,prod_00413,like,2026-03-07 11:41:18,sess_c3c93f80,desktop,162,
user_00912,prod_00404,view,2026-02-19 11:41:18,sess_2948894b,mobile,164,
user_00665,prod_00094,view,2026-01-09 11:41:18,sess_d3e651e5,mobile,85,
user_00964,prod_00080,like,2026-03-02 11:41:18,sess_513a4bb8,tablet,261,
user_00165,prod_00053,view,2026-01-21 11:41:18,sess_516dd093,desktop,287,
user_00812,prod_00178,view,2026-03-25 11:41:18,sess_d9ff314a,mobile,239,
user_00230,prod_00173,view,2026-03-07 11:41:18,sess_1b4dabc8,tablet,185,
user_00870,prod_00460,view,2026-02-20 11:41:18,sess_d36c51a0,desktop,48,
user_00815,prod_00133,view,2026-03-04 11:41:18,sess_c6549d3f,mobile,98,
user_00902,prod_00174,view,2026-01-18 11:41:18,sess_f03468c8,desktop,171,
user_00923,prod_00228,view,2026-03-02 11:41:18,sess_b9810f17,tablet,255,
user_00274,prod_00087,view,2026-02-13 11:41:18,sess_daf416f9,desktop,27,
user_00139,prod_00340,view,2026-02-11 11:41:18,sess_5d9cd762,tablet,61,
user_00273,prod_00389,like,2026-02-12 11:41:18,sess_c4011ce9,tablet,168,
user_00418,prod_00309,view,2026-03-10 11:41:18,sess_8629dfb2,mobile,246,
user_00064,prod_00127,like,2026-01-25 11:41:18,sess_2f9b7785,tablet,109,
user_00486,prod_00100,view,2026-03-24 11:41:18,sess_c21ddbad,mobile,181,
user_00916,prod_00334,view,2026-01-28 11:41:18,sess_426307ae,mobile,244,
user_00290,prod_00368,view,2026-02-20 11:41:18,sess_fe370de6,desktop,284,
user_00507,prod_00274,view,2026-01-16 11:41:18,sess_57fafeac,mobile,282,
user_00870,prod_00146,view,2026-03-28 11:41:18,sess_acc436cd,mobile,90,
user_00351,prod_00413,like,2026-01-30 11:41:18,sess_883d5507,mobile,61,
user_00217,prod_00012,view,2026-03-27 11:41:18,sess_7d1a315e,mobile,236,
user_00778,prod_00425,purchase,2026-02-12 11:41:18,sess_3ea4882a,tablet,124,1.8
user_00698,prod_00130,cart,2026-02-23 11:41:18,sess_750b8051,tablet,240,
user_00557,prod_00376,view,2025-12-30 11:41:18,sess_0f6b3835,desktop,21,
user_00640,prod_00458,view,2026-03-22 11:41:18,sess_ccd20b47,tablet,279,
user_00390,prod_00181,view,2026-03-14 11:41:18,sess_be08a579,tablet,40,
user_00833,prod_00376,view,2026-02-25 11:41:18,sess_3309a6fb,tablet,58,
user_00578,prod_00414,view,2026-03-09 11:41:18,sess_419d2543,mobile,205,
user_00957,prod_00489,view,2026-01-02 11:41:18,sess_1e5db48a,desktop,20,
user_00082,prod_00308,view,2026-01-12 11:41:18,sess_1deb0a3f,tablet,231,
user_00578,prod_00161,like,2026-03-26 11:41:18,sess_ca25224a,mobile,209,
user_00188,prod_00072,purchase,2026-02-01 11:41:18,sess_1a1b5b52,desktop,175,3.4
user_00477,prod_00352,purchase,2026-01-13 11:41:18,sess_518996ba,mobile,106,4.4
user_00805,prod_00420,view,2026-03-28 11:41:18,sess_92d592da,tablet,162,
user_00657,prod_00144,view,2026-01-09 11:41:18,sess_9e97fc5e,mobile,219,
user_00444,prod_00027,view,2026-02-10 11:41:18,sess_00e4c347,desktop,70,
user_00484,prod_00106,like,2026-02-17 11:41:18,sess_34987bcf,tablet,262,
user_00884,prod_00082,cart,2025-12-30 11:41:18,sess_08ce67f7,tablet,279,
user_00460,prod_00405,view,2026-03-11 11:41:18,sess_b5c94935,tablet,154,
user_00701,prod_00131,view,2026-02-08 11:41:18,sess_a5a8bd10,tablet,215,
user_00085,prod_00111,view,2026-02-25 11:41:18,sess_ecbb3e2c,mobile,282,
user_00686,prod_00145,view,2026-03-02 11:41:18,sess_252f573e,mobile,167,
user_00731,prod_00023,like,2026-02-28 11:41:18,sess_cc4e9eea,tablet,129,
user_00961,prod_00311,cart,2026-02-10 11:41:18,sess_a57678f7,desktop,147,
user_00323,prod_00303,cart,2026-03-13 11:41:18,sess_4227ae3f,mobile,300,
user_00688,prod_00162,like,2026-01-08 11:41:18,sess_0f1ac458,desktop,35,
user_00460,prod_00081,view,2026-01-13 11:41:18,sess_38f9bfbb,mobile,102,
user_00652,prod_00341,cart,2026-03-24 11:41:18,sess_dcf06970,desktop,285,
user_00191,prod_00409,view,2026-03-03 11:41:18,sess_34dbba65,tablet,149,
user_00345,prod_00405,view,2026-03-04 11:41:18,sess_7b087644,desktop,298,
user_00480,prod_00264,like,2026-03-11 11:41:18,sess_c3f3f683,mobile,79,
user_00387,prod_00193,like,2026-03-15 11:41:18,sess_e2312451,tablet,216,
user_00178,prod_00004,cart,2026-03-14 11:41:18,sess_a92d7612,desktop,168,
user_00068,prod_00125,like,2026-02-08 11:41:18,sess_1c3d5ed3,mobile,157,
user_00185,prod_00401,view,2026-01-11 11:41:18,sess_d120ed70,desktop,256,
user_00017,prod_00244,view,2026-02-15 11:41:18,sess_e00dd920,desktop,94,
user_00074,prod_00183,view,2026-01-27 11:41:18,sess_0f6d0d5d,desktop,83,
user_00980,prod_00437,view,2026-03-17 11:41:18,sess_5701f9bc,tablet,187,
